-- phpMyAdmin SQL Dump
-- version 4.1.14
-- http://www.phpmyadmin.net
--
-- Host: 127.0.0.1
-- Generation Time: Apr 12, 2017 at 07:40 AM
-- Server version: 5.6.17
-- PHP Version: 5.5.12

SET SQL_MODE = "NO_AUTO_VALUE_ON_ZERO";
SET time_zone = "+00:00";


/*!40101 SET @OLD_CHARACTER_SET_CLIENT=@@CHARACTER_SET_CLIENT */;
/*!40101 SET @OLD_CHARACTER_SET_RESULTS=@@CHARACTER_SET_RESULTS */;
/*!40101 SET @OLD_COLLATION_CONNECTION=@@COLLATION_CONNECTION */;
/*!40101 SET NAMES utf8 */;

--
-- Database: `scouting2017_v2`
--

-- --------------------------------------------------------

--
-- Table structure for table `competitions`
--

CREATE TABLE IF NOT EXISTS `competitions` (
  `id` int(10) unsigned NOT NULL AUTO_INCREMENT,
  `name` varchar(255) NOT NULL,
  `current` tinyint(1) NOT NULL DEFAULT '0',
  `leftSideAlliance` enum('red','blue') DEFAULT NULL,
  PRIMARY KEY (`id`)
) ENGINE=InnoDB  DEFAULT CHARSET=latin1 AUTO_INCREMENT=3 ;

--
-- Dumping data for table `competitions`
--

INSERT INTO `competitions` (`id`, `name`, `current`, `leftSideAlliance`) VALUES
(1, 'Central Illinois Regional', 0, 'blue'),
(2, 'Midwest Regional', 1, 'red');

-- --------------------------------------------------------

--
-- Table structure for table `devices`
--

CREATE TABLE IF NOT EXISTS `devices` (
  `deviceID` varchar(255) NOT NULL,
  PRIMARY KEY (`deviceID`)
) ENGINE=InnoDB DEFAULT CHARSET=latin1;

--
-- Dumping data for table `devices`
--

INSERT INTO `devices` (`deviceID`) VALUES
('16CPzc'),
('d6T3Go'),
('fN08Ew'),
('ivV6h9'),
('m5zUDt'),
('mRLgSQ'),
('nP8twO'),
('oN6MNQ'),
('PPjFZw'),
('PSl2Xk'),
('QJXE2l'),
('QkRM4M'),
('qoMTbl'),
('SCLKpF'),
('SDAeop'),
('StOmio'),
('ViYzSV'),
('VW7MuT'),
('XvLpKS'),
('YaSOt9');

-- --------------------------------------------------------

--
-- Table structure for table `knex_migrations`
--

CREATE TABLE IF NOT EXISTS `knex_migrations` (
  `id` int(10) unsigned NOT NULL AUTO_INCREMENT,
  `name` varchar(255) DEFAULT NULL,
  `batch` int(11) DEFAULT NULL,
  `migration_time` timestamp NULL DEFAULT NULL,
  PRIMARY KEY (`id`)
) ENGINE=InnoDB  DEFAULT CHARSET=latin1 AUTO_INCREMENT=5 ;

--
-- Dumping data for table `knex_migrations`
--

INSERT INTO `knex_migrations` (`id`, `name`, `batch`, `migration_time`) VALUES
(1, '20170223174703_createSchema.js', 1, '2017-02-24 01:06:01'),
(4, '20170228131345_addFields.js', 2, '2017-02-28 19:40:47');

-- --------------------------------------------------------

--
-- Table structure for table `knex_migrations_lock`
--

CREATE TABLE IF NOT EXISTS `knex_migrations_lock` (
  `is_locked` int(11) DEFAULT NULL
) ENGINE=InnoDB DEFAULT CHARSET=latin1;

--
-- Dumping data for table `knex_migrations_lock`
--

INSERT INTO `knex_migrations_lock` (`is_locked`) VALUES
(0);

-- --------------------------------------------------------

--
-- Table structure for table `matchautos`
--

CREATE TABLE IF NOT EXISTS `matchautos` (
  `id` int(10) unsigned NOT NULL AUTO_INCREMENT,
  `teamMatchID` int(10) unsigned NOT NULL,
  `crossedLine` tinyint(1) NOT NULL,
  PRIMARY KEY (`id`),
  UNIQUE KEY `matchautos_teammatchid_unique` (`teamMatchID`)
) ENGINE=InnoDB  DEFAULT CHARSET=latin1 AUTO_INCREMENT=475 ;

--
-- Dumping data for table `matchautos`
--

INSERT INTO `matchautos` (`id`, `teamMatchID`, `crossedLine`) VALUES
(1, 161, 1),
(2, 241, 1),
(3, 401, 1),
(4, 81, 1),
(5, 321, 1),
(6, 1, 1),
(7, 82, 1),
(8, 402, 1),
(9, 162, 1),
(10, 322, 1),
(11, 2, 1),
(12, 242, 1),
(13, 163, 1),
(14, 3, 1),
(15, 83, 0),
(16, 323, 1),
(17, 403, 1),
(18, 243, 1),
(19, 404, 0),
(20, 84, 1),
(21, 244, 0),
(22, 4, 1),
(23, 164, 0),
(24, 325, 1),
(25, 85, 0),
(26, 5, 1),
(27, 405, 1),
(28, 245, 1),
(29, 165, 1),
(30, 326, 1),
(31, 6, 0),
(32, 406, 1),
(33, 166, 1),
(34, 246, 1),
(35, 86, 1),
(36, 7, 1),
(37, 87, 1),
(38, 247, 0),
(39, 167, 1),
(40, 327, 1),
(41, 407, 1),
(42, 8, 1),
(43, 248, 1),
(44, 408, 1),
(45, 168, 1),
(46, 88, 1),
(47, 409, 1),
(48, 169, 1),
(49, 9, 1),
(50, 249, 1),
(51, 89, 1),
(52, 329, 1),
(53, 90, 0),
(54, 10, 1),
(55, 330, 1),
(56, 250, 1),
(57, 410, 1),
(58, 170, 1),
(59, 11, 1),
(60, 411, 1),
(61, 171, 1),
(62, 331, 0),
(63, 91, 1),
(64, 251, 1),
(65, 12, 0),
(66, 252, 1),
(67, 332, 1),
(68, 92, 1),
(69, 172, 1),
(70, 412, 1),
(71, 173, 1),
(72, 13, 1),
(73, 253, 1),
(74, 333, 1),
(75, 93, 0),
(76, 413, 1),
(77, 414, 1),
(78, 14, 1),
(79, 334, 1),
(80, 174, 0),
(81, 94, 0),
(82, 254, 0),
(83, 415, 1),
(84, 95, 1),
(85, 255, 0),
(86, 15, 1),
(87, 175, 1),
(88, 335, 1),
(89, 416, 0),
(90, 96, 1),
(91, 256, 1),
(92, 16, 1),
(93, 336, 1),
(94, 176, 1),
(95, 337, 1),
(96, 417, 1),
(97, 177, 1),
(98, 257, 1),
(99, 97, 1),
(100, 17, 0),
(101, 18, 1),
(102, 418, 0),
(103, 258, 1),
(104, 338, 1),
(105, 98, 1),
(106, 419, 1),
(107, 19, 1),
(108, 339, 1),
(109, 99, 1),
(110, 21, 0),
(111, 261, 1),
(112, 181, 1),
(113, 101, 1),
(114, 420, 1),
(115, 180, 1),
(116, 260, 1),
(117, 178, 1),
(118, 20, 1),
(119, 421, 1),
(120, 182, 1),
(121, 422, 1),
(122, 262, 1),
(123, 22, 0),
(124, 342, 1),
(125, 102, 1),
(126, 179, 1),
(127, 103, 0),
(128, 23, 1),
(129, 343, 1),
(130, 263, 1),
(131, 423, 1),
(132, 183, 1),
(133, 340, 0),
(134, 184, 1),
(135, 104, 1),
(136, 344, 1),
(137, 424, 1),
(138, 24, 1),
(139, 264, 1),
(140, 341, 1),
(141, 345, 1),
(142, 25, 0),
(143, 185, 1),
(144, 425, 1),
(145, 105, 1),
(146, 265, 1),
(147, 26, 1),
(148, 106, 1),
(149, 426, 1),
(150, 186, 1),
(151, 266, 1),
(152, 346, 1),
(153, 107, 1),
(154, 347, 1),
(155, 267, 1),
(156, 27, 1),
(157, 187, 0),
(159, 427, 1),
(160, 28, 1),
(161, 348, 1),
(162, 428, 1),
(163, 268, 0),
(164, 188, 1),
(165, 108, 1),
(166, 269, 1),
(167, 349, 1),
(168, 109, 1),
(169, 429, 1),
(170, 29, 1),
(171, 189, 1),
(172, 30, 1),
(173, 350, 1),
(174, 430, 1),
(175, 190, 1),
(176, 270, 1),
(177, 110, 1),
(178, 431, 1),
(179, 111, 1),
(180, 351, 1),
(181, 31, 1),
(182, 191, 1),
(183, 271, 1),
(184, 112, 1),
(185, 192, 1),
(186, 432, 1),
(187, 352, 1),
(188, 32, 1),
(189, 33, 1),
(190, 433, 1),
(191, 193, 1),
(192, 113, 1),
(193, 273, 1),
(194, 353, 1),
(195, 114, 1),
(196, 274, 1),
(197, 434, 1),
(198, 34, 1),
(199, 194, 1),
(200, 354, 1),
(201, 355, 1),
(202, 35, 1),
(203, 195, 1),
(204, 435, 0),
(205, 275, 1),
(206, 115, 0),
(207, 356, 1),
(208, 36, 1),
(209, 276, 1),
(210, 436, 1),
(211, 196, 1),
(212, 116, 0),
(213, 117, 1),
(214, 197, 1),
(215, 357, 1),
(216, 277, 1),
(217, 437, 1),
(218, 37, 1),
(219, 38, 1),
(220, 118, 1),
(221, 278, 1),
(222, 198, 1),
(223, 358, 0),
(224, 438, 1),
(225, 119, 1),
(226, 199, 1),
(227, 279, 1),
(228, 39, 1),
(229, 439, 1),
(230, 359, 1),
(231, 440, 1),
(232, 280, 1),
(233, 120, 0),
(234, 360, 1),
(235, 40, 1),
(236, 200, 1),
(237, 281, 0),
(238, 41, 1),
(239, 201, 1),
(240, 121, 1),
(241, 361, 1),
(242, 441, 1),
(243, 362, 1),
(244, 202, 1),
(245, 42, 1),
(246, 122, 0),
(247, 282, 1),
(248, 442, 1),
(249, 123, 1),
(250, 283, 1),
(251, 443, 1),
(252, 203, 1),
(253, 363, 0),
(254, 43, 1),
(255, 444, 0),
(256, 364, 1),
(257, 44, 0),
(258, 284, 1),
(259, 204, 1),
(260, 124, 1),
(261, 125, 1),
(262, 45, 0),
(263, 365, 1),
(264, 445, 1),
(265, 205, 1),
(266, 285, 0),
(267, 446, 1),
(268, 46, 1),
(269, 126, 1),
(270, 366, 1),
(271, 286, 1),
(272, 206, 0),
(273, 287, 1),
(274, 207, 1),
(275, 127, 1),
(276, 447, 0),
(277, 367, 1),
(278, 47, 0),
(279, 208, 1),
(280, 128, 1),
(281, 288, 1),
(282, 368, 1),
(283, 448, 0),
(284, 48, 1),
(285, 129, 1),
(286, 49, 1),
(287, 289, 1),
(288, 209, 1),
(289, 449, 1),
(290, 369, 0),
(291, 290, 0),
(292, 130, 1),
(293, 370, 1),
(294, 450, 1),
(295, 50, 1),
(296, 210, 1),
(297, 451, 0),
(298, 51, 1),
(299, 211, 1),
(300, 131, 1),
(301, 371, 1),
(302, 291, 0),
(303, 132, 0),
(304, 452, 1),
(305, 212, 1),
(306, 52, 1),
(307, 372, 1),
(308, 292, 0),
(309, 453, 1),
(310, 213, 1),
(311, 133, 1),
(312, 53, 1),
(313, 373, 1),
(314, 293, 1),
(315, 454, 1),
(316, 294, 1),
(317, 134, 1),
(318, 374, 1),
(319, 54, 1),
(320, 214, 1),
(321, 455, 1),
(322, 215, 1),
(323, 55, 1),
(324, 135, 1),
(325, 375, 0),
(326, 295, 0),
(327, 456, 1),
(328, 56, 0),
(329, 376, 1),
(330, 296, 0),
(331, 136, 1),
(332, 216, 1),
(333, 297, 1),
(334, 377, 1),
(335, 137, 1),
(336, 457, 1),
(337, 57, 1),
(338, 217, 1),
(339, 138, 1),
(340, 218, 1),
(341, 58, 1),
(342, 458, 1),
(343, 378, 1),
(344, 298, 0),
(345, 299, 0),
(346, 59, 0),
(347, 459, 1),
(348, 379, 1),
(349, 219, 1),
(350, 139, 1),
(351, 220, 0),
(352, 140, 1),
(353, 60, 0),
(354, 460, 1),
(355, 380, 1),
(356, 300, 1),
(357, 461, 1),
(358, 221, 1),
(359, 141, 1),
(360, 381, 1),
(361, 61, 1),
(362, 301, 1),
(363, 462, 1),
(364, 382, 0),
(365, 302, 1),
(366, 222, 1),
(367, 142, 1),
(368, 62, 1),
(369, 63, 1),
(370, 303, 1),
(371, 463, 0),
(372, 143, 1),
(373, 223, 1),
(374, 383, 1),
(375, 384, 1),
(376, 464, 1),
(377, 144, 1),
(378, 304, 1),
(379, 64, 1),
(380, 224, 1),
(381, 305, 0),
(382, 225, 1),
(383, 145, 1),
(384, 65, 1),
(385, 385, 0),
(386, 465, 0),
(387, 386, 1),
(388, 226, 1),
(389, 66, 1),
(390, 466, 1),
(391, 146, 1),
(392, 306, 1),
(393, 67, 1),
(394, 147, 1),
(395, 467, 1),
(396, 227, 0),
(397, 387, 1),
(398, 307, 1),
(399, 388, 1),
(400, 148, 1),
(401, 68, 1),
(402, 468, 1),
(403, 308, 1),
(404, 228, 1),
(405, 309, 1),
(406, 149, 1),
(407, 69, 1),
(408, 469, 0),
(409, 389, 1),
(410, 229, 1),
(411, 470, 1),
(412, 70, 0),
(413, 390, 1),
(414, 230, 1),
(415, 310, 0),
(416, 150, 1),
(417, 71, 1),
(418, 231, 1),
(419, 391, 1),
(420, 151, 1),
(421, 471, 1),
(422, 311, 1),
(423, 472, 0),
(424, 232, 1),
(425, 152, 0),
(426, 72, 1),
(427, 392, 1),
(428, 393, 0),
(429, 473, 1),
(430, 73, 1),
(431, 233, 1),
(432, 153, 1),
(433, 74, 1),
(434, 394, 1),
(435, 474, 1),
(436, 314, 1),
(437, 234, 0),
(438, 154, 1),
(439, 235, 1),
(440, 155, 1),
(441, 315, 1),
(442, 75, 1),
(443, 395, 1),
(444, 475, 1),
(445, 76, 1),
(446, 156, 1),
(447, 396, 1),
(448, 236, 1),
(449, 476, 1),
(450, 316, 1),
(451, 317, 0),
(452, 397, 1),
(453, 477, 1),
(454, 77, 1),
(455, 157, 1),
(456, 237, 1),
(457, 478, 1),
(458, 78, 1),
(459, 158, 0),
(460, 318, 1),
(461, 398, 1),
(462, 238, 1),
(463, 319, 1),
(464, 239, 1),
(465, 399, 1),
(466, 479, 1),
(467, 159, 1),
(468, 79, 1),
(469, 240, 1),
(470, 400, 1),
(471, 320, 1),
(472, 160, 1),
(473, 80, 1),
(474, 480, 1);

-- --------------------------------------------------------

--
-- Table structure for table `matchballfeeds`
--

CREATE TABLE IF NOT EXISTS `matchballfeeds` (
  `id` int(10) unsigned NOT NULL AUTO_INCREMENT,
  `teamMatchID` int(10) unsigned NOT NULL,
  `orderID` int(10) unsigned DEFAULT NULL,
  `mode` enum('auto','tele') NOT NULL,
  `delta` int(11) NOT NULL,
  `location` enum('overflow','returnFar','returnClose','boilerSideClose','boilerSideMiddle','boilerSideFar','loadingSideClose','loadingSideFar','ground') NOT NULL,
  PRIMARY KEY (`id`),
  UNIQUE KEY `matchballfeeds_teammatchid_orderid_unique` (`teamMatchID`,`orderID`,`mode`)
) ENGINE=InnoDB  DEFAULT CHARSET=latin1 AUTO_INCREMENT=179 ;

--
-- Dumping data for table `matchballfeeds`
--

INSERT INTO `matchballfeeds` (`id`, `teamMatchID`, `orderID`, `mode`, `delta`, `location`) VALUES
(1, 401, 3, 'tele', 3, 'loadingSideClose'),
(2, 162, NULL, 'auto', 4, 'ground'),
(3, 403, NULL, 'tele', 15, 'ground'),
(4, 403, NULL, 'tele', 8, 'ground'),
(5, 403, 3, 'tele', 15, 'boilerSideClose'),
(6, 243, NULL, 'tele', 20, 'ground'),
(7, 84, 8, 'tele', 15, 'loadingSideClose'),
(8, 85, NULL, 'auto', 10, 'ground'),
(9, 245, NULL, 'tele', 50, 'ground'),
(10, 166, NULL, 'auto', 20, 'ground'),
(11, 166, 1, 'tele', 10, 'boilerSideMiddle'),
(12, 327, 1, 'tele', 50, 'loadingSideClose'),
(13, 407, NULL, 'auto', 35, 'ground'),
(14, 407, 4, 'tele', 35, 'returnClose'),
(15, 88, 8, 'tele', 35, 'loadingSideClose'),
(16, 89, 1, 'auto', 20, 'boilerSideClose'),
(17, 250, NULL, 'tele', 5, 'ground'),
(18, 410, NULL, 'auto', 10, 'ground'),
(19, 331, NULL, 'auto', 10, 'ground'),
(20, 331, NULL, 'tele', 20, 'ground'),
(21, 331, 7, 'tele', 25, 'boilerSideMiddle'),
(22, 91, 1, 'tele', 15, 'loadingSideClose'),
(23, 412, 1, 'auto', 40, 'boilerSideClose'),
(24, 412, 1, 'tele', 30, 'loadingSideFar'),
(25, 412, NULL, 'tele', 20, 'ground'),
(26, 412, 4, 'tele', 10, 'loadingSideFar'),
(27, 412, NULL, 'tele', 5, 'ground'),
(28, 412, NULL, 'tele', 27, 'ground'),
(29, 412, 5, 'tele', 49, 'loadingSideClose'),
(30, 333, NULL, 'auto', 10, 'ground'),
(31, 413, 3, 'tele', 15, 'boilerSideClose'),
(32, 334, NULL, 'auto', 10, 'ground'),
(33, 334, NULL, 'tele', 50, 'ground'),
(34, 334, 3, 'tele', 50, 'boilerSideClose'),
(35, 175, NULL, 'auto', 14, 'ground'),
(36, 99, NULL, 'auto', 17, 'ground'),
(37, 99, NULL, 'tele', 18, 'ground'),
(38, 420, NULL, 'tele', 50, 'ground'),
(39, 180, NULL, 'tele', 50, 'ground'),
(40, 180, NULL, 'tele', 30, 'ground'),
(41, 260, 1, 'auto', 0, 'boilerSideClose'),
(42, 260, 1, 'tele', 45, 'returnFar'),
(43, 20, NULL, 'auto', 10, 'ground'),
(44, 102, NULL, 'auto', 10, 'ground'),
(45, 102, NULL, 'tele', 50, 'ground'),
(46, 264, 6, 'tele', 50, 'boilerSideClose'),
(47, 345, NULL, 'auto', 10, 'ground'),
(48, 27, NULL, 'auto', 10, 'ground'),
(49, 427, NULL, 'auto', 10, 'ground'),
(50, 427, NULL, 'tele', 30, 'ground'),
(51, 428, NULL, 'tele', 15, 'ground'),
(52, 349, 1, 'auto', 40, 'boilerSideClose'),
(53, 349, 1, 'tele', 45, 'boilerSideMiddle'),
(54, 349, 3, 'tele', 45, 'loadingSideFar'),
(55, 29, 1, 'tele', 3, 'loadingSideClose'),
(56, 29, 2, 'tele', 0, 'loadingSideFar'),
(57, 271, NULL, 'tele', 25, 'ground'),
(58, 192, NULL, 'auto', 10, 'ground'),
(59, 432, 1, 'auto', 60, 'boilerSideClose'),
(60, 352, NULL, 'tele', 10, 'ground'),
(61, 352, NULL, 'tele', 30, 'ground'),
(62, 33, 1, 'auto', 30, 'boilerSideClose'),
(63, 353, NULL, 'auto', 9, 'ground'),
(64, 114, NULL, 'auto', 10, 'ground'),
(65, 114, 6, 'tele', 0, 'loadingSideClose'),
(66, 275, NULL, 'auto', 10, 'ground'),
(67, 196, NULL, 'tele', 36, 'ground'),
(68, 116, 1, 'auto', 45, 'boilerSideClose'),
(69, 116, NULL, 'auto', 5, 'ground'),
(70, 116, NULL, 'tele', 35, 'ground'),
(71, 116, 2, 'tele', 30, 'boilerSideFar'),
(72, 116, 4, 'tele', 50, 'boilerSideMiddle'),
(73, 437, NULL, 'tele', 53, 'ground'),
(74, 37, 4, 'tele', 50, 'loadingSideFar'),
(75, 38, NULL, 'auto', 26, 'ground'),
(76, 38, NULL, 'tele', 9, 'ground'),
(77, 438, NULL, 'auto', 10, 'ground'),
(78, 40, 1, 'tele', 30, 'boilerSideClose'),
(79, 40, 3, 'tele', 40, 'boilerSideMiddle'),
(80, 40, 5, 'tele', 40, 'loadingSideClose'),
(81, 281, NULL, 'auto', 6, 'ground'),
(82, 202, NULL, 'auto', 10, 'ground'),
(83, 283, NULL, 'auto', 10, 'ground'),
(84, 363, NULL, 'auto', 19, 'ground'),
(85, 43, NULL, 'auto', 10, 'ground'),
(86, 44, NULL, 'auto', 10, 'ground'),
(87, 125, 5, 'tele', 20, 'boilerSideClose'),
(88, 45, NULL, 'auto', 10, 'ground'),
(89, 285, NULL, 'auto', 10, 'ground'),
(90, 127, 5, 'tele', 30, 'loadingSideClose'),
(91, 447, 3, 'tele', 0, 'boilerSideClose'),
(92, 47, NULL, 'auto', 10, 'ground'),
(93, 47, NULL, 'tele', 25, 'ground'),
(94, 14, 1, 'tele', 50, 'loadingSideClose'),
(95, 361, NULL, 'auto', 50, 'ground'),
(96, 49, NULL, 'auto', 47, 'ground'),
(97, 49, 3, 'tele', 40, 'returnClose'),
(98, 49, 5, 'tele', 50, 'returnClose'),
(99, 290, NULL, 'auto', 10, 'ground'),
(100, 290, 2, 'tele', 30, 'boilerSideFar'),
(101, 290, 4, 'tele', 20, 'returnFar'),
(102, 50, NULL, 'auto', 10, 'ground'),
(103, 210, NULL, 'auto', 24, 'ground'),
(104, 132, NULL, 'auto', 9, 'ground'),
(105, 372, 3, 'tele', 40, 'loadingSideFar'),
(106, 372, NULL, 'tele', 5, 'ground'),
(107, 292, NULL, 'auto', 10, 'ground'),
(108, 374, 1, 'auto', 40, 'boilerSideClose'),
(109, 374, 1, 'tele', 15, 'boilerSideMiddle'),
(110, 374, NULL, 'tele', 30, 'ground'),
(111, 374, NULL, 'tele', 15, 'ground'),
(112, 214, NULL, 'auto', 10, 'ground'),
(113, 295, NULL, 'tele', 10, 'ground'),
(114, 216, NULL, 'auto', 10, 'ground'),
(115, 457, NULL, 'auto', 10, 'ground'),
(116, 218, 2, 'tele', 1, 'boilerSideClose'),
(117, 378, 1, 'tele', 0, 'loadingSideClose'),
(118, 298, 1, 'tele', 30, 'boilerSideClose'),
(119, 298, NULL, 'tele', 20, 'ground'),
(120, 298, NULL, 'tele', 20, 'ground'),
(121, 298, NULL, 'tele', 15, 'ground'),
(122, 141, 1, 'auto', 10, 'loadingSideClose'),
(123, 381, 1, 'tele', 30, 'loadingSideFar'),
(124, 303, 1, 'auto', 20, 'boilerSideClose'),
(125, 464, 1, 'auto', 8, 'boilerSideClose'),
(126, 464, NULL, 'tele', 12, 'ground'),
(127, 464, NULL, 'tele', 40, 'ground'),
(128, 224, NULL, 'auto', 10, 'ground'),
(129, 225, 1, 'auto', 50, 'boilerSideClose'),
(130, 145, 1, 'auto', 30, 'boilerSideClose'),
(131, 145, NULL, 'auto', 10, 'ground'),
(132, 385, 6, 'tele', 7, 'boilerSideMiddle'),
(133, 385, NULL, 'tele', 8, 'ground'),
(134, 226, 1, 'tele', 30, 'boilerSideClose'),
(135, 226, 2, 'tele', 30, 'boilerSideMiddle'),
(136, 146, NULL, 'tele', 19, 'ground'),
(137, 306, 1, 'auto', 50, 'boilerSideClose'),
(138, 306, 1, 'tele', 50, 'boilerSideMiddle'),
(139, 306, 3, 'tele', 50, 'loadingSideClose'),
(140, 228, NULL, 'auto', 30, 'ground'),
(141, 228, NULL, 'tele', 15, 'ground'),
(142, 228, NULL, 'tele', 25, 'ground'),
(143, 228, NULL, 'tele', 20, 'ground'),
(144, 228, 2, 'tele', 25, 'boilerSideMiddle'),
(145, 469, NULL, 'auto', 10, 'ground'),
(146, 229, NULL, 'auto', 10, 'ground'),
(147, 150, NULL, 'auto', 10, 'ground'),
(148, 150, NULL, 'tele', 5, 'ground'),
(149, 150, NULL, 'tele', 30, 'ground'),
(150, 150, 2, 'tele', 25, 'returnClose'),
(151, 150, NULL, 'tele', 5, 'ground'),
(152, 150, 5, 'tele', 20, 'boilerSideMiddle'),
(153, 471, 1, 'tele', 15, 'boilerSideClose'),
(154, 471, NULL, 'tele', 5, 'ground'),
(155, 471, NULL, 'tele', 20, 'ground'),
(156, 311, 1, 'tele', 10, 'boilerSideMiddle'),
(157, 311, NULL, 'tele', 30, 'ground'),
(158, 311, NULL, 'tele', 10, 'ground'),
(159, 311, 3, 'tele', 20, 'boilerSideFar'),
(160, 233, NULL, 'tele', 20, 'ground'),
(161, 154, NULL, 'auto', 10, 'ground'),
(162, 154, NULL, 'tele', 6, 'ground'),
(163, 154, NULL, 'tele', 20, 'ground'),
(164, 155, 4, 'tele', 3, 'loadingSideClose'),
(165, 316, 1, 'auto', 40, 'boilerSideClose'),
(166, 316, 4, 'tele', 50, 'returnClose'),
(167, 397, NULL, 'auto', 10, 'ground'),
(168, 397, NULL, 'tele', 20, 'ground'),
(169, 397, 2, 'tele', 10, 'returnFar'),
(170, 237, 7, 'tele', 50, 'boilerSideClose'),
(171, 318, NULL, 'auto', 10, 'ground'),
(172, 318, 1, 'tele', 40, 'boilerSideClose'),
(173, 318, 3, 'tele', 30, 'boilerSideMiddle'),
(174, 318, 5, 'tele', 40, 'boilerSideFar'),
(175, 398, NULL, 'tele', 29, 'ground'),
(176, 238, NULL, 'auto', 10, 'ground'),
(177, 79, 3, 'tele', 40, 'boilerSideClose'),
(178, 480, NULL, 'auto', 14, 'ground');

-- --------------------------------------------------------

--
-- Table structure for table `matchballfeeds_preprocess`
--

CREATE TABLE IF NOT EXISTS `matchballfeeds_preprocess` (
  `id` int(10) unsigned NOT NULL AUTO_INCREMENT,
  `teamMatchID` int(10) unsigned NOT NULL,
  `orderID` int(10) unsigned NOT NULL,
  `mode` enum('auto','tele') NOT NULL,
  `before` decimal(8,2) DEFAULT NULL,
  `after` decimal(8,2) DEFAULT NULL,
  `location` enum('overflow','returnFar','returnClose','boilerSideClose','boilerSideMiddle','boilerSideFar','loadingSideClose','loadingSideFar') NOT NULL,
  `count` int(11) DEFAULT NULL,
  `inputMethod` enum('percent','count') NOT NULL,
  PRIMARY KEY (`id`),
  UNIQUE KEY `matchballfeeds_preprocess_teammatchid_orderid_unique` (`teamMatchID`,`orderID`,`mode`)
) ENGINE=InnoDB  DEFAULT CHARSET=latin1 AUTO_INCREMENT=76 ;

--
-- Dumping data for table `matchballfeeds_preprocess`
--

INSERT INTO `matchballfeeds_preprocess` (`id`, `teamMatchID`, `orderID`, `mode`, `before`, `after`, `location`, `count`, `inputMethod`) VALUES
(1, 401, 3, 'tele', NULL, NULL, 'loadingSideClose', 3, 'count'),
(2, 403, 3, 'tele', NULL, NULL, 'boilerSideClose', 15, 'count'),
(3, 84, 8, 'tele', NULL, NULL, 'loadingSideClose', 15, 'count'),
(4, 166, 1, 'tele', NULL, NULL, 'boilerSideMiddle', 10, 'count'),
(5, 327, 1, 'tele', NULL, NULL, 'loadingSideClose', 50, 'count'),
(6, 407, 4, 'tele', NULL, NULL, 'returnClose', 35, 'count'),
(7, 88, 8, 'tele', NULL, NULL, 'loadingSideClose', 35, 'count'),
(8, 89, 1, 'auto', NULL, NULL, 'boilerSideClose', 20, 'count'),
(9, 331, 7, 'tele', NULL, NULL, 'boilerSideMiddle', 25, 'count'),
(10, 91, 1, 'tele', NULL, NULL, 'loadingSideClose', 15, 'count'),
(11, 412, 1, 'auto', NULL, NULL, 'boilerSideClose', 40, 'count'),
(12, 412, 5, 'tele', NULL, NULL, 'loadingSideClose', 49, 'count'),
(13, 412, 4, 'tele', NULL, NULL, 'loadingSideFar', 10, 'count'),
(14, 412, 1, 'tele', NULL, NULL, 'loadingSideFar', 30, 'count'),
(15, 413, 3, 'tele', NULL, NULL, 'boilerSideClose', 15, 'count'),
(16, 14, 1, 'tele', NULL, NULL, 'loadingSideClose', 50, 'count'),
(17, 334, 3, 'tele', NULL, NULL, 'boilerSideClose', 50, 'count'),
(18, 260, 1, 'auto', NULL, NULL, 'boilerSideClose', 0, 'count'),
(19, 260, 1, 'tele', '0.00', '100.00', 'returnFar', NULL, 'percent'),
(20, 264, 6, 'tele', '0.00', '50.00', 'boilerSideClose', NULL, 'percent'),
(21, 349, 1, 'auto', NULL, NULL, 'boilerSideClose', 40, 'count'),
(22, 349, 3, 'tele', NULL, NULL, 'loadingSideFar', 45, 'count'),
(23, 349, 1, 'tele', NULL, NULL, 'boilerSideMiddle', 45, 'count'),
(24, 29, 2, 'tele', NULL, NULL, 'loadingSideFar', 0, 'count'),
(25, 29, 1, 'tele', NULL, NULL, 'loadingSideClose', 3, 'count'),
(26, 432, 1, 'auto', '0.00', '100.00', 'boilerSideClose', NULL, 'percent'),
(27, 33, 1, 'auto', NULL, NULL, 'boilerSideClose', 30, 'count'),
(28, 114, 6, 'tele', NULL, NULL, 'loadingSideClose', 0, 'count'),
(29, 116, 1, 'auto', NULL, NULL, 'boilerSideClose', 45, 'count'),
(30, 116, 4, 'tele', NULL, NULL, 'boilerSideMiddle', 50, 'count'),
(31, 116, 2, 'tele', NULL, NULL, 'boilerSideFar', 30, 'count'),
(32, 37, 4, 'tele', NULL, NULL, 'loadingSideFar', 50, 'count'),
(33, 40, 5, 'tele', NULL, NULL, 'loadingSideClose', 40, 'count'),
(34, 40, 3, 'tele', NULL, NULL, 'boilerSideMiddle', 40, 'count'),
(35, 40, 1, 'tele', NULL, NULL, 'boilerSideClose', 30, 'count'),
(36, 125, 5, 'tele', NULL, NULL, 'boilerSideClose', 20, 'count'),
(37, 127, 5, 'tele', NULL, NULL, 'loadingSideClose', 30, 'count'),
(38, 447, 3, 'tele', NULL, NULL, 'boilerSideClose', 0, 'count'),
(39, 49, 5, 'tele', NULL, NULL, 'returnClose', 50, 'count'),
(40, 49, 3, 'tele', NULL, NULL, 'returnClose', 40, 'count'),
(41, 290, 4, 'tele', NULL, NULL, 'returnFar', 20, 'count'),
(42, 290, 2, 'tele', NULL, NULL, 'boilerSideFar', 30, 'count'),
(43, 372, 3, 'tele', NULL, NULL, 'loadingSideFar', 40, 'count'),
(44, 374, 1, 'auto', NULL, NULL, 'boilerSideClose', 40, 'count'),
(45, 374, 1, 'tele', NULL, NULL, 'boilerSideMiddle', 15, 'count'),
(46, 218, 2, 'tele', NULL, NULL, 'boilerSideClose', 1, 'count'),
(47, 378, 1, 'tele', NULL, NULL, 'loadingSideClose', 5, 'count'),
(48, 298, 1, 'tele', NULL, NULL, 'boilerSideClose', 30, 'count'),
(49, 141, 1, 'auto', NULL, NULL, 'loadingSideClose', 10, 'count'),
(50, 381, 1, 'tele', NULL, NULL, 'loadingSideFar', 30, 'count'),
(51, 303, 1, 'auto', NULL, NULL, 'boilerSideClose', 20, 'count'),
(52, 464, 1, 'auto', NULL, NULL, 'boilerSideClose', 8, 'count'),
(53, 225, 1, 'auto', NULL, NULL, 'boilerSideClose', 50, 'count'),
(54, 145, 1, 'auto', NULL, NULL, 'boilerSideClose', 30, 'count'),
(55, 385, 6, 'tele', NULL, NULL, 'boilerSideMiddle', 7, 'count'),
(56, 226, 2, 'tele', NULL, NULL, 'boilerSideMiddle', 30, 'count'),
(57, 226, 1, 'tele', NULL, NULL, 'boilerSideClose', 30, 'count'),
(58, 306, 1, 'auto', NULL, NULL, 'boilerSideClose', 50, 'count'),
(59, 306, 3, 'tele', NULL, NULL, 'loadingSideClose', 50, 'count'),
(60, 306, 1, 'tele', NULL, NULL, 'boilerSideMiddle', 50, 'count'),
(61, 228, 2, 'tele', NULL, NULL, 'boilerSideMiddle', 25, 'count'),
(62, 150, 5, 'tele', NULL, NULL, 'boilerSideMiddle', 20, 'count'),
(63, 150, 2, 'tele', NULL, NULL, 'returnClose', 25, 'count'),
(64, 471, 1, 'tele', NULL, NULL, 'boilerSideClose', 15, 'count'),
(65, 311, 3, 'tele', NULL, NULL, 'boilerSideFar', 20, 'count'),
(66, 311, 1, 'tele', NULL, NULL, 'boilerSideMiddle', 10, 'count'),
(67, 155, 4, 'tele', NULL, NULL, 'loadingSideClose', 3, 'count'),
(68, 316, 1, 'auto', NULL, NULL, 'boilerSideClose', 40, 'count'),
(69, 316, 4, 'tele', NULL, NULL, 'returnClose', 50, 'count'),
(70, 397, 2, 'tele', NULL, NULL, 'returnFar', 10, 'count'),
(71, 237, 7, 'tele', NULL, NULL, 'boilerSideClose', 50, 'count'),
(72, 318, 5, 'tele', NULL, NULL, 'boilerSideFar', 40, 'count'),
(73, 318, 3, 'tele', NULL, NULL, 'boilerSideMiddle', 30, 'count'),
(74, 318, 1, 'tele', NULL, NULL, 'boilerSideClose', 40, 'count'),
(75, 79, 3, 'tele', NULL, NULL, 'boilerSideClose', 40, 'count');

-- --------------------------------------------------------

--
-- Table structure for table `matchclimbs`
--

CREATE TABLE IF NOT EXISTS `matchclimbs` (
  `id` int(10) unsigned NOT NULL AUTO_INCREMENT,
  `teamMatchID` int(10) unsigned NOT NULL,
  `touchpad` tinyint(1) NOT NULL,
  `duration` decimal(8,2) NOT NULL,
  PRIMARY KEY (`id`),
  UNIQUE KEY `matchclimbs_teammatchid_orderid_unique` (`teamMatchID`)
) ENGINE=InnoDB  DEFAULT CHARSET=latin1 AUTO_INCREMENT=405 ;

--
-- Dumping data for table `matchclimbs`
--

INSERT INTO `matchclimbs` (`id`, `teamMatchID`, `touchpad`, `duration`) VALUES
(1, 161, 1, '6.00'),
(2, 241, 1, '10.00'),
(3, 81, 0, '11.00'),
(4, 1, 1, '6.00'),
(5, 402, 1, '9.00'),
(6, 162, 1, '8.00'),
(7, 322, 1, '11.00'),
(8, 2, 1, '6.00'),
(9, 242, 0, '18.00'),
(10, 163, 1, '14.00'),
(11, 3, 1, '7.00'),
(12, 323, 0, '24.00'),
(13, 403, 0, '6.00'),
(14, 243, 0, '22.00'),
(15, 84, 1, '7.00'),
(16, 244, 0, '17.00'),
(17, 4, 1, '14.00'),
(18, 164, 0, '22.00'),
(19, 325, 1, '12.00'),
(20, 85, 1, '14.00'),
(21, 5, 1, '10.00'),
(22, 245, 1, '7.00'),
(23, 165, 1, '21.00'),
(24, 6, 1, '8.00'),
(25, 406, 1, '6.00'),
(26, 166, 1, '16.00'),
(27, 7, 0, '17.00'),
(28, 87, 1, '20.00'),
(29, 247, 0, '25.00'),
(30, 167, 1, '8.00'),
(31, 327, 1, '5.00'),
(32, 407, 1, '8.00'),
(33, 8, 1, '11.00'),
(34, 248, 1, '10.00'),
(35, 408, 1, '9.00'),
(36, 168, 0, '7.00'),
(37, 88, 0, '7.00'),
(38, 409, 1, '5.00'),
(39, 9, 1, '14.00'),
(40, 249, 0, '13.00'),
(41, 89, 1, '3.00'),
(42, 329, 1, '10.00'),
(43, 10, 1, '13.00'),
(44, 330, 1, '10.00'),
(45, 250, 1, '6.00'),
(46, 410, 1, '7.00'),
(47, 170, 1, '15.00'),
(48, 11, 0, '19.00'),
(49, 411, 1, '6.00'),
(50, 171, 1, '3.00'),
(51, 331, 1, '8.00'),
(52, 91, 1, '5.00'),
(53, 251, 1, '9.00'),
(54, 12, 1, '8.00'),
(55, 252, 1, '6.00'),
(56, 332, 1, '8.00'),
(57, 92, 0, '2.00'),
(58, 172, 1, '8.00'),
(59, 412, 0, '8.00'),
(60, 173, 1, '14.00'),
(61, 13, 0, '19.00'),
(62, 253, 0, '12.00'),
(63, 333, 1, '5.00'),
(64, 93, 0, '10.00'),
(65, 413, 1, '8.00'),
(66, 414, 0, '18.00'),
(67, 334, 0, '16.00'),
(68, 94, 0, '10.00'),
(69, 254, 0, '5.00'),
(70, 95, 1, '5.00'),
(71, 15, 1, '12.00'),
(72, 175, 1, '6.00'),
(73, 335, 1, '5.00'),
(74, 96, 1, '7.00'),
(75, 256, 1, '17.00'),
(76, 16, 1, '19.00'),
(77, 336, 0, '17.00'),
(78, 176, 1, '6.00'),
(79, 337, 0, '17.00'),
(80, 417, 1, '12.00'),
(81, 177, 0, '28.00'),
(82, 97, 1, '8.00'),
(83, 258, 1, '12.00'),
(84, 338, 1, '5.00'),
(85, 98, 0, '13.00'),
(86, 419, 1, '8.00'),
(87, 19, 0, '23.00'),
(88, 339, 1, '10.00'),
(89, 99, 1, '7.00'),
(90, 261, 0, '17.00'),
(91, 181, 0, '11.00'),
(92, 420, 1, '9.00'),
(93, 180, 1, '9.00'),
(94, 260, 1, '7.00'),
(95, 178, 0, '18.00'),
(96, 20, 1, '12.00'),
(97, 421, 1, '9.00'),
(98, 182, 0, '19.00'),
(99, 422, 1, '16.00'),
(100, 262, 1, '6.00'),
(101, 22, 0, '19.00'),
(102, 102, 1, '4.00'),
(103, 179, 1, '9.00'),
(104, 23, 0, '24.00'),
(105, 343, 1, '14.00'),
(106, 263, 1, '15.00'),
(107, 423, 1, '7.00'),
(108, 183, 1, '12.00'),
(109, 340, 0, '12.00'),
(110, 184, 1, '6.00'),
(111, 104, 1, '7.00'),
(112, 344, 1, '7.00'),
(113, 424, 1, '4.00'),
(114, 24, 1, '4.00'),
(115, 264, 1, '8.00'),
(116, 341, 1, '6.00'),
(117, 345, 1, '4.00'),
(118, 25, 1, '6.00'),
(119, 185, 1, '12.00'),
(120, 425, 1, '6.00'),
(121, 105, 0, '17.00'),
(122, 265, 1, '6.00'),
(123, 26, 1, '17.00'),
(124, 106, 0, '6.00'),
(125, 426, 0, '20.00'),
(126, 266, 0, '8.00'),
(127, 346, 1, '6.00'),
(128, 107, 1, '8.00'),
(129, 347, 0, '20.00'),
(130, 267, 1, '6.00'),
(131, 27, 1, '8.00'),
(132, 187, 0, '26.00'),
(133, 427, 1, '7.00'),
(134, 28, 0, '15.00'),
(135, 348, 0, '14.00'),
(136, 428, 0, '5.00'),
(137, 188, 1, '13.00'),
(138, 108, 0, '13.00'),
(139, 269, 1, '4.00'),
(140, 349, 1, '8.00'),
(141, 109, 1, '8.00'),
(142, 429, 1, '7.00'),
(143, 30, 1, '5.00'),
(144, 350, 1, '6.00'),
(145, 430, 1, '6.00'),
(146, 190, 0, '20.00'),
(147, 270, 1, '16.00'),
(148, 110, 1, '9.00'),
(149, 431, 0, '13.00'),
(150, 111, 1, '22.00'),
(151, 351, 1, '20.00'),
(152, 31, 0, '21.00'),
(153, 191, 1, '12.00'),
(154, 271, 1, '6.00'),
(155, 112, 1, '5.00'),
(156, 192, 1, '4.00'),
(157, 432, 1, '8.00'),
(158, 352, 1, '5.00'),
(159, 32, 0, '19.00'),
(160, 33, 1, '8.00'),
(161, 433, 0, '13.00'),
(162, 193, 1, '8.00'),
(163, 113, 1, '24.00'),
(164, 353, 0, '2.00'),
(165, 114, 1, '7.00'),
(166, 274, 1, '5.00'),
(167, 34, 0, '13.00'),
(168, 194, 0, '6.00'),
(169, 354, 0, '29.00'),
(170, 35, 1, '11.00'),
(171, 195, 1, '21.00'),
(172, 435, 1, '5.00'),
(173, 275, 1, '3.00'),
(174, 115, 0, '8.00'),
(175, 356, 0, '14.00'),
(176, 36, 1, '11.00'),
(177, 436, 1, '7.00'),
(178, 196, 1, '6.00'),
(179, 116, 1, '7.00'),
(180, 357, 1, '9.00'),
(181, 277, 0, '22.00'),
(182, 437, 1, '5.00'),
(183, 37, 1, '6.00'),
(184, 38, 1, '8.00'),
(185, 118, 0, '14.00'),
(186, 358, 0, '13.00'),
(187, 438, 1, '9.00'),
(188, 119, 1, '12.00'),
(189, 199, 1, '4.00'),
(190, 279, 1, '6.00'),
(191, 439, 0, '22.00'),
(192, 359, 1, '5.00'),
(193, 440, 1, '5.00'),
(194, 360, 0, '9.00'),
(195, 40, 1, '12.00'),
(196, 200, 0, '19.00'),
(197, 281, 1, '6.00'),
(198, 41, 1, '8.00'),
(199, 201, 0, '12.00'),
(200, 121, 1, '8.00'),
(201, 361, 1, '7.00'),
(202, 441, 0, '12.00'),
(203, 362, 0, '20.00'),
(204, 202, 1, '7.00'),
(205, 42, 1, '17.00'),
(206, 122, 0, '14.00'),
(207, 282, 1, '4.00'),
(208, 442, 0, '16.00'),
(209, 123, 1, '5.00'),
(210, 283, 1, '7.00'),
(211, 203, 1, '17.00'),
(212, 363, 1, '21.00'),
(213, 43, 1, '5.00'),
(214, 444, 1, '12.00'),
(215, 44, 1, '6.00'),
(216, 284, 1, '7.00'),
(217, 204, 1, '10.00'),
(218, 124, 1, '80.00'),
(219, 125, 1, '6.00'),
(220, 45, 1, '9.00'),
(221, 365, 1, '15.00'),
(222, 445, 0, '19.00'),
(223, 205, 1, '13.00'),
(224, 285, 1, '5.00'),
(225, 446, 1, '7.00'),
(226, 46, 0, '17.00'),
(227, 126, 0, '12.00'),
(228, 206, 1, '7.00'),
(229, 287, 1, '6.00'),
(230, 207, 1, '7.00'),
(231, 127, 1, '8.00'),
(232, 447, 0, '15.00'),
(233, 367, 1, '10.00'),
(234, 47, 0, '10.00'),
(235, 208, 0, '25.00'),
(236, 128, 1, '9.00'),
(237, 368, 1, '11.00'),
(238, 448, 1, '4.00'),
(239, 48, 1, '5.00'),
(240, 129, 1, '14.00'),
(241, 49, 1, '7.00'),
(242, 289, 1, '9.00'),
(243, 209, 1, '14.00'),
(244, 449, 0, '17.00'),
(245, 369, 1, '10.00'),
(246, 290, 1, '8.00'),
(247, 130, 1, '4.00'),
(248, 450, 1, '8.00'),
(249, 50, 1, '5.00'),
(250, 210, 1, '15.00'),
(251, 51, 1, '7.00'),
(252, 371, 1, '9.00'),
(253, 291, 0, '10.00'),
(254, 132, 0, '10.00'),
(255, 452, 1, '7.00'),
(256, 212, 1, '8.00'),
(257, 52, 0, '12.00'),
(258, 372, 1, '5.00'),
(259, 292, 0, '16.00'),
(260, 453, 1, '13.00'),
(261, 213, 0, '9.00'),
(262, 133, 1, '9.00'),
(263, 53, 0, '20.00'),
(264, 373, 0, '51.00'),
(265, 293, 0, '3.00'),
(266, 454, 1, '9.00'),
(267, 294, 1, '9.00'),
(268, 54, 1, '9.00'),
(269, 214, 1, '9.00'),
(270, 455, 0, '19.00'),
(271, 215, 0, '23.00'),
(272, 55, 1, '22.00'),
(273, 375, 1, '9.00'),
(274, 295, 1, '8.00'),
(275, 456, 0, '38.00'),
(276, 56, 1, '7.00'),
(277, 376, 1, '13.00'),
(278, 136, 0, '21.00'),
(279, 216, 1, '10.00'),
(280, 297, 1, '7.00'),
(281, 377, 0, '16.00'),
(282, 137, 1, '5.00'),
(283, 457, 1, '4.00'),
(284, 57, 0, '19.00'),
(285, 217, 1, '9.00'),
(286, 138, 1, '9.00'),
(287, 218, 0, '12.00'),
(288, 58, 0, '23.00'),
(289, 458, 1, '8.00'),
(290, 378, 0, '11.00'),
(291, 298, 1, '8.00'),
(292, 59, 0, '26.00'),
(293, 459, 1, '8.00'),
(294, 379, 0, '4.00'),
(295, 219, 0, '8.00'),
(296, 139, 0, '6.00'),
(297, 60, 1, '12.00'),
(298, 460, 1, '6.00'),
(299, 380, 1, '11.00'),
(300, 300, 0, '24.00'),
(301, 221, 1, '16.00'),
(302, 141, 1, '9.00'),
(303, 381, 1, '6.00'),
(304, 61, 1, '5.00'),
(305, 301, 0, '14.00'),
(306, 462, 0, '22.00'),
(307, 302, 1, '9.00'),
(308, 222, 1, '6.00'),
(309, 62, 0, '23.00'),
(310, 63, 0, '19.00'),
(311, 303, 1, '7.00'),
(312, 463, 1, '9.00'),
(313, 143, 1, '21.00'),
(314, 223, 0, '10.00'),
(315, 383, 1, '20.00'),
(316, 384, 1, '8.00'),
(317, 464, 0, '9.00'),
(318, 144, 1, '13.00'),
(319, 304, 0, '31.00'),
(320, 64, 0, '27.00'),
(321, 224, 1, '7.00'),
(322, 305, 0, '24.00'),
(323, 145, 0, '9.00'),
(324, 65, 1, '8.00'),
(325, 385, 1, '6.00'),
(326, 386, 1, '5.00'),
(327, 226, 0, '19.00'),
(328, 66, 0, '22.00'),
(329, 466, 0, '27.00'),
(330, 146, 1, '15.00'),
(331, 306, 1, '5.00'),
(332, 67, 0, '22.00'),
(333, 147, 0, '19.00'),
(334, 467, 1, '18.00'),
(335, 387, 1, '10.00'),
(336, 307, 1, '9.00'),
(337, 388, 1, '4.00'),
(338, 148, 0, '21.00'),
(339, 68, 0, '19.00'),
(340, 468, 1, '12.00'),
(341, 308, 1, '6.00'),
(342, 228, 1, '4.00'),
(343, 69, 0, '20.00'),
(344, 469, 1, '9.00'),
(345, 389, 0, '22.00'),
(346, 229, 0, '6.00'),
(347, 470, 1, '12.00'),
(348, 70, 1, '7.00'),
(349, 390, 0, '22.00'),
(350, 230, 0, '20.00'),
(351, 310, 0, '19.00'),
(352, 150, 1, '6.00'),
(353, 231, 1, '12.00'),
(354, 391, 1, '7.00'),
(355, 151, 1, '23.00'),
(356, 471, 0, '14.00'),
(357, 311, 1, '7.00'),
(358, 472, 0, '21.00'),
(359, 232, 1, '11.00'),
(360, 152, 1, '13.00'),
(361, 72, 1, '5.00'),
(362, 392, 0, '14.00'),
(363, 473, 1, '13.00'),
(364, 73, 1, '7.00'),
(365, 233, 1, '5.00'),
(366, 153, 1, '11.00'),
(367, 74, 1, '12.00'),
(368, 394, 1, '17.00'),
(369, 474, 1, '10.00'),
(370, 314, 1, '6.00'),
(371, 234, 1, '9.00'),
(372, 154, 1, '5.00'),
(373, 235, 1, '9.00'),
(374, 155, 1, '11.00'),
(375, 315, 0, '12.00'),
(376, 75, 0, '9.00'),
(377, 395, 1, '12.00'),
(378, 475, 1, '9.00'),
(379, 156, 1, '6.00'),
(380, 396, 1, '8.00'),
(381, 236, 1, '9.00'),
(382, 476, 0, '18.00'),
(383, 316, 1, '7.00'),
(384, 317, 0, '18.00'),
(385, 397, 1, '6.00'),
(386, 477, 1, '6.00'),
(387, 77, 1, '5.00'),
(388, 157, 1, '5.00'),
(389, 237, 1, '9.00'),
(390, 478, 1, '8.00'),
(391, 78, 0, '25.00'),
(392, 318, 0, '7.00'),
(393, 398, 1, '8.00'),
(394, 238, 1, '10.00'),
(395, 319, 1, '9.00'),
(396, 239, 0, '35.00'),
(397, 399, 1, '7.00'),
(398, 479, 1, '5.00'),
(399, 159, 0, '21.00'),
(400, 240, 1, '9.00'),
(401, 400, 1, '19.00'),
(402, 160, 1, '9.00'),
(403, 80, 1, '11.00'),
(404, 480, 1, '10.00');

-- --------------------------------------------------------

--
-- Table structure for table `matches`
--

CREATE TABLE IF NOT EXISTS `matches` (
  `id` int(10) unsigned NOT NULL AUTO_INCREMENT,
  `matchNumber` int(11) NOT NULL,
  `compID` int(10) unsigned NOT NULL,
  `lastUpdated` int(10) unsigned DEFAULT NULL,
  `lastExported` int(10) unsigned DEFAULT NULL,
  PRIMARY KEY (`id`),
  KEY `matches_compid_foreign` (`compID`)
) ENGINE=InnoDB  DEFAULT CHARSET=latin1 AUTO_INCREMENT=81 ;

--
-- Dumping data for table `matches`
--

INSERT INTO `matches` (`id`, `matchNumber`, `compID`, `lastUpdated`, `lastExported`) VALUES
(1, 1, 2, 1490969074, NULL),
(2, 2, 2, 1490969645, NULL),
(3, 3, 2, 1490970226, NULL),
(4, 4, 2, 1490970813, NULL),
(5, 5, 2, 1490971237, NULL),
(6, 6, 2, 1490971820, NULL),
(7, 7, 2, 1490972247, NULL),
(8, 8, 2, 1490972652, NULL),
(9, 9, 2, 1490973132, NULL),
(10, 10, 2, 1490973531, NULL),
(11, 11, 2, 1490974022, NULL),
(12, 12, 2, 1490974683, NULL),
(13, 13, 2, 1490975093, NULL),
(14, 14, 2, 1490975500, NULL),
(15, 15, 2, 1490976044, NULL),
(16, 16, 2, 1490976345, NULL),
(17, 17, 2, 1490976966, NULL),
(18, 18, 2, 1490979570, NULL),
(19, 19, 2, 1490980112, NULL),
(20, 20, 2, 1490980430, NULL),
(21, 21, 2, 1490981016, NULL),
(22, 22, 2, 1490979963, NULL),
(23, 23, 2, 1490980354, NULL),
(24, 24, 2, 1490980836, NULL),
(25, 25, 2, 1490983683, NULL),
(26, 26, 2, 1490984187, NULL),
(27, 27, 2, 1490984545, NULL),
(28, 28, 2, 1490985054, NULL),
(29, 29, 2, 1490985588, NULL),
(30, 30, 2, 1490986100, NULL),
(31, 31, 2, 1490986779, NULL),
(32, 32, 2, 1490987483, NULL),
(33, 33, 2, 1490987904, NULL),
(34, 34, 2, 1490988364, NULL),
(35, 35, 2, 1490988945, NULL),
(36, 36, 2, 1490989377, NULL),
(37, 37, 2, 1490989728, NULL),
(38, 38, 2, 1490990164, NULL),
(39, 39, 2, 1490990553, NULL),
(40, 40, 2, 1490991055, NULL),
(41, 41, 2, 1490991527, NULL),
(42, 42, 2, 1490992086, NULL),
(43, 43, 2, 1490992533, NULL),
(44, 44, 2, 1490993045, NULL),
(45, 45, 2, 1490993595, NULL),
(46, 46, 2, 1490993944, NULL),
(47, 47, 2, 1490994485, NULL),
(48, 48, 2, 1490994983, NULL),
(49, 49, 2, 1490995406, NULL),
(50, 50, 2, 1490995899, NULL),
(51, 51, 2, 1490996499, NULL),
(52, 52, 2, 1490996985, NULL),
(53, 53, 2, 1490997408, NULL),
(54, 54, 2, 1490998082, NULL),
(55, 55, 2, 1490998489, NULL),
(56, 56, 2, 1490998898, NULL),
(57, 57, 2, 1490999358, NULL),
(58, 58, 2, 1491055422, NULL),
(59, 59, 2, 1491056050, NULL),
(60, 60, 2, 1491057098, NULL),
(61, 61, 2, 1491057565, NULL),
(62, 62, 2, 1491057993, NULL),
(63, 63, 2, 1491058367, NULL),
(64, 64, 2, 1491058847, NULL),
(65, 65, 2, 1491059290, NULL),
(66, 66, 2, 1491059748, NULL),
(67, 67, 2, 1491060169, NULL),
(68, 68, 2, 1491060577, NULL),
(69, 69, 2, 1491060934, NULL),
(70, 70, 2, 1491061339, NULL),
(71, 71, 2, 1491061802, NULL),
(72, 72, 2, 1491062270, NULL),
(73, 73, 2, 1491063001, NULL),
(74, 74, 2, 1491063317, NULL),
(75, 75, 2, 1491063792, NULL),
(76, 76, 2, 1491064345, NULL),
(77, 77, 2, 1491064719, NULL),
(78, 78, 2, 1491065261, NULL),
(79, 79, 2, 1491065753, NULL),
(80, 80, 2, 1491066238, NULL);

-- --------------------------------------------------------

--
-- Table structure for table `matchgearfeeds`
--

CREATE TABLE IF NOT EXISTS `matchgearfeeds` (
  `id` int(10) unsigned NOT NULL AUTO_INCREMENT,
  `teamMatchID` int(10) unsigned NOT NULL,
  `orderID` int(10) unsigned NOT NULL,
  `mode` enum('auto','tele') NOT NULL,
  `result` tinyint(1) NOT NULL,
  `method` enum('dropped','ground') NOT NULL,
  PRIMARY KEY (`id`),
  UNIQUE KEY `matchgearfeeds_teammatchid_orderid_unique` (`teamMatchID`,`orderID`,`mode`)
) ENGINE=InnoDB  DEFAULT CHARSET=latin1 AUTO_INCREMENT=1047 ;

--
-- Dumping data for table `matchgearfeeds`
--

INSERT INTO `matchgearfeeds` (`id`, `teamMatchID`, `orderID`, `mode`, `result`, `method`) VALUES
(1, 161, 2, 'tele', 1, 'dropped'),
(2, 241, 4, 'tele', 1, 'dropped'),
(3, 241, 2, 'tele', 1, 'dropped'),
(4, 81, 5, 'tele', 1, 'dropped'),
(5, 81, 4, 'tele', 0, 'dropped'),
(6, 81, 3, 'tele', 0, 'dropped'),
(7, 81, 2, 'tele', 1, 'dropped'),
(8, 321, 3, 'tele', 1, 'dropped'),
(9, 321, 1, 'tele', 1, 'dropped'),
(10, 1, 4, 'tele', 1, 'dropped'),
(11, 1, 2, 'tele', 1, 'dropped'),
(12, 402, 2, 'tele', 1, 'dropped'),
(13, 162, 5, 'tele', 1, 'dropped'),
(14, 162, 3, 'tele', 1, 'dropped'),
(15, 162, 1, 'tele', 1, 'dropped'),
(16, 322, 1, 'tele', 1, 'ground'),
(17, 2, 6, 'tele', 1, 'dropped'),
(18, 2, 4, 'tele', 1, 'dropped'),
(19, 2, 2, 'tele', 1, 'dropped'),
(20, 242, 3, 'tele', 0, 'dropped'),
(21, 242, 2, 'tele', 0, 'dropped'),
(22, 163, 4, 'tele', 1, 'dropped'),
(23, 163, 2, 'tele', 1, 'dropped'),
(24, 3, 4, 'tele', 1, 'dropped'),
(25, 3, 2, 'tele', 1, 'dropped'),
(26, 83, 3, 'tele', 1, 'dropped'),
(27, 83, 2, 'tele', 0, 'dropped'),
(28, 403, 7, 'tele', 1, 'dropped'),
(29, 403, 4, 'tele', 1, 'dropped'),
(30, 243, 3, 'tele', 1, 'dropped'),
(31, 243, 1, 'tele', 1, 'dropped'),
(32, 84, 6, 'tele', 1, 'dropped'),
(33, 84, 5, 'tele', 0, 'dropped'),
(34, 84, 3, 'tele', 1, 'dropped'),
(35, 84, 1, 'tele', 1, 'dropped'),
(36, 244, 2, 'tele', 1, 'dropped'),
(37, 4, 6, 'tele', 1, 'dropped'),
(38, 4, 5, 'tele', 0, 'dropped'),
(39, 4, 3, 'tele', 1, 'dropped'),
(40, 4, 1, 'tele', 1, 'dropped'),
(41, 164, 4, 'tele', 1, 'dropped'),
(42, 164, 2, 'tele', 1, 'dropped'),
(43, 325, 5, 'tele', 1, 'dropped'),
(44, 325, 3, 'tele', 1, 'dropped'),
(45, 325, 1, 'tele', 1, 'dropped'),
(46, 85, 7, 'tele', 1, 'ground'),
(47, 85, 5, 'tele', 1, 'ground'),
(48, 85, 2, 'tele', 1, 'ground'),
(49, 85, 1, 'tele', 1, 'ground'),
(50, 5, 3, 'tele', 1, 'dropped'),
(51, 5, 1, 'tele', 1, 'dropped'),
(52, 245, 3, 'tele', 1, 'dropped'),
(53, 245, 1, 'tele', 1, 'dropped'),
(54, 165, 4, 'tele', 0, 'dropped'),
(55, 165, 2, 'tele', 1, 'dropped'),
(56, 326, 4, 'tele', 0, 'dropped'),
(57, 326, 3, 'tele', 0, 'dropped'),
(58, 326, 2, 'tele', 0, 'dropped'),
(59, 6, 4, 'tele', 0, 'dropped'),
(60, 6, 3, 'tele', 0, 'dropped'),
(61, 6, 2, 'tele', 0, 'dropped'),
(62, 406, 6, 'tele', 1, 'dropped'),
(63, 406, 4, 'tele', 1, 'dropped'),
(64, 406, 2, 'tele', 1, 'dropped'),
(65, 166, 4, 'tele', 1, 'dropped'),
(66, 166, 2, 'tele', 1, 'dropped'),
(67, 246, 4, 'tele', 0, 'dropped'),
(68, 246, 3, 'tele', 0, 'dropped'),
(69, 246, 2, 'tele', 0, 'dropped'),
(70, 86, 5, 'tele', 1, 'dropped'),
(71, 86, 3, 'tele', 1, 'dropped'),
(72, 86, 1, 'tele', 1, 'dropped'),
(73, 7, 3, 'tele', 1, 'dropped'),
(74, 7, 1, 'tele', 1, 'dropped'),
(75, 87, 5, 'tele', 1, 'dropped'),
(76, 87, 4, 'tele', 0, 'dropped'),
(77, 87, 3, 'tele', 0, 'dropped'),
(78, 87, 2, 'tele', 0, 'dropped'),
(79, 87, 1, 'tele', 0, 'dropped'),
(80, 247, 3, 'tele', 1, 'dropped'),
(81, 247, 2, 'tele', 0, 'dropped'),
(82, 247, 1, 'tele', 0, 'dropped'),
(83, 167, 7, 'tele', 1, 'dropped'),
(84, 167, 5, 'tele', 1, 'dropped'),
(85, 167, 3, 'tele', 1, 'dropped'),
(86, 167, 2, 'tele', 0, 'dropped'),
(87, 327, 5, 'tele', 1, 'ground'),
(88, 327, 3, 'tele', 1, 'dropped'),
(89, 407, 7, 'tele', 1, 'dropped'),
(90, 407, 3, 'tele', 1, 'dropped'),
(91, 407, 1, 'tele', 1, 'dropped'),
(92, 8, 9, 'tele', 1, 'ground'),
(93, 8, 7, 'tele', 1, 'dropped'),
(94, 8, 5, 'tele', 1, 'dropped'),
(95, 8, 3, 'tele', 1, 'dropped'),
(96, 8, 1, 'tele', 1, 'dropped'),
(97, 248, 6, 'tele', 1, 'dropped'),
(98, 248, 4, 'tele', 1, 'dropped'),
(99, 248, 2, 'tele', 1, 'dropped'),
(100, 408, 6, 'tele', 1, 'dropped'),
(101, 408, 5, 'tele', 1, 'dropped'),
(102, 408, 3, 'tele', 1, 'dropped'),
(103, 408, 1, 'tele', 1, 'dropped'),
(104, 168, 7, 'tele', 1, 'dropped'),
(105, 168, 6, 'tele', 0, 'dropped'),
(106, 168, 4, 'tele', 1, 'dropped'),
(107, 168, 2, 'tele', 1, 'dropped'),
(108, 88, 6, 'tele', 1, 'dropped'),
(109, 88, 5, 'tele', 0, 'dropped'),
(110, 88, 3, 'tele', 1, 'dropped'),
(111, 88, 1, 'tele', 1, 'dropped'),
(112, 169, 3, 'tele', 1, 'dropped'),
(113, 169, 1, 'tele', 1, 'dropped'),
(114, 249, 3, 'tele', 0, 'dropped'),
(115, 249, 2, 'tele', 0, 'dropped'),
(116, 89, 6, 'tele', 1, 'dropped'),
(117, 89, 4, 'tele', 1, 'dropped'),
(118, 89, 2, 'tele', 1, 'dropped'),
(119, 329, 5, 'tele', 1, 'dropped'),
(120, 329, 3, 'tele', 1, 'dropped'),
(121, 329, 1, 'tele', 1, 'ground'),
(122, 10, 3, 'tele', 1, 'dropped'),
(123, 10, 1, 'tele', 1, 'dropped'),
(124, 330, 6, 'tele', 1, 'dropped'),
(125, 330, 4, 'tele', 1, 'dropped'),
(126, 330, 2, 'tele', 1, 'dropped'),
(127, 410, 8, 'tele', 1, 'dropped'),
(128, 410, 6, 'tele', 1, 'dropped'),
(129, 410, 4, 'tele', 1, 'dropped'),
(130, 410, 2, 'tele', 1, 'dropped'),
(131, 170, 7, 'tele', 1, 'dropped'),
(132, 170, 5, 'tele', 1, 'dropped'),
(133, 170, 3, 'tele', 1, 'dropped'),
(134, 170, 1, 'tele', 1, 'dropped'),
(135, 411, 2, 'tele', 1, 'dropped'),
(136, 171, 1, 'tele', 1, 'dropped'),
(137, 331, 4, 'tele', 1, 'dropped'),
(138, 331, 2, 'tele', 1, 'dropped'),
(139, 331, 1, 'tele', 0, 'dropped'),
(140, 251, 6, 'tele', 1, 'dropped'),
(141, 251, 4, 'tele', 1, 'dropped'),
(142, 251, 2, 'tele', 1, 'dropped'),
(143, 251, 1, 'tele', 0, 'dropped'),
(144, 12, 4, 'tele', 1, 'dropped'),
(145, 12, 2, 'tele', 1, 'dropped'),
(146, 252, 5, 'tele', 1, 'dropped'),
(147, 252, 3, 'tele', 1, 'dropped'),
(148, 252, 1, 'tele', 1, 'dropped'),
(149, 92, 2, 'tele', 1, 'dropped'),
(150, 172, 7, 'tele', 1, 'ground'),
(151, 172, 5, 'tele', 1, 'dropped'),
(152, 172, 4, 'tele', 1, 'ground'),
(153, 172, 1, 'tele', 1, 'dropped'),
(154, 173, 3, 'tele', 0, 'dropped'),
(155, 173, 1, 'tele', 1, 'dropped'),
(156, 253, 4, 'tele', 1, 'dropped'),
(157, 253, 2, 'tele', 1, 'dropped'),
(158, 93, 4, 'tele', 0, 'dropped'),
(159, 93, 3, 'tele', 0, 'dropped'),
(160, 413, 9, 'tele', 1, 'dropped'),
(161, 413, 7, 'tele', 1, 'dropped'),
(162, 413, 4, 'tele', 1, 'dropped'),
(163, 413, 1, 'tele', 1, 'dropped'),
(164, 414, 3, 'tele', 1, 'dropped'),
(165, 414, 1, 'tele', 1, 'dropped'),
(166, 334, 5, 'tele', 1, 'dropped'),
(167, 334, 2, 'tele', 1, 'dropped'),
(168, 94, 4, 'tele', 1, 'dropped'),
(169, 94, 2, 'tele', 1, 'dropped'),
(170, 254, 4, 'tele', 1, 'dropped'),
(171, 254, 2, 'tele', 1, 'dropped'),
(172, 415, 2, 'tele', 1, 'dropped'),
(173, 95, 7, 'tele', 1, 'dropped'),
(174, 95, 5, 'tele', 1, 'dropped'),
(175, 95, 3, 'tele', 1, 'dropped'),
(176, 95, 1, 'tele', 1, 'dropped'),
(177, 15, 2, 'tele', 0, 'dropped'),
(178, 15, 1, 'tele', 0, 'dropped'),
(179, 175, 12, 'tele', 1, 'ground'),
(180, 175, 10, 'tele', 1, 'ground'),
(181, 175, 8, 'tele', 1, 'ground'),
(182, 175, 6, 'tele', 1, 'dropped'),
(183, 175, 4, 'tele', 1, 'dropped'),
(184, 175, 3, 'tele', 0, 'dropped'),
(185, 335, 6, 'tele', 1, 'dropped'),
(186, 335, 4, 'tele', 1, 'dropped'),
(187, 335, 2, 'tele', 1, 'dropped'),
(188, 96, 9, 'tele', 1, 'dropped'),
(189, 96, 7, 'tele', 1, 'dropped'),
(190, 96, 5, 'tele', 1, 'dropped'),
(191, 96, 3, 'tele', 1, 'dropped'),
(192, 96, 1, 'tele', 1, 'dropped'),
(193, 256, 3, 'tele', 1, 'dropped'),
(194, 256, 1, 'tele', 1, 'dropped'),
(195, 16, 4, 'tele', 0, 'dropped'),
(196, 16, 2, 'tele', 1, 'dropped'),
(197, 336, 5, 'tele', 1, 'dropped'),
(198, 336, 3, 'tele', 1, 'dropped'),
(199, 336, 2, 'tele', 0, 'dropped'),
(200, 176, 4, 'tele', 1, 'dropped'),
(201, 176, 2, 'tele', 1, 'dropped'),
(202, 337, 3, 'tele', 1, 'dropped'),
(203, 337, 1, 'tele', 1, 'dropped'),
(204, 417, 5, 'tele', 1, 'dropped'),
(205, 417, 3, 'tele', 1, 'dropped'),
(206, 417, 1, 'tele', 1, 'dropped'),
(207, 177, 2, 'tele', 1, 'dropped'),
(208, 257, 2, 'tele', 1, 'dropped'),
(209, 97, 3, 'tele', 1, 'dropped'),
(210, 97, 1, 'tele', 1, 'dropped'),
(211, 17, 5, 'tele', 1, 'dropped'),
(212, 17, 4, 'tele', 0, 'dropped'),
(213, 17, 2, 'tele', 1, 'dropped'),
(214, 17, 1, 'tele', 0, 'dropped'),
(215, 18, 4, 'tele', 1, 'dropped'),
(216, 18, 2, 'tele', 1, 'dropped'),
(217, 258, 3, 'tele', 1, 'dropped'),
(218, 258, 2, 'tele', 0, 'ground'),
(219, 338, 7, 'tele', 1, 'dropped'),
(220, 338, 5, 'tele', 1, 'dropped'),
(221, 338, 4, 'tele', 0, 'dropped'),
(222, 338, 3, 'tele', 0, 'dropped'),
(223, 338, 1, 'tele', 1, 'dropped'),
(224, 98, 2, 'tele', 1, 'dropped'),
(225, 419, 2, 'tele', 1, 'dropped'),
(226, 19, 3, 'tele', 1, 'dropped'),
(227, 19, 2, 'tele', 1, 'dropped'),
(228, 339, 6, 'tele', 0, 'dropped'),
(229, 339, 4, 'tele', 1, 'dropped'),
(230, 339, 2, 'tele', 1, 'dropped'),
(233, 99, 1, 'tele', 1, 'dropped'),
(234, 261, 5, 'tele', 1, 'dropped'),
(235, 261, 3, 'tele', 1, 'dropped'),
(236, 261, 1, 'tele', 1, 'dropped'),
(237, 181, 5, 'tele', 1, 'dropped'),
(238, 181, 3, 'tele', 1, 'dropped'),
(239, 181, 1, 'tele', 1, 'dropped'),
(240, 101, 3, 'tele', 1, 'dropped'),
(241, 101, 2, 'tele', 0, 'dropped'),
(242, 420, 3, 'tele', 1, 'dropped'),
(243, 420, 1, 'tele', 1, 'dropped'),
(244, 180, 6, 'tele', 1, 'dropped'),
(245, 180, 4, 'tele', 1, 'dropped'),
(246, 260, 4, 'tele', 1, 'ground'),
(247, 260, 2, 'tele', 1, 'ground'),
(248, 178, 6, 'tele', 0, 'dropped'),
(249, 178, 4, 'tele', 1, 'dropped'),
(250, 178, 2, 'tele', 1, 'dropped'),
(251, 20, 5, 'tele', 1, 'dropped'),
(252, 20, 3, 'tele', 1, 'dropped'),
(253, 20, 1, 'tele', 1, 'dropped'),
(254, 421, 6, 'tele', 0, 'dropped'),
(255, 421, 4, 'tele', 1, 'dropped'),
(256, 421, 2, 'tele', 1, 'dropped'),
(257, 182, 3, 'tele', 0, 'dropped'),
(258, 182, 2, 'tele', 0, 'dropped'),
(259, 422, 2, 'tele', 0, 'dropped'),
(260, 262, 4, 'tele', 1, 'ground'),
(261, 262, 2, 'tele', 1, 'ground'),
(262, 22, 2, 'tele', 1, 'dropped'),
(263, 342, 1, 'tele', 1, 'ground'),
(264, 102, 5, 'tele', 1, 'dropped'),
(265, 102, 4, 'tele', 0, 'dropped'),
(266, 102, 2, 'tele', 1, 'dropped'),
(267, 179, 5, 'tele', 1, 'dropped'),
(268, 179, 3, 'tele', 1, 'dropped'),
(269, 179, 1, 'tele', 1, 'dropped'),
(270, 23, 3, 'tele', 1, 'dropped'),
(271, 23, 1, 'tele', 1, 'dropped'),
(272, 343, 3, 'tele', 1, 'dropped'),
(273, 343, 1, 'tele', 1, 'dropped'),
(274, 263, 6, 'tele', 1, 'dropped'),
(275, 263, 4, 'tele', 1, 'dropped'),
(276, 263, 2, 'tele', 1, 'dropped'),
(277, 423, 6, 'tele', 1, 'dropped'),
(278, 423, 4, 'tele', 1, 'dropped'),
(279, 423, 2, 'tele', 1, 'dropped'),
(280, 183, 4, 'tele', 1, 'dropped'),
(281, 183, 2, 'tele', 1, 'dropped'),
(282, 340, 1, 'tele', 1, 'dropped'),
(283, 104, 3, 'tele', 1, 'dropped'),
(284, 104, 1, 'tele', 1, 'dropped'),
(285, 424, 4, 'tele', 1, 'dropped'),
(286, 424, 2, 'tele', 1, 'dropped'),
(287, 24, 3, 'tele', 1, 'dropped'),
(288, 24, 1, 'tele', 1, 'dropped'),
(289, 264, 4, 'tele', 1, 'dropped'),
(290, 264, 3, 'tele', 0, 'dropped'),
(291, 264, 1, 'tele', 1, 'dropped'),
(292, 341, 9, 'tele', 1, 'dropped'),
(293, 341, 8, 'tele', 1, 'dropped'),
(294, 341, 6, 'tele', 1, 'dropped'),
(295, 341, 4, 'tele', 1, 'dropped'),
(296, 341, 3, 'tele', 0, 'dropped'),
(297, 341, 2, 'tele', 0, 'dropped'),
(298, 345, 4, 'tele', 1, 'dropped'),
(299, 345, 2, 'tele', 1, 'dropped'),
(300, 25, 4, 'tele', 1, 'dropped'),
(301, 25, 2, 'tele', 1, 'dropped'),
(302, 185, 9, 'tele', 1, 'dropped'),
(303, 185, 7, 'tele', 1, 'dropped'),
(304, 185, 5, 'tele', 1, 'dropped'),
(305, 185, 3, 'tele', 1, 'ground'),
(306, 185, 1, 'tele', 1, 'dropped'),
(307, 425, 3, 'tele', 1, 'dropped'),
(308, 425, 1, 'tele', 1, 'dropped'),
(309, 265, 8, 'tele', 1, 'dropped'),
(310, 265, 6, 'tele', 1, 'dropped'),
(311, 265, 4, 'tele', 1, 'dropped'),
(312, 265, 2, 'tele', 1, 'dropped'),
(313, 26, 3, 'tele', 1, 'dropped'),
(314, 26, 1, 'tele', 1, 'dropped'),
(315, 106, 4, 'tele', 1, 'dropped'),
(316, 106, 2, 'tele', 1, 'dropped'),
(317, 426, 2, 'tele', 1, 'dropped'),
(318, 186, 4, 'tele', 1, 'dropped'),
(319, 186, 2, 'tele', 1, 'dropped'),
(320, 266, 4, 'tele', 1, 'dropped'),
(321, 266, 2, 'tele', 1, 'dropped'),
(322, 346, 3, 'tele', 0, 'dropped'),
(323, 346, 1, 'tele', 1, 'dropped'),
(324, 107, 9, 'tele', 1, 'dropped'),
(325, 107, 8, 'tele', 0, 'dropped'),
(326, 107, 7, 'tele', 0, 'dropped'),
(327, 107, 6, 'tele', 0, 'dropped'),
(328, 107, 5, 'tele', 0, 'dropped'),
(329, 107, 3, 'tele', 1, 'dropped'),
(330, 107, 2, 'tele', 0, 'dropped'),
(331, 107, 1, 'tele', 0, 'dropped'),
(332, 347, 4, 'tele', 1, 'dropped'),
(333, 347, 3, 'tele', 0, 'dropped'),
(334, 347, 1, 'tele', 1, 'dropped'),
(335, 267, 6, 'tele', 1, 'dropped'),
(336, 267, 4, 'tele', 1, 'dropped'),
(337, 267, 2, 'tele', 1, 'dropped'),
(338, 27, 7, 'tele', 1, 'dropped'),
(339, 27, 6, 'tele', 0, 'dropped'),
(340, 27, 5, 'tele', 0, 'dropped'),
(341, 27, 4, 'tele', 0, 'dropped'),
(342, 27, 2, 'tele', 1, 'dropped'),
(343, 427, 5, 'tele', 1, 'dropped'),
(344, 427, 3, 'tele', 1, 'dropped'),
(345, 427, 1, 'tele', 1, 'dropped'),
(346, 28, 2, 'tele', 1, 'dropped'),
(347, 28, 1, 'tele', 0, 'dropped'),
(348, 348, 9, 'tele', 0, 'dropped'),
(349, 348, 7, 'tele', 1, 'dropped'),
(350, 348, 5, 'tele', 1, 'dropped'),
(351, 348, 3, 'tele', 1, 'dropped'),
(352, 348, 1, 'tele', 1, 'dropped'),
(353, 188, 7, 'tele', 1, 'dropped'),
(354, 188, 5, 'tele', 1, 'dropped'),
(355, 188, 4, 'tele', 0, 'dropped'),
(356, 188, 2, 'tele', 1, 'dropped'),
(357, 269, 5, 'tele', 1, 'dropped'),
(358, 269, 4, 'tele', 0, 'dropped'),
(359, 269, 2, 'tele', 1, 'dropped'),
(360, 109, 3, 'auto', 1, 'ground'),
(361, 109, 2, 'auto', 1, 'dropped'),
(362, 109, 3, 'tele', 1, 'ground'),
(363, 109, 2, 'tele', 1, 'dropped'),
(364, 429, 2, 'tele', 1, 'dropped'),
(365, 189, 4, 'tele', 1, 'dropped'),
(366, 189, 3, 'tele', 0, 'dropped'),
(367, 189, 2, 'tele', 0, 'dropped'),
(368, 30, 6, 'tele', 1, 'dropped'),
(369, 30, 4, 'tele', 1, 'dropped'),
(370, 30, 2, 'tele', 1, 'dropped'),
(371, 350, 6, 'tele', 1, 'dropped'),
(372, 350, 5, 'tele', 0, 'dropped'),
(373, 350, 3, 'tele', 1, 'dropped'),
(374, 350, 1, 'tele', 1, 'dropped'),
(375, 430, 3, 'tele', 1, 'dropped'),
(376, 430, 1, 'tele', 1, 'dropped'),
(377, 190, 4, 'tele', 0, 'dropped'),
(378, 190, 3, 'tele', 0, 'dropped'),
(379, 190, 2, 'tele', 0, 'dropped'),
(380, 270, 5, 'tele', 1, 'dropped'),
(381, 270, 3, 'tele', 1, 'dropped'),
(382, 270, 2, 'tele', 0, 'dropped'),
(383, 110, 9, 'tele', 1, 'ground'),
(384, 110, 7, 'tele', 1, 'dropped'),
(385, 110, 5, 'tele', 1, 'ground'),
(386, 110, 2, 'tele', 1, 'dropped'),
(387, 110, 1, 'tele', 1, 'ground'),
(388, 111, 4, 'tele', 1, 'dropped'),
(389, 111, 2, 'tele', 1, 'dropped'),
(390, 351, 5, 'tele', 1, 'dropped'),
(391, 351, 3, 'tele', 1, 'dropped'),
(392, 351, 1, 'tele', 1, 'dropped'),
(393, 31, 9, 'tele', 1, 'ground'),
(394, 31, 7, 'tele', 1, 'ground'),
(395, 31, 5, 'tele', 1, 'dropped'),
(396, 31, 3, 'tele', 1, 'dropped'),
(397, 31, 1, 'tele', 1, 'ground'),
(398, 191, 6, 'tele', 0, 'dropped'),
(399, 191, 5, 'tele', 0, 'dropped'),
(400, 191, 3, 'tele', 1, 'dropped'),
(401, 191, 2, 'tele', 0, 'dropped'),
(402, 191, 1, 'tele', 0, 'dropped'),
(403, 271, 3, 'tele', 1, 'dropped'),
(404, 271, 1, 'tele', 1, 'dropped'),
(405, 112, 9, 'tele', 1, 'dropped'),
(406, 112, 7, 'tele', 1, 'dropped'),
(407, 112, 5, 'tele', 1, 'dropped'),
(408, 112, 3, 'tele', 1, 'dropped'),
(409, 112, 1, 'tele', 1, 'dropped'),
(410, 192, 7, 'tele', 1, 'dropped'),
(411, 192, 6, 'tele', 0, 'dropped'),
(412, 192, 5, 'tele', 0, 'dropped'),
(413, 192, 3, 'tele', 1, 'dropped'),
(414, 192, 2, 'tele', 0, 'dropped'),
(415, 432, 4, 'tele', 1, 'ground'),
(416, 432, 2, 'tele', 1, 'ground'),
(417, 352, 3, 'tele', 1, 'dropped'),
(418, 352, 1, 'tele', 1, 'dropped'),
(419, 32, 2, 'tele', 1, 'dropped'),
(420, 33, 6, 'tele', 1, 'dropped'),
(421, 33, 4, 'tele', 1, 'dropped'),
(422, 33, 2, 'tele', 1, 'dropped'),
(423, 433, 5, 'tele', 1, 'dropped'),
(424, 433, 2, 'tele', 1, 'dropped'),
(425, 433, 1, 'tele', 0, 'dropped'),
(426, 193, 3, 'tele', 1, 'dropped'),
(427, 193, 1, 'tele', 1, 'dropped'),
(428, 273, 4, 'tele', 1, 'dropped'),
(429, 273, 2, 'tele', 1, 'dropped'),
(430, 353, 6, 'tele', 1, 'ground'),
(431, 353, 4, 'tele', 1, 'dropped'),
(432, 353, 2, 'tele', 1, 'dropped'),
(433, 114, 8, 'tele', 1, 'dropped'),
(434, 114, 7, 'tele', 0, 'dropped'),
(435, 114, 4, 'tele', 1, 'dropped'),
(436, 114, 2, 'tele', 1, 'dropped'),
(437, 274, 2, 'tele', 1, 'dropped'),
(438, 34, 6, 'tele', 1, 'dropped'),
(439, 34, 4, 'tele', 1, 'dropped'),
(440, 34, 2, 'tele', 1, 'dropped'),
(441, 354, 5, 'tele', 1, 'dropped'),
(442, 354, 3, 'tele', 1, 'dropped'),
(443, 354, 1, 'tele', 1, 'dropped'),
(444, 35, 4, 'tele', 0, 'dropped'),
(445, 35, 2, 'tele', 1, 'dropped'),
(446, 195, 2, 'tele', 1, 'dropped'),
(447, 435, 6, 'tele', 1, 'dropped'),
(448, 435, 3, 'tele', 1, 'dropped'),
(449, 435, 1, 'tele', 1, 'dropped'),
(450, 275, 7, 'tele', 1, 'dropped'),
(451, 275, 5, 'tele', 1, 'ground'),
(452, 275, 3, 'tele', 1, 'ground'),
(453, 275, 1, 'tele', 1, 'ground'),
(454, 115, 5, 'tele', 1, 'dropped'),
(455, 115, 3, 'tele', 1, 'dropped'),
(456, 115, 1, 'tele', 1, 'dropped'),
(457, 276, 6, 'tele', 1, 'dropped'),
(458, 276, 5, 'tele', 0, 'dropped'),
(459, 276, 4, 'tele', 0, 'dropped'),
(460, 276, 3, 'tele', 0, 'dropped'),
(461, 276, 1, 'tele', 1, 'dropped'),
(462, 436, 2, 'tele', 1, 'dropped'),
(463, 196, 4, 'tele', 1, 'dropped'),
(464, 196, 3, 'tele', 0, 'dropped'),
(465, 196, 1, 'tele', 1, 'dropped'),
(466, 117, 4, 'tele', 1, 'dropped'),
(467, 117, 2, 'tele', 1, 'dropped'),
(468, 197, 2, 'tele', 0, 'dropped'),
(469, 357, 4, 'tele', 1, 'dropped'),
(470, 357, 2, 'tele', 1, 'dropped'),
(471, 437, 7, 'tele', 0, 'dropped'),
(472, 437, 6, 'tele', 0, 'dropped'),
(473, 437, 4, 'tele', 1, 'dropped'),
(474, 437, 3, 'tele', 0, 'dropped'),
(475, 437, 1, 'tele', 1, 'dropped'),
(476, 37, 3, 'tele', 1, 'dropped'),
(477, 37, 1, 'tele', 1, 'dropped'),
(478, 38, 9, 'tele', 1, 'dropped'),
(479, 38, 7, 'tele', 1, 'dropped'),
(480, 38, 5, 'tele', 1, 'dropped'),
(481, 38, 3, 'tele', 1, 'dropped'),
(482, 118, 5, 'tele', 1, 'dropped'),
(483, 118, 3, 'tele', 1, 'dropped'),
(484, 118, 1, 'tele', 1, 'dropped'),
(485, 278, 3, 'tele', 0, 'dropped'),
(486, 278, 2, 'tele', 1, 'dropped'),
(487, 198, 3, 'tele', 1, 'dropped'),
(488, 198, 1, 'tele', 1, 'dropped'),
(489, 358, 4, 'tele', 1, 'dropped'),
(490, 358, 2, 'tele', 1, 'dropped'),
(491, 119, 2, 'tele', 1, 'dropped'),
(492, 199, 6, 'tele', 1, 'dropped'),
(493, 199, 4, 'tele', 1, 'dropped'),
(494, 199, 2, 'tele', 1, 'dropped'),
(495, 279, 13, 'tele', 1, 'dropped'),
(496, 279, 11, 'tele', 1, 'dropped'),
(497, 279, 9, 'tele', 1, 'dropped'),
(498, 279, 7, 'tele', 1, 'dropped'),
(499, 279, 5, 'tele', 1, 'dropped'),
(500, 279, 3, 'tele', 1, 'dropped'),
(501, 279, 1, 'tele', 1, 'dropped'),
(502, 39, 2, 'tele', 1, 'dropped'),
(503, 439, 2, 'tele', 1, 'ground'),
(504, 359, 7, 'tele', 1, 'dropped'),
(505, 359, 5, 'tele', 1, 'dropped'),
(506, 359, 2, 'tele', 1, 'dropped'),
(507, 440, 8, 'tele', 1, 'dropped'),
(508, 440, 6, 'tele', 1, 'dropped'),
(509, 440, 4, 'tele', 1, 'dropped'),
(510, 440, 2, 'tele', 1, 'dropped'),
(511, 280, 2, 'tele', 1, 'dropped'),
(512, 200, 4, 'tele', 0, 'dropped'),
(513, 200, 3, 'tele', 0, 'dropped'),
(514, 200, 2, 'tele', 0, 'dropped'),
(515, 281, 5, 'tele', 1, 'dropped'),
(516, 281, 3, 'tele', 1, 'dropped'),
(517, 281, 1, 'tele', 1, 'dropped'),
(518, 41, 7, 'tele', 1, 'dropped'),
(519, 41, 5, 'tele', 1, 'dropped'),
(520, 41, 4, 'tele', 0, 'dropped'),
(521, 41, 2, 'tele', 1, 'dropped'),
(522, 41, 1, 'tele', 0, 'dropped'),
(523, 201, 5, 'tele', 1, 'dropped'),
(524, 201, 3, 'tele', 1, 'dropped'),
(525, 201, 2, 'tele', 0, 'dropped'),
(526, 121, 7, 'tele', 1, 'dropped'),
(527, 121, 5, 'tele', 1, 'dropped'),
(528, 121, 3, 'tele', 1, 'dropped'),
(529, 121, 1, 'tele', 1, 'dropped'),
(530, 361, 3, 'tele', 1, 'dropped'),
(531, 361, 1, 'tele', 1, 'dropped'),
(532, 441, 3, 'tele', 1, 'dropped'),
(533, 441, 1, 'tele', 1, 'dropped'),
(534, 362, 3, 'auto', 0, 'dropped'),
(535, 362, 2, 'auto', 0, 'dropped'),
(536, 362, 5, 'tele', 1, 'dropped'),
(537, 362, 4, 'tele', 0, 'dropped'),
(538, 362, 3, 'tele', 0, 'dropped'),
(539, 362, 2, 'tele', 0, 'dropped'),
(540, 202, 5, 'tele', 1, 'dropped'),
(541, 202, 3, 'tele', 1, 'dropped'),
(542, 202, 1, 'tele', 1, 'dropped'),
(543, 122, 2, 'tele', 0, 'dropped'),
(544, 282, 7, 'tele', 1, 'dropped'),
(545, 282, 5, 'tele', 1, 'dropped'),
(546, 282, 3, 'tele', 1, 'dropped'),
(547, 282, 1, 'tele', 1, 'dropped'),
(548, 442, 3, 'tele', 1, 'dropped'),
(549, 442, 2, 'tele', 0, 'dropped'),
(550, 123, 2, 'auto', 1, 'dropped'),
(551, 283, 3, 'tele', 1, 'dropped'),
(552, 283, 2, 'tele', 0, 'dropped'),
(553, 203, 1, 'tele', 1, 'dropped'),
(554, 363, 4, 'tele', 1, 'dropped'),
(555, 363, 2, 'tele', 1, 'dropped'),
(556, 43, 5, 'tele', 1, 'ground'),
(557, 43, 3, 'tele', 1, 'ground'),
(558, 43, 1, 'tele', 1, 'ground'),
(559, 444, 4, 'tele', 1, 'dropped'),
(560, 444, 2, 'tele', 1, 'dropped'),
(561, 364, 4, 'tele', 1, 'dropped'),
(562, 364, 2, 'tele', 1, 'dropped'),
(563, 44, 7, 'tele', 1, 'ground'),
(564, 44, 5, 'tele', 1, 'dropped'),
(565, 44, 3, 'tele', 1, 'dropped'),
(566, 44, 1, 'tele', 1, 'dropped'),
(567, 284, 2, 'tele', 1, 'dropped'),
(568, 204, 7, 'tele', 1, 'dropped'),
(569, 204, 5, 'tele', 1, 'dropped'),
(570, 204, 3, 'tele', 1, 'dropped'),
(571, 204, 1, 'tele', 1, 'dropped'),
(572, 124, 3, 'tele', 1, 'dropped'),
(573, 124, 1, 'tele', 1, 'dropped'),
(574, 125, 3, 'tele', 1, 'dropped'),
(575, 125, 1, 'tele', 1, 'dropped'),
(576, 45, 8, 'tele', 1, 'dropped'),
(577, 45, 7, 'tele', 0, 'dropped'),
(578, 45, 5, 'tele', 1, 'dropped'),
(579, 45, 4, 'tele', 0, 'dropped'),
(580, 45, 3, 'tele', 0, 'dropped'),
(581, 45, 1, 'tele', 1, 'dropped'),
(582, 365, 5, 'tele', 1, 'ground'),
(583, 365, 4, 'tele', 0, 'ground'),
(584, 365, 2, 'tele', 1, 'ground'),
(585, 445, 3, 'tele', 0, 'dropped'),
(586, 445, 2, 'tele', 0, 'dropped'),
(587, 205, 5, 'tele', 1, 'dropped'),
(588, 205, 4, 'tele', 1, 'dropped'),
(589, 205, 2, 'tele', 1, 'dropped'),
(590, 205, 1, 'tele', 0, 'dropped'),
(591, 285, 5, 'tele', 1, 'dropped'),
(592, 285, 3, 'tele', 1, 'dropped'),
(593, 285, 1, 'tele', 1, 'dropped'),
(594, 446, 4, 'tele', 1, 'dropped'),
(595, 446, 2, 'tele', 1, 'dropped'),
(596, 126, 3, 'tele', 0, 'dropped'),
(597, 126, 2, 'tele', 0, 'dropped'),
(598, 126, 1, 'tele', 0, 'dropped'),
(599, 366, 4, 'tele', 1, 'dropped'),
(600, 366, 2, 'tele', 1, 'dropped'),
(601, 286, 2, 'tele', 1, 'dropped'),
(602, 206, 3, 'tele', 1, 'dropped'),
(603, 206, 1, 'tele', 1, 'dropped'),
(604, 207, 4, 'tele', 1, 'dropped'),
(605, 207, 2, 'tele', 1, 'dropped'),
(606, 127, 6, 'tele', 1, 'dropped'),
(607, 127, 3, 'tele', 1, 'dropped'),
(608, 127, 1, 'tele', 1, 'dropped'),
(609, 447, 2, 'tele', 1, 'dropped'),
(610, 367, 7, 'tele', 1, 'dropped'),
(611, 367, 5, 'tele', 1, 'dropped'),
(612, 367, 3, 'tele', 1, 'dropped'),
(613, 367, 1, 'tele', 1, 'dropped'),
(614, 47, 7, 'tele', 1, 'ground'),
(615, 47, 5, 'tele', 1, 'ground'),
(616, 47, 2, 'tele', 1, 'ground'),
(617, 47, 1, 'tele', 1, 'dropped'),
(618, 208, 8, 'tele', 1, 'dropped'),
(619, 208, 6, 'tele', 1, 'dropped'),
(620, 208, 4, 'tele', 1, 'dropped'),
(621, 208, 2, 'tele', 1, 'dropped'),
(622, 288, 6, 'tele', 0, 'dropped'),
(623, 288, 5, 'tele', 0, 'dropped'),
(624, 288, 4, 'tele', 0, 'dropped'),
(625, 288, 2, 'tele', 1, 'dropped'),
(626, 368, 6, 'tele', 1, 'dropped'),
(627, 368, 4, 'tele', 1, 'dropped'),
(628, 368, 3, 'tele', 0, 'dropped'),
(629, 368, 1, 'tele', 1, 'dropped'),
(630, 448, 4, 'tele', 1, 'dropped'),
(631, 448, 2, 'tele', 1, 'dropped'),
(632, 48, 8, 'tele', 1, 'dropped'),
(633, 48, 6, 'tele', 1, 'dropped'),
(634, 48, 5, 'tele', 0, 'dropped'),
(635, 48, 3, 'tele', 1, 'dropped'),
(636, 48, 2, 'tele', 0, 'dropped'),
(637, 49, 2, 'tele', 1, 'dropped'),
(638, 289, 5, 'tele', 1, 'dropped'),
(639, 289, 4, 'tele', 1, 'dropped'),
(640, 289, 2, 'tele', 1, 'dropped'),
(641, 209, 7, 'tele', 0, 'dropped'),
(642, 209, 5, 'tele', 1, 'dropped'),
(643, 209, 4, 'tele', 0, 'dropped'),
(644, 209, 2, 'tele', 1, 'dropped'),
(645, 449, 6, 'tele', 1, 'dropped'),
(646, 449, 5, 'tele', 0, 'dropped'),
(647, 449, 4, 'tele', 0, 'dropped'),
(648, 449, 2, 'tele', 1, 'dropped'),
(649, 369, 2, 'tele', 1, 'dropped'),
(650, 130, 6, 'tele', 1, 'dropped'),
(651, 130, 4, 'tele', 1, 'dropped'),
(652, 130, 2, 'tele', 1, 'dropped'),
(653, 450, 1, 'tele', 1, 'dropped'),
(654, 50, 11, 'tele', 1, 'ground'),
(655, 50, 9, 'tele', 1, 'ground'),
(656, 50, 7, 'tele', 1, 'ground'),
(657, 50, 5, 'tele', 1, 'ground'),
(658, 50, 3, 'tele', 1, 'ground'),
(659, 50, 1, 'tele', 1, 'ground'),
(660, 210, 4, 'tele', 1, 'dropped'),
(661, 210, 2, 'tele', 1, 'dropped'),
(662, 51, 6, 'tele', 1, 'dropped'),
(663, 51, 4, 'tele', 1, 'dropped'),
(664, 51, 2, 'tele', 1, 'dropped'),
(665, 51, 1, 'tele', 0, 'dropped'),
(666, 131, 3, 'tele', 1, 'dropped'),
(667, 131, 2, 'tele', 1, 'dropped'),
(668, 371, 5, 'tele', 0, 'dropped'),
(669, 371, 3, 'tele', 1, 'dropped'),
(670, 371, 1, 'tele', 1, 'dropped'),
(671, 291, 4, 'tele', 0, 'dropped'),
(672, 291, 2, 'tele', 1, 'dropped'),
(673, 132, 4, 'tele', 1, 'dropped'),
(674, 132, 2, 'tele', 1, 'dropped'),
(675, 452, 7, 'tele', 0, 'dropped'),
(676, 452, 5, 'tele', 1, 'dropped'),
(677, 452, 3, 'tele', 1, 'dropped'),
(678, 452, 1, 'tele', 1, 'dropped'),
(679, 212, 9, 'tele', 1, 'dropped'),
(680, 212, 7, 'tele', 1, 'dropped'),
(681, 212, 5, 'tele', 1, 'dropped'),
(682, 212, 3, 'tele', 1, 'dropped'),
(683, 212, 1, 'tele', 1, 'dropped'),
(684, 52, 4, 'tele', 1, 'dropped'),
(685, 52, 2, 'tele', 1, 'dropped'),
(686, 372, 4, 'tele', 1, 'dropped'),
(687, 372, 1, 'tele', 1, 'dropped'),
(688, 292, 7, 'tele', 1, 'dropped'),
(689, 292, 6, 'tele', 0, 'dropped'),
(690, 292, 4, 'tele', 1, 'dropped'),
(691, 292, 2, 'tele', 1, 'dropped'),
(692, 453, 5, 'tele', 1, 'dropped'),
(693, 453, 3, 'tele', 1, 'dropped'),
(694, 453, 1, 'tele', 1, 'dropped'),
(695, 213, 2, 'tele', 1, 'dropped'),
(696, 133, 7, 'tele', 1, 'dropped'),
(697, 133, 5, 'tele', 1, 'dropped'),
(698, 133, 3, 'tele', 1, 'dropped'),
(699, 133, 1, 'tele', 1, 'dropped'),
(700, 53, 4, 'tele', 1, 'dropped'),
(701, 53, 2, 'tele', 1, 'dropped'),
(702, 53, 1, 'tele', 0, 'dropped'),
(703, 373, 2, 'auto', 1, 'dropped'),
(704, 293, 2, 'tele', 0, 'dropped'),
(705, 294, 3, 'tele', 1, 'dropped'),
(706, 294, 1, 'tele', 1, 'dropped'),
(707, 134, 5, 'tele', 1, 'dropped'),
(708, 134, 3, 'tele', 1, 'dropped'),
(709, 134, 1, 'tele', 1, 'dropped'),
(710, 374, 5, 'tele', 1, 'dropped'),
(711, 54, 4, 'tele', 1, 'dropped'),
(712, 54, 2, 'tele', 1, 'dropped'),
(713, 214, 4, 'tele', 0, 'dropped'),
(714, 214, 2, 'tele', 1, 'dropped'),
(715, 215, 3, 'tele', 1, 'dropped'),
(716, 215, 1, 'tele', 1, 'dropped'),
(717, 55, 2, 'tele', 1, 'dropped'),
(718, 135, 2, 'tele', 1, 'dropped'),
(719, 375, 6, 'tele', 1, 'dropped'),
(720, 375, 4, 'tele', 1, 'dropped'),
(721, 375, 2, 'tele', 1, 'dropped'),
(722, 295, 4, 'tele', 1, 'dropped'),
(723, 295, 2, 'tele', 1, 'dropped'),
(724, 456, 7, 'tele', 1, 'dropped'),
(725, 456, 6, 'tele', 0, 'dropped'),
(726, 456, 4, 'tele', 1, 'dropped'),
(727, 456, 2, 'tele', 1, 'dropped'),
(728, 56, 6, 'tele', 1, 'dropped'),
(729, 56, 4, 'tele', 1, 'dropped'),
(730, 56, 2, 'tele', 1, 'dropped'),
(731, 376, 4, 'tele', 1, 'dropped'),
(732, 376, 2, 'tele', 1, 'dropped'),
(733, 136, 1, 'tele', 0, 'dropped'),
(734, 216, 4, 'tele', 1, 'dropped'),
(735, 216, 2, 'tele', 1, 'dropped'),
(736, 297, 7, 'tele', 1, 'dropped'),
(737, 297, 6, 'tele', 1, 'dropped'),
(738, 297, 5, 'tele', 0, 'dropped'),
(739, 297, 4, 'tele', 0, 'dropped'),
(740, 297, 2, 'tele', 1, 'dropped'),
(741, 377, 2, 'tele', 1, 'dropped'),
(742, 377, 1, 'tele', 0, 'dropped'),
(743, 137, 3, 'tele', 1, 'dropped'),
(744, 137, 1, 'tele', 1, 'dropped'),
(745, 457, 15, 'tele', 1, 'ground'),
(746, 457, 13, 'tele', 1, 'ground'),
(747, 457, 11, 'tele', 1, 'ground'),
(748, 457, 9, 'tele', 1, 'ground'),
(749, 457, 7, 'tele', 1, 'ground'),
(750, 457, 5, 'tele', 1, 'ground'),
(751, 457, 2, 'tele', 1, 'ground'),
(752, 457, 1, 'tele', 1, 'dropped'),
(753, 217, 2, 'tele', 1, 'dropped'),
(754, 138, 3, 'tele', 1, 'dropped'),
(755, 138, 1, 'tele', 1, 'dropped'),
(756, 218, 7, 'tele', 1, 'dropped'),
(757, 218, 5, 'tele', 1, 'dropped'),
(758, 218, 4, 'tele', 0, 'dropped'),
(759, 218, 3, 'tele', 0, 'dropped'),
(760, 458, 8, 'tele', 1, 'dropped'),
(761, 458, 6, 'tele', 1, 'dropped'),
(762, 458, 4, 'tele', 1, 'dropped'),
(763, 458, 2, 'tele', 1, 'dropped'),
(764, 298, 9, 'tele', 1, 'dropped'),
(765, 298, 6, 'tele', 1, 'dropped'),
(766, 298, 4, 'tele', 1, 'dropped'),
(767, 59, 4, 'tele', 1, 'dropped'),
(768, 59, 2, 'tele', 1, 'dropped'),
(769, 459, 3, 'tele', 1, 'dropped'),
(770, 459, 2, 'tele', 0, 'dropped'),
(771, 379, 3, 'tele', 1, 'dropped'),
(772, 379, 1, 'tele', 1, 'dropped'),
(773, 219, 6, 'tele', 1, 'dropped'),
(774, 219, 4, 'tele', 1, 'dropped'),
(775, 219, 2, 'tele', 1, 'dropped'),
(776, 139, 8, 'tele', 1, 'dropped'),
(777, 139, 7, 'tele', 0, 'dropped'),
(778, 139, 5, 'tele', 1, 'dropped'),
(779, 139, 4, 'tele', 0, 'dropped'),
(780, 139, 2, 'tele', 1, 'dropped'),
(781, 140, 4, 'tele', 1, 'dropped'),
(782, 140, 2, 'tele', 1, 'dropped'),
(783, 60, 4, 'tele', 1, 'dropped'),
(784, 60, 2, 'tele', 1, 'dropped'),
(785, 460, 7, 'tele', 1, 'dropped'),
(786, 460, 5, 'tele', 1, 'dropped'),
(787, 460, 3, 'tele', 1, 'dropped'),
(788, 460, 1, 'tele', 1, 'dropped'),
(789, 380, 6, 'tele', 1, 'dropped'),
(790, 380, 4, 'tele', 1, 'dropped'),
(791, 380, 2, 'tele', 1, 'dropped'),
(792, 300, 2, 'tele', 1, 'dropped'),
(793, 461, 1, 'tele', 1, 'dropped'),
(794, 221, 7, 'tele', 1, 'dropped'),
(795, 221, 5, 'tele', 1, 'ground'),
(796, 221, 3, 'tele', 1, 'dropped'),
(797, 221, 1, 'tele', 1, 'dropped'),
(798, 381, 9, 'tele', 1, 'dropped'),
(799, 381, 8, 'tele', 0, 'dropped'),
(800, 381, 6, 'tele', 1, 'dropped'),
(801, 381, 4, 'tele', 0, 'dropped'),
(802, 381, 3, 'tele', 1, 'dropped'),
(803, 381, 2, 'tele', 0, 'dropped'),
(804, 61, 13, 'tele', 1, 'ground'),
(805, 61, 11, 'tele', 1, 'ground'),
(806, 61, 9, 'tele', 1, 'ground'),
(807, 61, 7, 'tele', 1, 'ground'),
(808, 61, 5, 'tele', 1, 'ground'),
(809, 61, 3, 'tele', 1, 'ground'),
(810, 61, 1, 'tele', 1, 'ground'),
(811, 462, 2, 'tele', 1, 'dropped'),
(812, 382, 4, 'tele', 0, 'dropped'),
(813, 382, 3, 'tele', 0, 'dropped'),
(814, 382, 2, 'tele', 0, 'dropped'),
(815, 302, 2, 'tele', 1, 'dropped'),
(816, 222, 8, 'tele', 1, 'dropped'),
(817, 222, 6, 'tele', 1, 'dropped'),
(818, 222, 4, 'tele', 1, 'dropped'),
(819, 222, 2, 'tele', 1, 'dropped'),
(820, 303, 9, 'tele', 1, 'dropped'),
(821, 303, 7, 'tele', 1, 'dropped'),
(822, 303, 5, 'tele', 1, 'dropped'),
(823, 303, 3, 'tele', 1, 'dropped'),
(824, 303, 1, 'tele', 1, 'dropped'),
(825, 463, 4, 'tele', 1, 'dropped'),
(826, 463, 2, 'tele', 1, 'dropped'),
(827, 463, 1, 'tele', 0, 'dropped'),
(828, 143, 6, 'tele', 1, 'dropped'),
(829, 143, 5, 'tele', 0, 'dropped'),
(830, 143, 3, 'tele', 1, 'dropped'),
(831, 143, 1, 'tele', 1, 'dropped'),
(832, 223, 4, 'tele', 1, 'dropped'),
(833, 223, 2, 'tele', 1, 'dropped'),
(834, 384, 6, 'tele', 1, 'dropped'),
(835, 384, 4, 'tele', 1, 'dropped'),
(836, 384, 3, 'tele', 0, 'dropped'),
(837, 384, 1, 'tele', 1, 'dropped'),
(838, 144, 5, 'tele', 1, 'dropped'),
(839, 144, 4, 'tele', 0, 'dropped'),
(840, 144, 3, 'tele', 0, 'dropped'),
(841, 144, 1, 'tele', 1, 'dropped'),
(842, 304, 7, 'tele', 1, 'dropped'),
(843, 304, 6, 'tele', 1, 'dropped'),
(844, 304, 4, 'tele', 1, 'dropped'),
(845, 304, 2, 'tele', 1, 'dropped'),
(846, 64, 5, 'tele', 0, 'dropped'),
(847, 64, 4, 'tele', 0, 'dropped'),
(848, 64, 3, 'tele', 0, 'dropped'),
(849, 64, 1, 'tele', 1, 'dropped'),
(850, 224, 7, 'tele', 1, 'dropped'),
(851, 224, 6, 'tele', 0, 'dropped'),
(852, 224, 4, 'tele', 1, 'dropped'),
(853, 224, 2, 'tele', 1, 'dropped'),
(854, 305, 6, 'tele', 1, 'dropped'),
(855, 305, 4, 'tele', 1, 'dropped'),
(856, 305, 2, 'tele', 1, 'dropped'),
(857, 225, 3, 'tele', 1, 'dropped'),
(858, 225, 1, 'tele', 1, 'dropped'),
(859, 145, 7, 'tele', 1, 'dropped'),
(860, 145, 5, 'tele', 1, 'dropped'),
(861, 145, 3, 'tele', 1, 'dropped'),
(862, 145, 1, 'tele', 1, 'dropped'),
(863, 65, 7, 'tele', 1, 'dropped'),
(864, 65, 5, 'tele', 1, 'dropped'),
(865, 65, 3, 'tele', 1, 'dropped'),
(866, 65, 1, 'tele', 1, 'dropped'),
(867, 385, 4, 'tele', 1, 'dropped'),
(868, 385, 2, 'tele', 1, 'dropped'),
(869, 226, 3, 'tele', 1, 'dropped'),
(870, 66, 5, 'tele', 0, 'dropped'),
(871, 66, 4, 'tele', 0, 'dropped'),
(872, 66, 3, 'tele', 0, 'dropped'),
(873, 66, 2, 'tele', 0, 'dropped'),
(874, 146, 5, 'tele', 1, 'dropped'),
(875, 146, 4, 'tele', 0, 'dropped'),
(876, 146, 3, 'tele', 0, 'dropped'),
(877, 67, 2, 'tele', 1, 'dropped'),
(878, 147, 2, 'tele', 1, 'dropped'),
(879, 467, 9, 'tele', 1, 'dropped'),
(880, 467, 7, 'tele', 1, 'dropped'),
(881, 467, 5, 'tele', 1, 'dropped'),
(882, 467, 3, 'tele', 1, 'dropped'),
(883, 467, 1, 'tele', 1, 'dropped'),
(884, 387, 4, 'tele', 1, 'dropped'),
(885, 387, 2, 'tele', 1, 'dropped'),
(886, 307, 6, 'tele', 1, 'dropped'),
(887, 307, 4, 'tele', 1, 'dropped'),
(888, 307, 1, 'tele', 1, 'dropped'),
(889, 388, 4, 'tele', 1, 'dropped'),
(890, 388, 2, 'tele', 1, 'dropped'),
(891, 148, 6, 'tele', 1, 'dropped'),
(892, 148, 3, 'tele', 1, 'dropped'),
(893, 148, 1, 'tele', 1, 'dropped'),
(894, 68, 2, 'tele', 0, 'dropped'),
(895, 468, 4, 'tele', 1, 'dropped'),
(896, 468, 2, 'tele', 1, 'dropped'),
(897, 308, 7, 'tele', 1, 'dropped'),
(898, 308, 5, 'tele', 1, 'ground'),
(899, 308, 3, 'tele', 1, 'dropped'),
(900, 308, 1, 'tele', 1, 'ground'),
(901, 228, 8, 'tele', 1, 'dropped'),
(902, 228, 5, 'tele', 1, 'dropped'),
(903, 228, 1, 'tele', 1, 'ground'),
(904, 149, 7, 'tele', 1, 'dropped'),
(905, 149, 6, 'tele', 0, 'dropped'),
(906, 149, 5, 'tele', 0, 'dropped'),
(907, 149, 3, 'tele', 1, 'dropped'),
(908, 149, 2, 'tele', 0, 'dropped'),
(909, 69, 4, 'tele', 0, 'dropped'),
(910, 69, 3, 'tele', 0, 'dropped'),
(911, 69, 2, 'tele', 0, 'dropped'),
(912, 469, 6, 'tele', 1, 'dropped'),
(913, 469, 4, 'tele', 1, 'dropped'),
(914, 469, 2, 'tele', 1, 'dropped'),
(915, 389, 6, 'tele', 0, 'dropped'),
(916, 389, 5, 'tele', 0, 'dropped'),
(917, 389, 4, 'tele', 0, 'dropped'),
(918, 389, 3, 'tele', 0, 'dropped'),
(919, 389, 2, 'tele', 0, 'dropped'),
(920, 229, 4, 'tele', 1, 'dropped'),
(921, 229, 3, 'tele', 0, 'dropped'),
(922, 229, 1, 'tele', 1, 'dropped'),
(923, 470, 4, 'tele', 1, 'dropped'),
(924, 470, 2, 'tele', 1, 'dropped'),
(925, 70, 6, 'tele', 1, 'dropped'),
(926, 70, 4, 'tele', 1, 'dropped'),
(927, 70, 2, 'tele', 1, 'dropped'),
(928, 390, 5, 'tele', 0, 'dropped'),
(929, 390, 3, 'tele', 1, 'dropped'),
(930, 390, 1, 'tele', 1, 'dropped'),
(931, 310, 2, 'tele', 1, 'dropped'),
(932, 71, 5, 'tele', 1, 'dropped'),
(933, 71, 3, 'tele', 1, 'dropped'),
(934, 71, 1, 'tele', 1, 'dropped'),
(935, 231, 3, 'tele', 1, 'dropped'),
(936, 391, 4, 'tele', 1, 'dropped'),
(937, 391, 2, 'tele', 1, 'dropped'),
(938, 471, 7, 'tele', 1, 'dropped'),
(939, 471, 4, 'tele', 1, 'dropped'),
(940, 311, 5, 'tele', 1, 'dropped'),
(941, 232, 6, 'tele', 1, 'dropped'),
(942, 232, 4, 'tele', 1, 'dropped'),
(943, 232, 2, 'tele', 1, 'dropped'),
(944, 152, 2, 'tele', 0, 'dropped'),
(945, 72, 1, 'auto', 1, 'dropped'),
(946, 392, 4, 'tele', 1, 'dropped'),
(947, 392, 2, 'tele', 1, 'dropped'),
(948, 473, 8, 'tele', 1, 'dropped'),
(949, 473, 7, 'tele', 0, 'dropped'),
(950, 473, 6, 'tele', 0, 'dropped'),
(951, 473, 4, 'tele', 1, 'dropped'),
(952, 473, 2, 'tele', 1, 'dropped'),
(953, 73, 8, 'tele', 1, 'dropped'),
(954, 73, 6, 'tele', 1, 'dropped'),
(955, 73, 4, 'tele', 1, 'dropped'),
(956, 73, 2, 'tele', 1, 'dropped'),
(957, 233, 5, 'tele', 1, 'dropped'),
(958, 233, 3, 'tele', 1, 'dropped'),
(959, 233, 1, 'tele', 1, 'dropped'),
(960, 74, 4, 'tele', 1, 'dropped'),
(961, 74, 2, 'tele', 1, 'dropped'),
(962, 74, 1, 'tele', 0, 'dropped'),
(963, 394, 5, 'tele', 1, 'dropped'),
(964, 394, 3, 'tele', 1, 'dropped'),
(965, 394, 2, 'tele', 1, 'dropped'),
(966, 474, 3, 'tele', 1, 'dropped'),
(967, 474, 1, 'tele', 1, 'dropped'),
(968, 234, 8, 'tele', 1, 'ground'),
(969, 234, 6, 'tele', 1, 'ground'),
(970, 234, 4, 'tele', 1, 'ground'),
(971, 234, 2, 'tele', 1, 'ground'),
(972, 154, 5, 'tele', 1, 'dropped'),
(973, 154, 3, 'tele', 1, 'dropped'),
(974, 154, 1, 'tele', 1, 'dropped'),
(975, 155, 2, 'tele', 1, 'dropped'),
(976, 315, 6, 'tele', 1, 'dropped'),
(977, 315, 4, 'tele', 1, 'dropped'),
(978, 315, 3, 'tele', 0, 'dropped'),
(979, 315, 2, 'tele', 0, 'dropped'),
(980, 75, 6, 'tele', 1, 'dropped'),
(981, 75, 4, 'tele', 1, 'dropped'),
(982, 75, 2, 'tele', 1, 'dropped'),
(983, 395, 2, 'tele', 1, 'dropped'),
(984, 475, 3, 'tele', 1, 'dropped'),
(985, 475, 1, 'tele', 1, 'dropped'),
(986, 76, 4, 'tele', 1, 'dropped'),
(987, 76, 2, 'tele', 1, 'dropped'),
(988, 156, 5, 'tele', 1, 'dropped'),
(989, 156, 3, 'tele', 1, 'dropped'),
(990, 156, 1, 'tele', 1, 'dropped'),
(991, 236, 6, 'tele', 1, 'ground'),
(992, 236, 5, 'tele', 1, 'ground'),
(993, 236, 3, 'tele', 1, 'dropped'),
(994, 236, 1, 'tele', 1, 'dropped'),
(995, 476, 6, 'tele', 1, 'dropped'),
(996, 476, 4, 'tele', 1, 'dropped'),
(997, 476, 2, 'tele', 1, 'dropped'),
(998, 476, 1, 'tele', 1, 'dropped'),
(999, 316, 3, 'tele', 1, 'dropped'),
(1000, 316, 2, 'tele', 0, 'dropped'),
(1001, 397, 3, 'tele', 1, 'dropped'),
(1002, 477, 7, 'tele', 1, 'dropped'),
(1003, 477, 6, 'tele', 0, 'dropped'),
(1004, 477, 5, 'tele', 0, 'dropped'),
(1005, 477, 4, 'tele', 0, 'dropped'),
(1006, 477, 2, 'tele', 1, 'dropped'),
(1007, 237, 5, 'tele', 1, 'dropped'),
(1008, 237, 3, 'tele', 1, 'dropped'),
(1009, 237, 1, 'tele', 1, 'dropped'),
(1010, 478, 3, 'tele', 1, 'dropped'),
(1011, 478, 2, 'tele', 0, 'dropped'),
(1012, 478, 1, 'tele', 0, 'dropped'),
(1013, 78, 7, 'tele', 1, 'dropped'),
(1014, 78, 5, 'tele', 1, 'dropped'),
(1015, 78, 3, 'tele', 1, 'dropped'),
(1016, 78, 1, 'tele', 1, 'dropped'),
(1017, 398, 2, 'tele', 0, 'dropped'),
(1018, 238, 3, 'tele', 1, 'dropped'),
(1019, 238, 1, 'tele', 1, 'dropped'),
(1020, 319, 3, 'tele', 1, 'dropped'),
(1021, 319, 1, 'tele', 1, 'dropped'),
(1022, 399, 6, 'tele', 0, 'dropped'),
(1023, 399, 4, 'tele', 1, 'dropped'),
(1024, 399, 3, 'tele', 0, 'dropped'),
(1025, 399, 1, 'tele', 1, 'dropped'),
(1026, 479, 7, 'tele', 0, 'dropped'),
(1027, 479, 5, 'tele', 1, 'dropped'),
(1028, 479, 3, 'tele', 1, 'dropped'),
(1029, 479, 2, 'tele', 0, 'dropped'),
(1030, 159, 3, 'tele', 1, 'dropped'),
(1031, 159, 2, 'tele', 0, 'dropped'),
(1032, 79, 1, 'tele', 1, 'dropped'),
(1033, 240, 5, 'tele', 1, 'dropped'),
(1034, 240, 4, 'tele', 0, 'dropped'),
(1035, 240, 2, 'tele', 1, 'dropped'),
(1036, 320, 5, 'tele', 1, 'dropped'),
(1037, 320, 3, 'tele', 1, 'dropped'),
(1038, 320, 2, 'tele', 0, 'dropped'),
(1039, 160, 4, 'tele', 1, 'dropped'),
(1040, 160, 3, 'tele', 0, 'dropped'),
(1041, 160, 1, 'tele', 1, 'dropped'),
(1042, 80, 3, 'tele', 1, 'dropped'),
(1043, 80, 2, 'tele', 0, 'dropped'),
(1044, 480, 5, 'tele', 1, 'dropped'),
(1045, 480, 3, 'tele', 1, 'dropped'),
(1046, 480, 1, 'tele', 1, 'dropped');

-- --------------------------------------------------------

--
-- Table structure for table `matchgears`
--

CREATE TABLE IF NOT EXISTS `matchgears` (
  `id` int(10) unsigned NOT NULL AUTO_INCREMENT,
  `teamMatchID` int(10) unsigned NOT NULL,
  `orderID` int(10) unsigned NOT NULL,
  `mode` enum('auto','tele') NOT NULL,
  `location` enum('left','right','center') NOT NULL,
  `result` tinyint(1) NOT NULL,
  PRIMARY KEY (`id`),
  UNIQUE KEY `matchgears_teammatchid_orderid_unique` (`teamMatchID`,`orderID`,`mode`)
) ENGINE=InnoDB  DEFAULT CHARSET=latin1 AUTO_INCREMENT=1183 ;

--
-- Dumping data for table `matchgears`
--

INSERT INTO `matchgears` (`id`, `teamMatchID`, `orderID`, `mode`, `location`, `result`) VALUES
(1, 161, 3, 'tele', 'right', 1),
(2, 161, 1, 'tele', 'right', 1),
(3, 241, 5, 'tele', 'left', 1),
(4, 241, 3, 'tele', 'left', 1),
(5, 241, 1, 'tele', 'left', 1),
(6, 401, 2, 'tele', 'center', 0),
(7, 401, 1, 'tele', 'center', 0),
(8, 81, 1, 'auto', 'center', 1),
(9, 81, 6, 'tele', 'right', 1),
(10, 81, 1, 'tele', 'left', 1),
(11, 321, 4, 'tele', 'center', 1),
(12, 321, 2, 'tele', 'center', 1),
(13, 1, 5, 'tele', 'left', 1),
(14, 1, 3, 'tele', 'left', 1),
(15, 1, 1, 'tele', 'left', 1),
(16, 402, 3, 'tele', 'center', 0),
(17, 402, 1, 'tele', 'right', 1),
(18, 162, 1, 'auto', 'center', 1),
(19, 162, 6, 'tele', 'center', 1),
(20, 162, 4, 'tele', 'right', 1),
(21, 162, 2, 'tele', 'center', 1),
(22, 2, 7, 'tele', 'right', 1),
(23, 2, 5, 'tele', 'center', 0),
(24, 2, 3, 'tele', 'right', 1),
(25, 2, 1, 'tele', 'left', 1),
(26, 242, 1, 'tele', 'left', 1),
(27, 163, 5, 'tele', 'right', 1),
(28, 163, 3, 'tele', 'right', 1),
(29, 163, 1, 'tele', 'left', 1),
(30, 3, 1, 'auto', 'center', 0),
(31, 3, 5, 'tele', 'center', 1),
(32, 3, 3, 'tele', 'center', 1),
(33, 3, 1, 'tele', 'center', 1),
(34, 83, 4, 'tele', 'left', 0),
(35, 83, 1, 'tele', 'right', 0),
(36, 323, 1, 'tele', 'right', 0),
(37, 403, 8, 'tele', 'center', 1),
(38, 403, 6, 'tele', 'left', 1),
(39, 403, 2, 'tele', 'left', 1),
(40, 243, 2, 'tele', 'right', 1),
(41, 84, 1, 'auto', 'center', 1),
(42, 84, 7, 'tele', 'left', 1),
(43, 84, 4, 'tele', 'center', 1),
(44, 84, 2, 'tele', 'center', 1),
(45, 244, 3, 'tele', 'left', 1),
(46, 244, 1, 'tele', 'left', 1),
(47, 4, 1, 'auto', 'left', 1),
(48, 4, 4, 'tele', 'left', 1),
(49, 4, 2, 'tele', 'left', 1),
(50, 164, 5, 'tele', 'left', 1),
(51, 164, 3, 'tele', 'right', 1),
(52, 164, 1, 'tele', 'right', 1),
(53, 325, 1, 'auto', 'center', 1),
(54, 325, 6, 'tele', 'center', 1),
(55, 325, 4, 'tele', 'center', 1),
(56, 325, 2, 'tele', 'center', 1),
(57, 85, 8, 'tele', 'right', 1),
(58, 85, 6, 'tele', 'right', 1),
(59, 85, 4, 'tele', 'right', 1),
(60, 85, 3, 'tele', 'right', 1),
(61, 5, 1, 'auto', 'center', 1),
(62, 5, 2, 'tele', 'center', 1),
(63, 405, 1, 'tele', 'right', 1),
(64, 245, 1, 'auto', 'left', 0),
(65, 245, 4, 'tele', 'left', 1),
(66, 245, 2, 'tele', 'left', 0),
(67, 165, 3, 'tele', 'left', 1),
(68, 165, 1, 'tele', 'left', 1),
(69, 326, 1, 'tele', 'right', 1),
(70, 6, 1, 'tele', 'left', 1),
(71, 406, 7, 'tele', 'center', 1),
(72, 406, 5, 'tele', 'right', 1),
(73, 406, 3, 'tele', 'right', 1),
(74, 406, 1, 'tele', 'center', 1),
(75, 166, 5, 'tele', 'right', 1),
(76, 166, 3, 'tele', 'right', 1),
(77, 246, 1, 'tele', 'left', 1),
(78, 86, 1, 'auto', 'center', 1),
(79, 86, 6, 'tele', 'center', 1),
(80, 86, 4, 'tele', 'center', 1),
(81, 86, 2, 'tele', 'center', 1),
(82, 7, 1, 'auto', 'left', 1),
(83, 7, 4, 'tele', 'left', 1),
(84, 7, 2, 'tele', 'left', 1),
(85, 87, 1, 'auto', 'center', 1),
(86, 87, 6, 'tele', 'center', 1),
(87, 247, 1, 'auto', 'center', 0),
(88, 247, 4, 'tele', 'left', 1),
(89, 167, 1, 'auto', 'right', 0),
(90, 167, 8, 'tele', 'right', 1),
(91, 167, 6, 'tele', 'right', 1),
(92, 167, 4, 'tele', 'right', 1),
(93, 167, 1, 'tele', 'right', 1),
(94, 327, 1, 'auto', 'right', 1),
(95, 327, 6, 'tele', 'center', 1),
(96, 327, 4, 'tele', 'right', 1),
(97, 407, 8, 'tele', 'left', 1),
(98, 407, 5, 'tele', 'left', 1),
(99, 407, 2, 'tele', 'left', 1),
(100, 8, 1, 'auto', 'center', 1),
(101, 8, 10, 'tele', 'center', 1),
(102, 8, 8, 'tele', 'right', 1),
(103, 8, 6, 'tele', 'right', 1),
(104, 8, 4, 'tele', 'center', 1),
(105, 8, 2, 'tele', 'left', 1),
(106, 248, 5, 'tele', 'left', 1),
(107, 248, 3, 'tele', 'left', 1),
(108, 248, 1, 'tele', 'left', 1),
(109, 408, 1, 'auto', 'center', 1),
(110, 408, 7, 'tele', 'right', 0),
(111, 408, 4, 'tele', 'right', 1),
(112, 408, 2, 'tele', 'left', 1),
(113, 168, 5, 'tele', 'center', 1),
(114, 168, 3, 'tele', 'right', 1),
(115, 168, 1, 'tele', 'right', 1),
(116, 88, 1, 'auto', 'left', 1),
(117, 88, 7, 'tele', 'center', 0),
(118, 88, 4, 'tele', 'center', 1),
(119, 88, 2, 'tele', 'center', 1),
(120, 409, 1, 'tele', 'right', 0),
(121, 169, 1, 'auto', 'center', 1),
(122, 169, 2, 'tele', 'center', 1),
(123, 249, 1, 'tele', 'center', 1),
(124, 89, 7, 'tele', 'center', 1),
(125, 89, 5, 'tele', 'left', 1),
(126, 89, 3, 'tele', 'center', 1),
(127, 89, 1, 'tele', 'right', 0),
(128, 329, 1, 'auto', 'left', 0),
(129, 329, 6, 'tele', 'left', 1),
(130, 329, 4, 'tele', 'left', 1),
(131, 329, 2, 'tele', 'left', 1),
(132, 10, 1, 'auto', 'left', 1),
(133, 10, 4, 'tele', 'left', 1),
(134, 10, 2, 'tele', 'left', 0),
(135, 330, 7, 'tele', 'right', 1),
(136, 330, 5, 'tele', 'right', 1),
(137, 330, 3, 'tele', 'center', 1),
(138, 330, 1, 'tele', 'center', 1),
(139, 250, 1, 'tele', 'right', 1),
(140, 410, 9, 'tele', 'center', 1),
(141, 410, 7, 'tele', 'center', 1),
(142, 410, 5, 'tele', 'right', 1),
(143, 410, 3, 'tele', 'center', 1),
(144, 410, 1, 'tele', 'left', 0),
(145, 170, 1, 'auto', 'center', 0),
(146, 170, 8, 'tele', 'right', 1),
(147, 170, 6, 'tele', 'right', 1),
(148, 170, 4, 'tele', 'right', 1),
(149, 170, 2, 'tele', 'right', 1),
(151, 11, 1, 'tele', 'right', 1),
(152, 411, 3, 'tele', 'right', 1),
(153, 411, 1, 'tele', 'right', 1),
(154, 171, 1, 'auto', 'center', 1),
(155, 171, 2, 'tele', 'left', 0),
(156, 331, 5, 'tele', 'left', 1),
(157, 331, 3, 'tele', 'left', 1),
(158, 251, 1, 'auto', 'center', 1),
(159, 251, 7, 'tele', 'left', 1),
(160, 251, 5, 'tele', 'center', 1),
(161, 251, 3, 'tele', 'left', 1),
(162, 12, 5, 'tele', 'center', 1),
(163, 12, 3, 'tele', 'left', 1),
(164, 12, 1, 'tele', 'left', 1),
(165, 252, 1, 'auto', 'center', 1),
(166, 252, 6, 'tele', 'center', 1),
(167, 252, 4, 'tele', 'center', 1),
(168, 252, 2, 'tele', 'center', 1),
(169, 332, 1, 'tele', 'right', 1),
(170, 92, 3, 'tele', 'left', 1),
(171, 92, 1, 'tele', 'right', 1),
(172, 172, 1, 'auto', 'center', 1),
(173, 172, 8, 'tele', 'center', 1),
(174, 172, 6, 'tele', 'right', 1),
(175, 172, 3, 'tele', 'right', 1),
(176, 172, 2, 'tele', 'center', 1),
(177, 412, 2, 'tele', 'center', 1),
(178, 173, 1, 'auto', 'center', 1),
(179, 173, 2, 'tele', 'center', 1),
(180, 253, 5, 'tele', 'right', 1),
(181, 253, 3, 'tele', 'right', 1),
(182, 253, 1, 'tele', 'right', 1),
(183, 333, 1, 'tele', 'center', 1),
(184, 93, 2, 'tele', 'right', 1),
(185, 413, 1, 'auto', 'center', 0),
(186, 413, 10, 'tele', 'right', 1),
(187, 413, 8, 'tele', 'left', 1),
(188, 413, 5, 'tele', 'center', 1),
(189, 413, 2, 'tele', 'left', 1),
(190, 414, 1, 'auto', 'right', 0),
(191, 414, 4, 'tele', 'right', 0),
(192, 414, 2, 'tele', 'right', 0),
(193, 14, 2, 'tele', 'left', 1),
(194, 334, 6, 'tele', 'center', 1),
(195, 334, 4, 'tele', 'right', 1),
(196, 94, 5, 'tele', 'left', 0),
(197, 94, 3, 'tele', 'right', 1),
(198, 94, 1, 'tele', 'center', 1),
(199, 254, 3, 'tele', 'center', 1),
(200, 254, 1, 'tele', 'center', 1),
(201, 415, 3, 'tele', 'right', 1),
(202, 415, 1, 'tele', 'right', 1),
(203, 95, 1, 'auto', 'center', 1),
(204, 95, 6, 'tele', 'left', 1),
(205, 95, 4, 'tele', 'left', 1),
(206, 95, 2, 'tele', 'left', 1),
(207, 255, 1, 'tele', 'left', 1),
(208, 15, 1, 'auto', 'left', 1),
(209, 175, 13, 'tele', 'right', 1),
(210, 175, 11, 'tele', 'center', 1),
(211, 175, 9, 'tele', 'right', 0),
(212, 175, 7, 'tele', 'center', 1),
(213, 175, 5, 'tele', 'right', 1),
(214, 175, 2, 'tele', 'right', 1),
(215, 175, 1, 'tele', 'right', 0),
(216, 335, 7, 'tele', 'center', 1),
(217, 335, 5, 'tele', 'center', 1),
(218, 335, 3, 'tele', 'center', 1),
(219, 335, 1, 'tele', 'center', 1),
(220, 96, 1, 'auto', 'center', 1),
(221, 96, 10, 'tele', 'center', 1),
(222, 96, 8, 'tele', 'center', 1),
(223, 96, 6, 'tele', 'center', 1),
(224, 96, 4, 'tele', 'center', 1),
(225, 96, 2, 'tele', 'left', 1),
(226, 256, 1, 'auto', 'center', 1),
(227, 256, 4, 'tele', 'left', 1),
(228, 256, 2, 'tele', 'left', 1),
(229, 16, 3, 'tele', 'center', 1),
(230, 16, 1, 'tele', 'left', 1),
(231, 336, 6, 'tele', 'center', 1),
(232, 336, 4, 'tele', 'right', 1),
(233, 336, 1, 'tele', 'left', 1),
(234, 176, 5, 'tele', 'right', 1),
(235, 176, 3, 'tele', 'right', 1),
(236, 176, 1, 'tele', 'center', 1),
(237, 337, 4, 'tele', 'right', 1),
(238, 337, 2, 'tele', 'left', 1),
(239, 417, 1, 'auto', 'center', 1),
(240, 417, 6, 'tele', 'center', 1),
(241, 417, 4, 'tele', 'center', 1),
(242, 417, 2, 'tele', 'right', 1),
(243, 177, 3, 'tele', 'center', 0),
(244, 177, 1, 'tele', 'right', 1),
(245, 257, 1, 'tele', 'left', 1),
(246, 97, 1, 'auto', 'center', 1),
(247, 97, 4, 'tele', 'center', 1),
(248, 97, 2, 'tele', 'left', 1),
(250, 17, 3, 'tele', 'left', 1),
(251, 18, 5, 'tele', 'left', 0),
(252, 18, 3, 'tele', 'left', 1),
(253, 18, 1, 'tele', 'left', 1),
(254, 418, 1, 'tele', 'right', 1),
(255, 258, 1, 'tele', 'left', 1),
(256, 338, 1, 'auto', 'center', 1),
(257, 338, 6, 'tele', 'left', 1),
(258, 338, 2, 'tele', 'left', 1),
(259, 98, 3, 'tele', 'center', 1),
(260, 98, 1, 'tele', 'right', 0),
(261, 419, 3, 'tele', 'right', 1),
(262, 419, 1, 'tele', 'center', 1),
(263, 19, 1, 'tele', 'left', 1),
(264, 339, 5, 'tele', 'center', 1),
(265, 339, 3, 'tele', 'right', 1),
(266, 339, 1, 'tele', 'right', 1),
(267, 99, 2, 'tele', 'right', 0),
(268, 261, 1, 'auto', 'center', 1),
(269, 261, 6, 'tele', 'center', 1),
(270, 261, 4, 'tele', 'left', 1),
(271, 261, 2, 'tele', 'left', 1),
(272, 181, 6, 'tele', 'right', 1),
(273, 181, 4, 'tele', 'right', 1),
(274, 181, 2, 'tele', 'center', 1),
(275, 101, 4, 'tele', 'left', 1),
(276, 101, 1, 'tele', 'left', 1),
(277, 420, 1, 'auto', 'center', 1),
(278, 420, 4, 'tele', 'left', 0),
(279, 420, 2, 'tele', 'right', 0),
(280, 180, 7, 'tele', 'right', 1),
(281, 180, 5, 'tele', 'right', 0),
(282, 180, 3, 'tele', 'right', 1),
(283, 260, 5, 'tele', 'center', 1),
(284, 260, 3, 'tele', 'center', 1),
(285, 178, 5, 'tele', 'center', 1),
(286, 178, 3, 'tele', 'right', 1),
(287, 178, 1, 'tele', 'center', 1),
(288, 20, 1, 'auto', 'center', 1),
(289, 20, 6, 'tele', 'center', 1),
(290, 20, 4, 'tele', 'center', 1),
(291, 20, 2, 'tele', 'center', 1),
(292, 421, 1, 'auto', 'left', 1),
(293, 421, 5, 'tele', 'right', 1),
(294, 421, 3, 'tele', 'right', 1),
(295, 421, 1, 'tele', 'center', 1),
(298, 182, 1, 'tele', 'right', 1),
(299, 422, 1, 'auto', 'center', 0),
(300, 422, 1, 'tele', 'center', 1),
(301, 262, 5, 'tele', 'left', 1),
(302, 262, 3, 'tele', 'left', 1),
(303, 262, 1, 'tele', 'left', 1),
(304, 22, 3, 'tele', 'left', 0),
(305, 22, 1, 'tele', 'center', 1),
(306, 342, 1, 'auto', 'right', 1),
(307, 342, 2, 'tele', 'right', 1),
(308, 102, 3, 'tele', 'center', 1),
(309, 102, 1, 'tele', 'right', 1),
(310, 179, 1, 'auto', 'center', 0),
(311, 179, 6, 'tele', 'right', 0),
(312, 179, 4, 'tele', 'right', 1),
(313, 179, 2, 'tele', 'center', 0),
(314, 23, 1, 'auto', 'center', 1),
(315, 23, 4, 'tele', 'left', 1),
(316, 23, 2, 'tele', 'left', 1),
(317, 343, 1, 'auto', 'center', 1),
(318, 343, 4, 'tele', 'right', 1),
(319, 343, 2, 'tele', 'right', 1),
(320, 263, 7, 'tele', 'left', 1),
(321, 263, 5, 'tele', 'left', 1),
(322, 263, 3, 'tele', 'left', 1),
(323, 263, 1, 'tele', 'right', 1),
(324, 423, 7, 'tele', 'right', 1),
(325, 423, 5, 'tele', 'left', 1),
(326, 423, 3, 'tele', 'right', 1),
(327, 423, 1, 'tele', 'left', 1),
(328, 183, 5, 'tele', 'center', 1),
(329, 183, 3, 'tele', 'center', 1),
(330, 183, 1, 'tele', 'right', 1),
(331, 340, 2, 'tele', 'right', 0),
(332, 184, 1, 'tele', 'right', 1),
(333, 104, 1, 'auto', 'left', 1),
(334, 104, 2, 'tele', 'right', 1),
(335, 344, 1, 'tele', 'left', 1),
(336, 424, 5, 'tele', 'center', 1),
(337, 424, 3, 'tele', 'right', 1),
(338, 424, 1, 'tele', 'right', 1),
(339, 24, 4, 'tele', 'center', 1),
(340, 24, 2, 'tele', 'center', 1),
(341, 264, 1, 'auto', 'right', 1),
(342, 264, 5, 'tele', 'left', 0),
(343, 264, 2, 'tele', 'left', 1),
(344, 341, 10, 'tele', 'right', 1),
(345, 341, 7, 'tele', 'right', 1),
(346, 341, 5, 'tele', 'right', 1),
(347, 341, 1, 'tele', 'right', 1),
(348, 345, 5, 'tele', 'right', 1),
(349, 345, 3, 'tele', 'left', 1),
(350, 345, 1, 'tele', 'center', 1),
(351, 25, 5, 'tele', 'left', 1),
(352, 25, 3, 'tele', 'center', 1),
(353, 25, 1, 'tele', 'right', 1),
(354, 185, 1, 'auto', 'center', 1),
(355, 185, 10, 'tele', 'right', 0),
(356, 185, 8, 'tele', 'right', 1),
(357, 185, 6, 'tele', 'right', 1),
(358, 185, 4, 'tele', 'right', 1),
(359, 185, 2, 'tele', 'right', 0),
(360, 425, 4, 'tele', 'left', 1),
(361, 425, 2, 'tele', 'left', 1),
(362, 265, 9, 'tele', 'left', 1),
(363, 265, 7, 'tele', 'center', 1),
(364, 265, 5, 'tele', 'center', 1),
(365, 265, 3, 'tele', 'center', 1),
(366, 265, 1, 'tele', 'center', 1),
(367, 26, 2, 'tele', 'left', 1),
(368, 106, 5, 'tele', 'right', 1),
(369, 106, 3, 'tele', 'right', 1),
(370, 106, 1, 'tele', 'center', 0),
(371, 426, 1, 'tele', 'right', 1),
(372, 186, 5, 'tele', 'right', 0),
(373, 186, 3, 'tele', 'center', 1),
(374, 186, 1, 'tele', 'right', 1),
(375, 266, 1, 'auto', 'left', 0),
(376, 266, 5, 'tele', 'left', 1),
(377, 266, 3, 'tele', 'left', 1),
(378, 266, 1, 'tele', 'left', 1),
(379, 346, 1, 'auto', 'center', 1),
(380, 346, 2, 'tele', 'center', 1),
(381, 107, 10, 'tele', 'center', 1),
(382, 107, 4, 'tele', 'center', 1),
(383, 347, 1, 'auto', 'center', 1),
(384, 347, 5, 'tele', 'center', 1),
(385, 347, 2, 'tele', 'center', 1),
(386, 267, 7, 'tele', 'left', 1),
(387, 267, 5, 'tele', 'left', 1),
(388, 267, 3, 'tele', 'left', 1),
(389, 267, 1, 'tele', 'right', 1),
(390, 27, 8, 'tele', 'center', 1),
(391, 27, 3, 'tele', 'center', 1),
(392, 27, 1, 'tele', 'right', 1),
(393, 427, 1, 'auto', 'left', 0),
(394, 427, 6, 'tele', 'right', 1),
(395, 427, 4, 'tele', 'right', 0),
(396, 427, 2, 'tele', 'right', 1),
(397, 28, 3, 'tele', 'center', 0),
(398, 348, 1, 'auto', 'center', 1),
(399, 348, 8, 'tele', 'left', 1),
(400, 348, 6, 'tele', 'center', 1),
(401, 348, 4, 'tele', 'left', 1),
(402, 348, 2, 'tele', 'left', 1),
(403, 428, 1, 'tele', 'right', 1),
(404, 188, 8, 'tele', 'right', 1),
(405, 188, 6, 'tele', 'right', 1),
(406, 188, 3, 'tele', 'right', 1),
(407, 188, 1, 'tele', 'right', 1),
(408, 108, 1, 'auto', 'center', 1),
(409, 269, 3, 'tele', 'center', 1),
(410, 269, 1, 'tele', 'center', 1),
(411, 109, 1, 'auto', 'left', 1),
(412, 109, 4, 'tele', 'left', 1),
(413, 109, 1, 'tele', 'left', 1),
(414, 429, 4, 'tele', 'right', 1),
(415, 429, 3, 'tele', 'right', 1),
(416, 429, 1, 'tele', 'right', 1),
(417, 29, 1, 'auto', 'center', 1),
(418, 189, 5, 'tele', 'right', 1),
(419, 189, 1, 'tele', 'right', 0),
(420, 30, 7, 'tele', 'left', 1),
(421, 30, 5, 'tele', 'left', 1),
(422, 30, 3, 'tele', 'left', 1),
(423, 30, 1, 'tele', 'right', 1),
(424, 350, 1, 'auto', 'center', 0),
(425, 350, 4, 'tele', 'right', 1),
(426, 350, 2, 'tele', 'right', 1),
(427, 430, 1, 'auto', 'right', 1),
(428, 430, 4, 'tele', 'left', 1),
(429, 430, 2, 'tele', 'center', 0),
(430, 190, 1, 'tele', 'left', 0),
(431, 270, 6, 'tele', 'left', 1),
(432, 270, 4, 'tele', 'left', 1),
(433, 270, 1, 'tele', 'left', 1),
(434, 110, 1, 'auto', 'center', 0),
(435, 110, 10, 'tele', 'right', 1),
(436, 110, 8, 'tele', 'right', 0),
(437, 110, 6, 'tele', 'center', 1),
(438, 110, 4, 'tele', 'center', 0),
(439, 110, 3, 'tele', 'right', 1),
(440, 431, 1, 'tele', 'left', 1),
(441, 111, 5, 'tele', 'center', 1),
(442, 111, 3, 'tele', 'left', 1),
(443, 111, 1, 'tele', 'left', 1),
(444, 351, 1, 'auto', 'center', 1),
(445, 351, 4, 'tele', 'right', 1),
(446, 351, 2, 'tele', 'center', 1),
(447, 31, 1, 'auto', 'center', 1),
(448, 31, 8, 'tele', 'right', 1),
(449, 31, 6, 'tele', 'center', 1),
(450, 31, 4, 'tele', 'center', 1),
(451, 31, 2, 'tele', 'center', 1),
(452, 191, 4, 'tele', 'right', 1),
(453, 271, 1, 'auto', 'right', 1),
(454, 271, 4, 'tele', 'center', 1),
(455, 271, 2, 'tele', 'left', 0),
(456, 112, 1, 'auto', 'center', 0),
(457, 112, 10, 'tele', 'center', 1),
(458, 112, 8, 'tele', 'center', 1),
(459, 112, 6, 'tele', 'center', 1),
(460, 112, 4, 'tele', 'center', 1),
(461, 112, 2, 'tele', 'center', 1),
(462, 192, 8, 'tele', 'right', 0),
(463, 192, 4, 'tele', 'right', 1),
(464, 192, 1, 'tele', 'right', 1),
(465, 432, 5, 'tele', 'left', 1),
(466, 432, 3, 'tele', 'left', 1),
(467, 432, 1, 'tele', 'left', 1),
(468, 352, 1, 'auto', 'center', 1),
(469, 352, 4, 'tele', 'center', 1),
(470, 352, 2, 'tele', 'center', 1),
(471, 32, 3, 'tele', 'left', 1),
(472, 32, 1, 'tele', 'left', 1),
(473, 33, 7, 'tele', 'left', 1),
(474, 33, 5, 'tele', 'left', 1),
(475, 33, 3, 'tele', 'left', 1),
(476, 33, 1, 'tele', 'center', 1),
(477, 433, 1, 'auto', 'center', 1),
(478, 433, 6, 'tele', 'right', 1),
(479, 433, 4, 'tele', 'right', 1),
(480, 433, 3, 'tele', 'right', 1),
(481, 193, 1, 'auto', 'center', 1),
(482, 193, 4, 'tele', 'right', 1),
(483, 193, 2, 'tele', 'right', 1),
(484, 273, 3, 'tele', 'left', 0),
(485, 273, 1, 'tele', 'left', 1),
(486, 353, 7, 'tele', 'center', 1),
(487, 353, 5, 'tele', 'center', 1),
(488, 353, 3, 'tele', 'center', 1),
(489, 353, 1, 'tele', 'center', 1),
(490, 114, 5, 'tele', 'center', 1),
(491, 114, 3, 'tele', 'left', 1),
(492, 114, 1, 'tele', 'right', 1),
(493, 274, 3, 'tele', 'left', 1),
(494, 274, 1, 'tele', 'left', 1),
(495, 434, 1, 'tele', 'right', 1),
(496, 34, 7, 'tele', 'left', 1),
(497, 34, 5, 'tele', 'left', 1),
(498, 34, 3, 'tele', 'left', 1),
(499, 34, 1, 'tele', 'left', 0),
(500, 194, 1, 'tele', 'right', 0),
(501, 354, 1, 'auto', 'center', 1),
(502, 354, 4, 'tele', 'center', 0),
(503, 354, 2, 'tele', 'center', 1),
(504, 355, 1, 'auto', 'right', 1),
(505, 35, 3, 'tele', 'left', 1),
(506, 35, 1, 'tele', 'left', 1),
(507, 195, 3, 'tele', 'center', 1),
(508, 195, 1, 'tele', 'right', 1),
(509, 435, 1, 'auto', 'center', 1),
(510, 435, 7, 'tele', 'center', 1),
(511, 435, 5, 'tele', 'center', 1),
(512, 435, 4, 'tele', 'right', 1),
(513, 435, 2, 'tele', 'center', 1),
(514, 275, 8, 'tele', 'left', 0),
(515, 275, 6, 'tele', 'left', 1),
(516, 275, 4, 'tele', 'left', 1),
(517, 275, 2, 'tele', 'left', 1),
(518, 115, 4, 'tele', 'right', 0),
(519, 115, 2, 'tele', 'center', 1),
(520, 36, 1, 'tele', 'left', 0),
(521, 276, 1, 'auto', 'center', 1),
(522, 276, 7, 'tele', 'left', 1),
(523, 276, 2, 'tele', 'left', 1),
(524, 436, 3, 'tele', 'left', 1),
(525, 436, 1, 'tele', 'center', 1),
(526, 196, 1, 'auto', 'center', 0),
(527, 196, 5, 'tele', 'right', 1),
(528, 196, 2, 'tele', 'right', 1),
(529, 116, 1, 'tele', 'right', 1),
(530, 117, 5, 'tele', 'center', 1),
(531, 117, 3, 'tele', 'center', 1),
(532, 117, 1, 'tele', 'left', 1),
(533, 197, 1, 'tele', 'right', 1),
(534, 357, 5, 'tele', 'left', 1),
(535, 357, 3, 'tele', 'left', 1),
(536, 357, 1, 'tele', 'right', 1),
(537, 277, 1, 'tele', 'left', 1),
(538, 437, 1, 'auto', 'center', 1),
(539, 437, 5, 'tele', 'right', 1),
(540, 437, 2, 'tele', 'right', 1),
(541, 37, 1, 'auto', 'center', 1),
(542, 37, 2, 'tele', 'left', 1),
(543, 38, 10, 'tele', 'left', 0),
(544, 38, 8, 'tele', 'left', 1),
(545, 38, 6, 'tele', 'left', 1),
(546, 38, 4, 'tele', 'center', 1),
(547, 38, 1, 'tele', 'right', 1),
(548, 118, 4, 'tele', 'right', 1),
(549, 118, 2, 'tele', 'left', 1),
(550, 278, 1, 'tele', 'right', 1),
(551, 198, 1, 'auto', 'center', 1),
(552, 198, 4, 'tele', 'center', 0),
(553, 198, 2, 'tele', 'right', 1),
(554, 358, 5, 'tele', 'right', 1),
(555, 358, 3, 'tele', 'right', 1),
(556, 358, 1, 'tele', 'left', 1),
(557, 119, 3, 'tele', 'left', 1),
(558, 119, 1, 'tele', 'center', 1),
(559, 199, 5, 'tele', 'right', 1),
(560, 199, 3, 'tele', 'right', 1),
(561, 199, 1, 'tele', 'right', 1),
(562, 279, 1, 'auto', 'left', 1),
(563, 279, 14, 'tele', 'left', 1),
(564, 279, 12, 'tele', 'left', 1),
(565, 279, 10, 'tele', 'left', 1),
(566, 279, 8, 'tele', 'left', 1),
(567, 279, 6, 'tele', 'left', 1),
(568, 279, 4, 'tele', 'left', 1),
(569, 279, 2, 'tele', 'left', 1),
(570, 39, 3, 'tele', 'left', 0),
(571, 39, 1, 'tele', 'right', 1),
(572, 439, 1, 'tele', 'center', 0),
(573, 359, 1, 'auto', 'center', 0),
(574, 359, 8, 'tele', 'left', 0),
(575, 359, 6, 'tele', 'right', 1),
(576, 359, 4, 'tele', 'center', 1),
(577, 359, 3, 'tele', 'center', 0),
(578, 359, 1, 'tele', 'center', 1),
(579, 440, 1, 'auto', 'center', 1),
(580, 440, 7, 'tele', 'center', 1),
(581, 440, 5, 'tele', 'right', 0),
(582, 440, 3, 'tele', 'center', 1),
(583, 440, 1, 'tele', 'center', 1),
(584, 280, 3, 'tele', 'left', 1),
(585, 280, 1, 'tele', 'left', 1),
(586, 360, 1, 'tele', 'right', 1),
(587, 40, 1, 'auto', 'right', 1),
(588, 200, 1, 'auto', 'center', 0),
(589, 200, 1, 'tele', 'center', 1),
(590, 281, 6, 'tele', 'center', 1),
(591, 281, 4, 'tele', 'left', 1),
(592, 281, 2, 'tele', 'left', 1),
(593, 41, 1, 'auto', 'center', 0),
(594, 41, 6, 'tele', 'center', 1),
(595, 41, 3, 'tele', 'center', 1),
(596, 201, 6, 'tele', 'right', 1),
(597, 201, 4, 'tele', 'right', 1),
(598, 201, 1, 'tele', 'right', 1),
(599, 121, 8, 'tele', 'center', 1),
(600, 121, 6, 'tele', 'left', 1),
(601, 121, 4, 'tele', 'left', 1),
(602, 121, 2, 'tele', 'center', 1),
(603, 361, 1, 'auto', 'center', 1),
(604, 361, 5, 'tele', 'center', 1),
(605, 361, 4, 'tele', 'left', 1),
(606, 361, 2, 'tele', 'right', 1),
(607, 441, 4, 'tele', 'center', 1),
(608, 441, 2, 'tele', 'center', 1),
(609, 362, 1, 'auto', 'left', 1),
(610, 362, 6, 'tele', 'right', 1),
(611, 362, 1, 'tele', 'left', 1),
(612, 202, 1, 'auto', 'center', 1),
(613, 202, 7, 'tele', 'right', 1),
(614, 202, 6, 'tele', 'center', 1),
(615, 202, 4, 'tele', 'center', 1),
(616, 202, 2, 'tele', 'center', 1),
(617, 42, 1, 'tele', 'left', 1),
(618, 122, 1, 'tele', 'right', 1),
(619, 282, 1, 'auto', 'center', 1),
(620, 282, 8, 'tele', 'left', 1),
(621, 282, 6, 'tele', 'left', 1),
(622, 282, 4, 'tele', 'left', 1),
(623, 282, 2, 'tele', 'left', 1),
(624, 442, 1, 'tele', 'right', 1),
(625, 123, 3, 'auto', 'left', 1),
(626, 123, 1, 'auto', 'left', 1),
(627, 283, 1, 'tele', 'left', 1),
(628, 443, 1, 'tele', 'right', 1),
(629, 203, 1, 'auto', 'center', 1),
(630, 203, 2, 'tele', 'center', 1),
(631, 363, 1, 'auto', 'center', 0),
(632, 363, 5, 'tele', 'right', 1),
(633, 363, 3, 'tele', 'right', 1),
(634, 363, 1, 'tele', 'right', 1),
(635, 43, 2, 'auto', 'right', 1),
(636, 43, 6, 'tele', 'right', 1),
(637, 43, 4, 'tele', 'center', 1),
(638, 43, 2, 'tele', 'center', 1),
(639, 444, 5, 'tele', 'center', 1),
(640, 444, 3, 'tele', 'right', 1),
(641, 444, 1, 'tele', 'center', 1),
(642, 364, 3, 'tele', 'center', 1),
(643, 364, 1, 'tele', 'right', 1),
(644, 44, 8, 'tele', 'center', 1),
(645, 44, 6, 'tele', 'right', 0),
(646, 44, 4, 'tele', 'center', 1),
(647, 44, 2, 'tele', 'center', 1),
(648, 284, 1, 'tele', 'left', 1),
(649, 204, 2, 'auto', 'center', 0),
(650, 204, 6, 'tele', 'right', 1),
(651, 204, 4, 'tele', 'right', 0),
(652, 204, 2, 'tele', 'right', 1),
(653, 124, 1, 'auto', 'left', 0),
(654, 124, 4, 'tele', 'left', 0),
(655, 124, 2, 'tele', 'left', 1),
(656, 125, 1, 'auto', 'center', 1),
(657, 125, 4, 'tele', 'left', 1),
(658, 125, 2, 'tele', 'center', 1),
(659, 45, 6, 'tele', 'left', 1),
(660, 45, 2, 'tele', 'center', 1),
(661, 365, 3, 'tele', 'right', 1),
(662, 365, 1, 'tele', 'right', 1),
(663, 445, 1, 'auto', 'center', 0),
(664, 445, 4, 'tele', 'right', 0),
(665, 445, 1, 'tele', 'center', 1),
(666, 205, 3, 'tele', 'right', 0),
(667, 285, 1, 'auto', 'left', 0),
(668, 285, 6, 'tele', 'center', 1),
(669, 285, 4, 'tele', 'center', 1),
(670, 285, 2, 'tele', 'center', 1),
(671, 446, 5, 'tele', 'right', 1),
(672, 446, 3, 'tele', 'right', 1),
(673, 446, 1, 'tele', 'right', 1),
(674, 366, 3, 'tele', 'left', 1),
(675, 366, 1, 'tele', 'left', 1),
(676, 286, 3, 'tele', 'left', 1),
(677, 286, 1, 'tele', 'center', 1),
(678, 206, 1, 'auto', 'center', 0),
(679, 206, 4, 'tele', 'right', 1),
(680, 206, 2, 'tele', 'right', 1),
(681, 207, 5, 'tele', 'center', 1),
(682, 207, 3, 'tele', 'left', 1),
(683, 207, 1, 'tele', 'left', 1),
(684, 127, 1, 'auto', 'center', 1),
(685, 127, 7, 'tele', 'left', 1),
(686, 127, 4, 'tele', 'left', 1),
(687, 127, 2, 'tele', 'left', 1),
(688, 447, 1, 'tele', 'center', 1),
(689, 367, 1, 'auto', 'center', 1),
(690, 367, 8, 'tele', 'right', 1),
(691, 367, 6, 'tele', 'left', 1),
(692, 367, 4, 'tele', 'right', 1),
(693, 367, 2, 'tele', 'left', 1),
(694, 47, 8, 'tele', 'left', 1),
(695, 47, 6, 'tele', 'right', 1),
(696, 47, 3, 'tele', 'right', 1),
(697, 208, 7, 'tele', 'right', 1),
(698, 208, 5, 'tele', 'right', 1),
(699, 208, 3, 'tele', 'right', 1),
(700, 208, 1, 'tele', 'center', 1),
(701, 288, 3, 'tele', 'center', 1),
(702, 288, 1, 'tele', 'left', 0),
(703, 368, 1, 'auto', 'center', 1),
(704, 368, 5, 'tele', 'right', 1),
(705, 368, 2, 'tele', 'center', 1),
(706, 448, 5, 'tele', 'right', 1),
(707, 448, 3, 'tele', 'center', 1),
(708, 448, 1, 'tele', 'left', 0),
(709, 48, 7, 'tele', 'center', 1),
(710, 48, 4, 'tele', 'center', 1),
(711, 48, 1, 'tele', 'right', 1),
(712, 129, 1, 'tele', 'left', 1),
(713, 49, 1, 'tele', 'right', 1),
(714, 289, 6, 'tele', 'left', 1),
(715, 289, 3, 'tele', 'left', 1),
(716, 289, 1, 'tele', 'center', 1),
(717, 209, 6, 'tele', 'center', 1),
(718, 209, 3, 'tele', 'center', 1),
(719, 209, 1, 'tele', 'center', 1),
(720, 449, 3, 'tele', 'right', 1),
(721, 449, 1, 'tele', 'right', 1),
(722, 369, 4, 'tele', 'left', 1),
(723, 369, 3, 'tele', 'center', 1),
(724, 369, 1, 'tele', 'left', 1),
(725, 290, 1, 'tele', 'left', 1),
(726, 130, 7, 'tele', 'center', 1),
(727, 130, 5, 'tele', 'center', 1),
(728, 130, 3, 'tele', 'center', 0),
(729, 130, 1, 'tele', 'left', 1),
(730, 370, 1, 'auto', 'right', 1),
(731, 450, 1, 'auto', 'center', 1),
(732, 450, 2, 'tele', 'center', 1),
(733, 50, 1, 'auto', 'right', 0),
(734, 50, 12, 'tele', 'center', 1),
(735, 50, 10, 'tele', 'center', 1),
(736, 50, 8, 'tele', 'center', 1),
(737, 50, 6, 'tele', 'center', 1),
(738, 50, 4, 'tele', 'center', 1),
(739, 50, 2, 'tele', 'right', 1),
(740, 210, 5, 'tele', 'right', 1),
(741, 210, 3, 'tele', 'right', 1),
(742, 210, 1, 'tele', 'right', 1),
(743, 51, 1, 'auto', 'center', 1),
(744, 51, 7, 'tele', 'left', 1),
(745, 51, 5, 'tele', 'center', 1),
(746, 51, 3, 'tele', 'left', 1),
(747, 211, 1, 'tele', 'right', 1),
(748, 131, 1, 'tele', 'left', 1),
(749, 371, 1, 'auto', 'left', 1),
(750, 371, 4, 'tele', 'right', 1),
(751, 371, 2, 'tele', 'left', 1),
(752, 291, 1, 'auto', 'center', 0),
(753, 291, 3, 'tele', 'left', 1),
(754, 291, 1, 'tele', 'center', 1),
(755, 132, 3, 'tele', 'center', 1),
(756, 132, 1, 'tele', 'right', 1),
(757, 452, 6, 'tele', 'right', 1),
(758, 452, 4, 'tele', 'right', 1),
(759, 452, 2, 'tele', 'right', 1),
(760, 212, 1, 'auto', 'center', 1),
(761, 212, 10, 'tele', 'right', 1),
(762, 212, 8, 'tele', 'right', 1),
(763, 212, 6, 'tele', 'right', 1),
(764, 212, 4, 'tele', 'right', 1),
(765, 212, 2, 'tele', 'right', 1),
(766, 52, 5, 'tele', 'left', 1),
(767, 52, 3, 'tele', 'center', 1),
(768, 52, 1, 'tele', 'left', 1),
(769, 372, 1, 'auto', 'center', 1),
(770, 372, 5, 'tele', 'left', 0),
(771, 372, 2, 'tele', 'left', 1),
(772, 292, 8, 'tele', 'right', 1),
(773, 292, 5, 'tele', 'center', 0),
(774, 292, 3, 'tele', 'left', 1),
(775, 292, 1, 'tele', 'left', 1),
(776, 453, 1, 'auto', 'center', 1),
(777, 453, 6, 'tele', 'left', 1),
(778, 453, 4, 'tele', 'center', 0),
(779, 453, 2, 'tele', 'right', 0),
(780, 213, 3, 'tele', 'center', 1),
(781, 213, 1, 'tele', 'left', 1),
(782, 133, 1, 'auto', 'center', 1),
(783, 133, 8, 'tele', 'center', 1),
(784, 133, 6, 'tele', 'center', 1),
(785, 133, 4, 'tele', 'right', 1),
(786, 133, 2, 'tele', 'right', 1),
(787, 53, 1, 'auto', 'right', 1),
(788, 53, 5, 'tele', 'left', 1),
(789, 53, 3, 'tele', 'right', 0),
(790, 373, 1, 'auto', 'center', 1),
(791, 293, 1, 'tele', 'left', 1),
(792, 454, 1, 'tele', 'right', 1),
(793, 294, 4, 'tele', 'left', 1),
(794, 294, 2, 'tele', 'left', 1),
(795, 134, 1, 'auto', 'center', 1),
(796, 134, 6, 'tele', 'center', 1),
(797, 134, 4, 'tele', 'center', 1),
(798, 134, 2, 'tele', 'center', 1),
(799, 374, 3, 'tele', 'left', 1),
(800, 54, 6, 'tele', 'left', 1),
(801, 54, 5, 'tele', 'center', 1),
(802, 54, 3, 'tele', 'center', 0),
(803, 54, 1, 'tele', 'left', 0),
(804, 214, 3, 'tele', 'center', 1),
(805, 214, 1, 'tele', 'right', 0),
(806, 455, 1, 'tele', 'right', 1),
(807, 215, 1, 'auto', 'center', 1),
(808, 215, 4, 'tele', 'right', 1),
(809, 215, 2, 'tele', 'right', 1),
(810, 55, 3, 'tele', 'left', 1),
(811, 55, 1, 'tele', 'left', 0),
(812, 135, 3, 'tele', 'center', 1),
(813, 135, 1, 'tele', 'right', 1),
(814, 375, 5, 'tele', 'left', 1),
(815, 375, 3, 'tele', 'left', 1),
(816, 375, 1, 'tele', 'left', 1),
(817, 295, 5, 'tele', 'right', 1),
(818, 295, 3, 'tele', 'right', 0),
(819, 295, 1, 'tele', 'center', 1),
(820, 456, 5, 'tele', 'center', 1),
(821, 456, 3, 'tele', 'center', 1),
(822, 456, 1, 'tele', 'center', 1),
(823, 56, 5, 'tele', 'left', 1),
(824, 56, 3, 'tele', 'left', 1),
(825, 56, 1, 'tele', 'center', 0),
(826, 376, 5, 'tele', 'right', 1),
(827, 376, 3, 'tele', 'right', 1),
(828, 376, 1, 'tele', 'right', 1),
(829, 216, 3, 'tele', 'right', 1),
(830, 216, 1, 'tele', 'right', 0),
(831, 297, 3, 'tele', 'center', 0),
(832, 297, 1, 'tele', 'center', 1),
(833, 377, 1, 'auto', 'right', 1),
(834, 137, 1, 'auto', 'center', 1),
(835, 137, 4, 'tele', 'center', 1),
(836, 137, 2, 'tele', 'center', 1),
(837, 457, 2, 'auto', 'left', 0),
(838, 457, 16, 'tele', 'left', 1),
(839, 457, 14, 'tele', 'center', 1),
(840, 457, 12, 'tele', 'left', 1),
(841, 457, 10, 'tele', 'left', 1),
(842, 457, 8, 'tele', 'left', 1),
(843, 457, 6, 'tele', 'center', 1),
(844, 457, 4, 'tele', 'left', 0),
(845, 457, 3, 'tele', 'left', 1),
(846, 57, 1, 'tele', 'left', 1),
(847, 217, 3, 'tele', 'right', 1),
(848, 217, 1, 'tele', 'left', 1),
(849, 138, 1, 'auto', 'center', 1),
(850, 138, 4, 'tele', 'right', 1),
(851, 138, 2, 'tele', 'right', 1),
(852, 218, 1, 'auto', 'right', 0),
(853, 218, 6, 'tele', 'center', 1),
(854, 218, 1, 'tele', 'right', 0),
(855, 458, 1, 'auto', 'center', 0),
(856, 458, 9, 'tele', 'right', 1),
(857, 458, 7, 'tele', 'center', 1),
(858, 458, 5, 'tele', 'center', 1),
(859, 458, 3, 'tele', 'right', 1),
(860, 458, 1, 'tele', 'center', 1),
(861, 298, 10, 'tele', 'left', 1),
(862, 298, 7, 'tele', 'left', 1),
(863, 298, 3, 'tele', 'left', 1),
(864, 59, 5, 'tele', 'left', 1),
(865, 59, 3, 'tele', 'left', 1),
(866, 59, 1, 'tele', 'left', 1),
(867, 459, 5, 'tele', 'center', 1),
(868, 459, 4, 'tele', 'center', 0),
(869, 459, 1, 'tele', 'right', 1),
(870, 379, 1, 'auto', 'center', 1),
(871, 379, 4, 'tele', 'right', 1),
(872, 379, 2, 'tele', 'right', 1),
(873, 219, 7, 'tele', 'right', 1),
(874, 219, 5, 'tele', 'right', 1),
(875, 219, 3, 'tele', 'right', 1),
(876, 219, 1, 'tele', 'left', 1),
(877, 139, 9, 'tele', 'center', 1),
(878, 139, 6, 'tele', 'right', 1),
(879, 139, 3, 'tele', 'right', 1),
(880, 139, 1, 'tele', 'right', 1),
(881, 140, 3, 'tele', 'left', 1),
(882, 140, 1, 'tele', 'left', 0),
(883, 60, 5, 'tele', 'center', 1),
(884, 60, 3, 'tele', 'center', 1),
(885, 60, 1, 'tele', 'right', 1),
(886, 460, 1, 'auto', 'center', 1),
(887, 460, 6, 'tele', 'right', 1),
(888, 460, 4, 'tele', 'right', 1),
(889, 460, 2, 'tele', 'center', 1),
(890, 380, 7, 'tele', 'center', 1),
(891, 380, 5, 'tele', 'center', 1),
(892, 380, 3, 'tele', 'left', 1),
(893, 380, 1, 'tele', 'left', 1),
(894, 300, 3, 'tele', 'left', 0),
(895, 300, 1, 'tele', 'right', 1),
(896, 461, 1, 'auto', 'left', 1),
(897, 461, 2, 'tele', 'center', 1),
(898, 221, 1, 'auto', 'center', 1),
(899, 221, 8, 'tele', 'right', 1),
(900, 221, 6, 'tele', 'center', 1),
(901, 221, 4, 'tele', 'right', 1),
(902, 221, 2, 'tele', 'right', 1),
(903, 141, 1, 'tele', 'left', 1),
(904, 381, 1, 'auto', 'center', 1),
(905, 381, 10, 'tele', 'left', 1),
(906, 381, 7, 'tele', 'left', 1),
(907, 381, 5, 'tele', 'left', 1),
(908, 61, 1, 'auto', 'right', 0),
(909, 61, 12, 'tele', 'center', 1),
(910, 61, 10, 'tele', 'right', 1),
(911, 61, 8, 'tele', 'center', 1),
(912, 61, 6, 'tele', 'center', 1),
(913, 61, 4, 'tele', 'center', 1),
(914, 61, 2, 'tele', 'right', 1),
(915, 301, 1, 'tele', 'right', 1),
(916, 462, 3, 'tele', 'left', 0),
(917, 462, 1, 'tele', 'right', 1),
(918, 382, 1, 'tele', 'center', 0),
(919, 302, 1, 'tele', 'left', 1),
(920, 222, 9, 'tele', 'right', 1),
(921, 222, 7, 'tele', 'right', 1),
(922, 222, 5, 'tele', 'right', 1),
(923, 222, 3, 'tele', 'right', 1),
(924, 222, 1, 'tele', 'right', 1),
(925, 142, 1, 'tele', 'center', 1),
(926, 62, 1, 'auto', 'left', 1),
(927, 63, 1, 'auto', 'left', 1),
(928, 303, 10, 'tele', 'left', 1),
(929, 303, 8, 'tele', 'left', 1),
(930, 303, 6, 'tele', 'left', 1),
(931, 303, 4, 'tele', 'left', 1),
(932, 303, 2, 'tele', 'right', 1),
(933, 463, 1, 'auto', 'center', 1),
(934, 463, 5, 'tele', 'center', 1),
(935, 463, 3, 'tele', 'right', 1),
(936, 143, 1, 'auto', 'center', 1),
(937, 143, 7, 'tele', 'right', 0),
(938, 143, 4, 'tele', 'right', 0),
(939, 143, 2, 'tele', 'left', 1),
(940, 223, 3, 'tele', 'right', 1),
(941, 223, 1, 'tele', 'right', 1),
(942, 383, 1, 'auto', 'right', 1),
(943, 384, 1, 'auto', 'right', 1),
(944, 384, 7, 'tele', 'left', 1),
(945, 384, 5, 'tele', 'center', 1),
(946, 384, 2, 'tele', 'right', 1),
(947, 464, 1, 'tele', 'left', 1),
(948, 144, 1, 'auto', 'center', 1),
(949, 144, 6, 'tele', 'right', 1),
(950, 144, 2, 'tele', 'right', 1),
(951, 304, 8, 'tele', 'left', 1),
(952, 304, 5, 'tele', 'left', 1),
(953, 304, 3, 'tele', 'left', 1),
(954, 304, 1, 'tele', 'center', 1),
(955, 64, 1, 'auto', 'left', 1),
(956, 64, 2, 'tele', 'center', 0),
(957, 224, 5, 'tele', 'center', 1),
(958, 224, 3, 'tele', 'left', 1),
(959, 224, 1, 'tele', 'right', 1),
(960, 305, 5, 'tele', 'left', 1),
(961, 305, 3, 'tele', 'left', 1),
(962, 305, 1, 'tele', 'left', 1),
(963, 225, 4, 'tele', 'right', 1),
(964, 225, 2, 'tele', 'right', 1),
(965, 145, 8, 'tele', 'center', 1),
(966, 145, 6, 'tele', 'left', 1),
(967, 145, 4, 'tele', 'center', 1),
(968, 145, 2, 'tele', 'right', 1),
(969, 65, 1, 'auto', 'left', 1),
(970, 65, 8, 'tele', 'center', 1),
(971, 65, 6, 'tele', 'right', 1),
(972, 65, 4, 'tele', 'left', 1),
(973, 65, 2, 'tele', 'left', 1),
(974, 385, 1, 'auto', 'center', 0),
(975, 385, 5, 'tele', 'center', 1),
(976, 385, 3, 'tele', 'center', 1),
(977, 385, 1, 'tele', 'center', 1),
(978, 386, 1, 'auto', 'center', 1),
(979, 226, 4, 'tele', 'right', 1),
(980, 66, 1, 'tele', 'center', 1),
(981, 466, 1, 'tele', 'right', 0),
(982, 146, 1, 'auto', 'right', 0),
(983, 146, 6, 'tele', 'center', 1),
(984, 146, 2, 'tele', 'right', 1),
(985, 146, 1, 'tele', 'right', 0),
(986, 67, 3, 'tele', 'left', 1),
(987, 67, 1, 'tele', 'center', 1),
(988, 147, 3, 'tele', 'right', 0),
(989, 147, 1, 'tele', 'right', 0),
(990, 467, 1, 'auto', 'left', 1),
(991, 467, 10, 'tele', 'left', 1),
(992, 467, 8, 'tele', 'right', 1),
(993, 467, 6, 'tele', 'center', 1),
(994, 467, 4, 'tele', 'center', 1),
(995, 467, 2, 'tele', 'center', 1),
(996, 387, 3, 'tele', 'right', 1),
(997, 387, 1, 'tele', 'right', 1),
(998, 307, 2, 'auto', 'center', 1),
(999, 307, 7, 'tele', 'left', 1),
(1000, 307, 5, 'tele', 'left', 1),
(1001, 307, 3, 'tele', 'left', 1),
(1002, 307, 2, 'tele', 'left', 0),
(1003, 388, 5, 'tele', 'right', 1),
(1004, 388, 3, 'tele', 'right', 1),
(1005, 388, 1, 'tele', 'left', 1),
(1006, 148, 1, 'auto', 'center', 1),
(1007, 148, 7, 'tele', 'center', 1),
(1008, 148, 5, 'tele', 'center', 1),
(1009, 148, 4, 'tele', 'center', 0),
(1010, 148, 2, 'tele', 'center', 1),
(1011, 68, 1, 'tele', 'left', 1),
(1012, 468, 5, 'tele', 'right', 1),
(1013, 468, 3, 'tele', 'right', 1),
(1014, 468, 1, 'tele', 'right', 1),
(1015, 308, 1, 'auto', 'center', 1),
(1016, 308, 8, 'tele', 'center', 1),
(1017, 308, 6, 'tele', 'center', 1),
(1018, 308, 4, 'tele', 'left', 1),
(1019, 308, 2, 'tele', 'center', 1),
(1020, 228, 2, 'auto', 'right', 0),
(1021, 228, 7, 'tele', 'right', 1),
(1022, 228, 3, 'tele', 'right', 1),
(1023, 309, 1, 'tele', 'left', 0),
(1024, 149, 4, 'tele', 'center', 1),
(1025, 149, 1, 'tele', 'right', 1),
(1026, 69, 1, 'tele', 'left', 0),
(1027, 469, 7, 'tele', 'right', 1),
(1028, 469, 5, 'tele', 'right', 1),
(1029, 469, 3, 'tele', 'right', 1),
(1030, 469, 1, 'tele', 'right', 1),
(1031, 389, 1, 'tele', 'center', 1),
(1032, 229, 1, 'auto', 'center', 0),
(1033, 229, 6, 'tele', 'center', 1),
(1034, 229, 5, 'tele', 'center', 0),
(1035, 229, 2, 'tele', 'right', 1),
(1036, 470, 5, 'tele', 'right', 0),
(1037, 470, 3, 'tele', 'right', 0),
(1038, 470, 1, 'tele', 'right', 1),
(1039, 70, 5, 'tele', 'left', 1),
(1040, 70, 3, 'tele', 'left', 1),
(1041, 70, 1, 'tele', 'center', 1),
(1042, 390, 1, 'auto', 'center', 1),
(1043, 390, 4, 'tele', 'center', 1),
(1044, 390, 2, 'tele', 'center', 1),
(1045, 310, 3, 'tele', 'left', 0),
(1046, 310, 1, 'tele', 'left', 1),
(1047, 150, 2, 'auto', 'right', 0),
(1048, 150, 1, 'tele', 'right', 1),
(1049, 71, 1, 'auto', 'center', 1),
(1050, 71, 6, 'tele', 'left', 1),
(1051, 71, 4, 'tele', 'left', 1),
(1052, 71, 2, 'tele', 'right', 1),
(1053, 231, 4, 'tele', 'center', 1),
(1054, 231, 2, 'tele', 'center', 1),
(1055, 231, 1, 'tele', 'right', 0),
(1056, 391, 5, 'tele', 'right', 1),
(1057, 391, 3, 'tele', 'right', 1),
(1058, 391, 1, 'tele', 'right', 1),
(1059, 151, 1, 'tele', 'left', 1),
(1060, 471, 6, 'tele', 'left', 1),
(1061, 471, 2, 'tele', 'left', 1),
(1062, 311, 1, 'auto', 'center', 1),
(1063, 311, 7, 'tele', 'left', 0),
(1064, 311, 6, 'tele', 'left', 0),
(1065, 232, 7, 'tele', 'right', 1),
(1066, 232, 5, 'tele', 'right', 1),
(1067, 232, 3, 'tele', 'right', 1),
(1068, 232, 1, 'tele', 'right', 1),
(1069, 152, 1, 'tele', 'center', 1),
(1070, 72, 2, 'auto', 'center', 1),
(1071, 392, 5, 'tele', 'left', 1),
(1072, 392, 3, 'tele', 'center', 1),
(1073, 392, 1, 'tele', 'right', 1),
(1074, 473, 9, 'tele', 'right', 1),
(1075, 473, 5, 'tele', 'right', 1),
(1076, 473, 3, 'tele', 'right', 1),
(1077, 473, 1, 'tele', 'right', 1),
(1078, 73, 9, 'tele', 'left', 1),
(1079, 73, 7, 'tele', 'left', 1),
(1080, 73, 5, 'tele', 'left', 1),
(1081, 73, 3, 'tele', 'left', 1),
(1082, 73, 1, 'tele', 'left', 1),
(1083, 233, 1, 'auto', 'center', 0),
(1084, 233, 4, 'tele', 'center', 1),
(1085, 233, 2, 'tele', 'center', 1),
(1086, 153, 1, 'tele', 'right', 0),
(1087, 74, 1, 'auto', 'right', 1),
(1088, 74, 5, 'tele', 'left', 1),
(1089, 74, 3, 'tele', 'left', 1),
(1090, 394, 6, 'tele', 'right', 1),
(1091, 394, 4, 'tele', 'right', 1),
(1092, 394, 1, 'tele', 'right', 1),
(1093, 474, 1, 'auto', 'center', 1),
(1094, 474, 4, 'tele', 'right', 1),
(1095, 474, 2, 'tele', 'right', 1),
(1096, 234, 7, 'tele', 'center', 1),
(1097, 234, 5, 'tele', 'center', 0),
(1098, 234, 3, 'tele', 'center', 0),
(1099, 234, 1, 'tele', 'center', 0),
(1100, 154, 1, 'auto', 'center', 1),
(1101, 154, 6, 'tele', 'center', 1),
(1102, 154, 4, 'tele', 'right', 0),
(1103, 154, 2, 'tele', 'left', 1),
(1104, 155, 3, 'tele', 'right', 1),
(1105, 155, 1, 'tele', 'right', 1),
(1106, 315, 5, 'tele', 'center', 1),
(1107, 315, 1, 'tele', 'right', 1),
(1108, 75, 7, 'tele', 'left', 0),
(1109, 75, 5, 'tele', 'left', 1),
(1110, 75, 3, 'tele', 'left', 1),
(1111, 75, 1, 'tele', 'center', 1),
(1112, 395, 3, 'tele', 'right', 0),
(1113, 395, 1, 'tele', 'left', 1),
(1114, 475, 1, 'auto', 'center', 1),
(1115, 475, 4, 'tele', 'right', 1),
(1116, 475, 2, 'tele', 'right', 0),
(1117, 76, 5, 'tele', 'left', 1),
(1118, 76, 3, 'tele', 'left', 1),
(1119, 76, 1, 'tele', 'left', 1),
(1121, 156, 1, 'auto', 'right', 1),
(1122, 156, 6, 'tele', 'center', 1),
(1123, 156, 4, 'tele', 'center', 1),
(1124, 156, 2, 'tele', 'center', 0),
(1125, 236, 1, 'auto', 'center', 1),
(1126, 236, 7, 'tele', 'right', 1),
(1127, 236, 4, 'tele', 'right', 1),
(1128, 236, 2, 'tele', 'center', 1),
(1129, 476, 1, 'auto', 'right', 1),
(1130, 476, 5, 'tele', 'right', 1),
(1131, 476, 3, 'tele', 'right', 1),
(1132, 316, 6, 'tele', 'left', 1),
(1133, 316, 1, 'tele', 'left', 1),
(1134, 397, 4, 'tele', 'left', 1),
(1135, 397, 1, 'tele', 'left', 1),
(1136, 477, 8, 'tele', 'right', 1),
(1137, 477, 3, 'tele', 'right', 1),
(1138, 477, 1, 'tele', 'center', 1),
(1139, 77, 2, 'tele', 'left', 0),
(1140, 77, 1, 'tele', 'left', 0),
(1141, 157, 1, 'tele', 'left', 1),
(1142, 237, 1, 'auto', 'center', 0),
(1143, 237, 6, 'tele', 'right', 1),
(1144, 237, 4, 'tele', 'right', 1),
(1145, 237, 2, 'tele', 'right', 0),
(1146, 478, 1, 'auto', 'center', 1),
(1147, 78, 1, 'auto', 'center', 0),
(1148, 78, 6, 'tele', 'left', 1),
(1149, 78, 4, 'tele', 'left', 1),
(1150, 78, 2, 'tele', 'left', 1),
(1151, 398, 1, 'tele', 'right', 1),
(1152, 238, 1, 'auto', 'right', 0),
(1153, 238, 4, 'tele', 'right', 1),
(1154, 238, 2, 'tele', 'right', 1),
(1155, 319, 4, 'tele', 'left', 1),
(1156, 319, 2, 'tele', 'left', 1),
(1158, 239, 1, 'tele', 'right', 1),
(1159, 399, 1, 'auto', 'center', 1),
(1160, 399, 5, 'tele', 'center', 1),
(1161, 399, 2, 'tele', 'center', 1),
(1162, 479, 6, 'tele', 'right', 1),
(1163, 479, 4, 'tele', 'right', 1),
(1164, 479, 1, 'tele', 'left', 1),
(1165, 159, 4, 'tele', 'right', 0),
(1166, 159, 1, 'tele', 'left', 1),
(1167, 79, 1, 'auto', 'center', 1),
(1168, 79, 2, 'tele', 'left', 0),
(1169, 240, 6, 'tele', 'right', 1),
(1170, 240, 3, 'tele', 'center', 1),
(1171, 240, 1, 'tele', 'left', 1),
(1172, 320, 4, 'tele', 'left', 1),
(1173, 320, 1, 'tele', 'left', 1),
(1174, 160, 2, 'auto', 'center', 1),
(1175, 160, 5, 'tele', 'center', 1),
(1176, 160, 2, 'tele', 'right', 1),
(1177, 80, 4, 'tele', 'center', 1),
(1178, 80, 1, 'tele', 'right', 1),
(1179, 480, 1, 'auto', 'center', 1),
(1180, 480, 6, 'tele', 'right', 1),
(1181, 480, 4, 'tele', 'right', 1),
(1182, 480, 2, 'tele', 'right', 1);

-- --------------------------------------------------------

--
-- Table structure for table `matchratings`
--

CREATE TABLE IF NOT EXISTS `matchratings` (
  `id` int(10) unsigned NOT NULL AUTO_INCREMENT,
  `teamMatchID` int(10) unsigned NOT NULL,
  `ballGroundFeeding` int(11) NOT NULL,
  `ballLoadingLaneFeeding` int(11) NOT NULL,
  `ballShootingSpeed` int(11) NOT NULL,
  `gearGroundFeeding` int(11) NOT NULL,
  `gearLoadingLaneFeeding` int(11) NOT NULL,
  `gearPlacingSpeed` int(11) NOT NULL,
  `abilityToDefend` int(11) NOT NULL,
  `abilityToEscapeDefense` int(11) NOT NULL,
  `notes` text,
  PRIMARY KEY (`id`),
  UNIQUE KEY `matchratings_teammatchid_unique` (`teamMatchID`)
) ENGINE=InnoDB  DEFAULT CHARSET=latin1 AUTO_INCREMENT=474 ;

--
-- Dumping data for table `matchratings`
--

INSERT INTO `matchratings` (`id`, `teamMatchID`, `ballGroundFeeding`, `ballLoadingLaneFeeding`, `ballShootingSpeed`, `gearGroundFeeding`, `gearLoadingLaneFeeding`, `gearPlacingSpeed`, `abilityToDefend`, `abilityToEscapeDefense`, `notes`) VALUES
(1, 161, 0, 0, 0, 0, 3, 2, 0, 0, 'Good but for the last minute of the match the robot did nothing but randomely move around the field'),
(2, 241, 0, 0, 0, 0, 4, 4, 0, 0, 'feeding is very slow. climber looked very good though - they didn''t sway much and the climb itself was fast'),
(3, 401, 0, 0, 0, 0, 0, 0, 4, 0, '...just defended, loaded like 3 balls and failed to load gears'),
(4, 81, 0, 0, 0, 0, 2, 2, 0, 0, 'take a while to get gears and to set them onto peg. really bad aim with climber due to narrowness and took a while to catch it. '),
(5, 321, 0, 0, 0, 4, 4, 3, 0, 3, '-didn''t attempt climb\n-got pushed back pretty badly at one point- can''t take defense well, but they got out of it quickly'),
(6, 1, 0, 0, 0, 0, 4, 4, 0, 0, ''),
(7, 82, 0, 0, 0, 0, 0, 0, 0, 0, 'just tipped over due to quick stop, that''s it, pretty slow moving, gear can be knocked out of robot'),
(8, 402, 0, 0, 0, 0, 4, 3, 0, 0, ''),
(9, 162, 0, 0, 0, 0, 4, 4, 0, 0, 'really good, seems that we basically won because of them'),
(10, 322, 1, 0, 0, 1, 0, 0, 0, 1, 'flailed around for a little. '),
(11, 2, 0, 0, 0, 0, 4, 4, 0, 0, 'Great Job team! Very fast on the field and did a nice job placing gears fast. Only missed one gear but recovered by quickly feeding and placing another gear! '),
(12, 242, 0, 0, 0, 0, 1, 2, 0, 0, 'They spent a lot of time meandering, spinning around aimlessly, etc. Their drivers seemed really incompetent. \nThey spent a very long time trying to place the gear they entered with, but succeeded. '),
(13, 163, 0, 0, 0, 0, 3, 3, 2, 0, ''),
(14, 3, 0, 0, 0, 0, 4, 4, 4, 3, 'good strafing, when placing gear, have to push it on. Speedy climbing, have to get the rope in the center of robot, may take more time if cannot catch immediately '),
(15, 83, 0, 0, 0, 0, 2, 2, 0, 0, 'I don''t think they have a climber because they didn''t even attempt it. They are kind of slow in feeding gears and have trouble placing gears. They stuttered in the middle a little bit and moved in random directions. '),
(16, 323, 0, 0, 0, 0, 0, 2, 2, 0, 'The drive team didn''t seem very comfortable with the controls when they were playing defense, they weren''t able to effectively do anything on the field.'),
(17, 403, 3, 0, 4, 0, 5, 5, 0, 0, 'very fast w/ gears. can shoot, but not incredible accurate.'),
(18, 243, 3, 0, 1, 0, 4, 3, 0, 3, '-got very close to touchpad on climb\n-drivers team was good over long distance but seemed like they had a hard time maneuvering in smaller/more crowded spaces \n-got sort of attacked and did okay\n-good communication b/w human player + drive team\n-AWFUL at shooting balls. AWFUL AWFUL AWFUL '),
(19, 404, 0, 0, 0, 0, 0, 0, 0, 0, 'Didn''t move at all, the robot stayed on the alliance wall the entire match. The drive team wasn''t even there, i am not sure what was going on. '),
(20, 84, 0, 3, 3, 0, 4, 5, 0, 0, ''),
(21, 244, 0, 0, 0, 0, 4, 1, 0, 0, 'Really slow placing the gears.  However, gear feeding went mostly seamlessly.'),
(22, 4, 0, 0, 0, 0, 4, 5, 0, 0, 'their gear mech is unstable - they ran into a wall and the gear fell out'),
(23, 164, 0, 0, 0, 0, 5, 5, 0, 0, '-drivers team seemed good, they moved with purpose at all time (except for a period near the end when they stopped moving but I think they might''ve been waiting for the rope?)\n-couldn''t grab rope'),
(24, 325, 0, 0, 0, 0, 5, 5, 3, 3, ''),
(25, 85, 0, 0, 4, 5, 0, 5, 4, 0, ''),
(26, 5, 0, 0, 0, 0, 3, 4, 3, 3, 'slow/uncertain driving, balls become an obstacle when released onto field, strafing is questionable. '),
(27, 405, 0, 0, 0, 0, 0, 1, 2, 0, 'Misclick on gear feeding (ground), and the only actions were defending and loading their preloaded gear in tele mode.'),
(28, 245, 0, 0, 0, 0, 3, 2, 0, 0, 'Pretty fast and efficient at feeding gears but not good at placing gears. They always place their gear to the right of the actual hook. '),
(29, 165, 0, 0, 0, 0, 3, 3, 0, 0, '-somewhat fast, good communication b/w drivers and human players\noverall: fairly medicore'),
(30, 326, 0, 0, 0, 0, 1, 3, 0, 0, 'There was bad communication between the human player gear feeder and the drive team. '),
(31, 6, 0, 0, 0, 0, 1, 1, 1, 1, 'almost tipped over when someone ran into them. driving was *very* slow'),
(32, 406, 0, 0, 0, 0, 4, 3, 0, 0, 'Fast at climbing. Immediately caught onto rope when near it. Fast at feeding and placing gears but got delayed at placing gears a few times because 3620 kept pushing it away from the airship while placing gears. '),
(33, 166, 0, 0, 0, 0, 4, 3, 0, 3, 'balls clog under drivetrain and front bumper which slow it down, took a while to catch rope but climbed quickly. had good speed. '),
(34, 246, 0, 0, 0, 0, 1, 4, 0, 0, '-fell over D: (no one pushed them or anything, they just tipped over)\n-fairly fast, drive team seemed competent '),
(35, 86, 0, 0, 0, 0, 4, 4, 4, 0, 'Tipped a robot over, then hit a teammate and stalled, it seems.  Very aggressive play.'),
(36, 7, 0, 0, 0, 0, 4, 4, 0, 0, 'Good gear stuff.'),
(37, 87, 0, 0, 0, 0, 1, 4, 4, 0, 'no communication between gear feeders and the drive team.'),
(38, 247, 0, 0, 0, 0, 1, 3, 0, 3, 'their rope was too low so the hooks on their climber couldn''t latch on. also, very slow'),
(39, 167, 0, 0, 0, 0, 4, 3, 0, 3, 'reached touchpad but did not press for one sec bc ran out of time, had balls but didnt shoot, careful driving'),
(40, 327, 0, 4, 5, 4, 3, 3, 0, 0, 'Fast at retrieving balls and gears. Very fast at shooting balls and was ok at placing gears in the airship. '),
(41, 407, 0, 4, 5, 0, 4, 5, 0, 0, '-fast, good communication '),
(42, 8, 0, 0, 0, 0, 5, 5, 0, 0, 'crazy fast, and accurate'),
(43, 248, 0, 0, 0, 0, 5, 5, 0, 2, 'Very vulnerable to falling over from big hits. Their robot had poor balance.'),
(44, 408, 0, 0, 0, 0, 3, 3, 0, 0, 'Good at feeding and placing gears. Kind of aimlessly wandering at the end, I think the driver was deciding between getting one more gear or going to climb. Can climb but cut it very close because reached touchpad right before buzzer rang. '),
(45, 168, 0, 0, 0, 0, 3, 4, 0, 4, 'didnt attempt to climb, fast gear cycles, to place gear, pilot has to pull gear out, medium drive speed'),
(46, 88, 0, 3, 0, 0, 4, 4, 4, 3, '-fast\n-did defense and was pretty good at it, got defended and had a hard time getting out\n-reached touchpad -> fell down '),
(47, 409, 0, 0, 0, 0, 0, 2, 0, 0, 'Did not feed any gears and only attempted to place one gear, which started in the robot. For the rest of the match, the robot just moved forward and backward because it wasn''t working and couldn''t move properly. '),
(48, 169, 0, 0, 0, 0, 3, 3, 3, 0, 'Got stuck on balls when they spilled them on the ground.  Twice.  Once rescued by teammate, once left alone since it was near the end of the match.'),
(49, 9, 0, 0, 0, 0, 0, 0, 0, 0, 'Robot was unresponsive for most of the match, became responsive again at the time of the ropes being dropped.'),
(50, 249, 0, 0, 0, 0, 2, 3, 2, 1, '-very small -> got sort of beat up by other robots\n-meandered around, seemed like drivers didn''t know what to do\n-reached touchpad -> fell down '),
(51, 89, 0, 3, 4, 0, 4, 4, 0, 3, 'good swerving, fast climb and catch, not too accurate shooting, got hit hard by another robot and something came loose inside the robot-future problems?'),
(52, 329, 0, 0, 0, 0, 4, 4, 0, 0, 'once the gear was dropped at an angle, but then the robot knocked into something so the gear realligned '),
(53, 90, 0, 0, 0, 0, 0, 0, 0, 0, 'did not show up '),
(54, 10, 0, 0, 0, 0, 5, 4, 0, 0, ''),
(55, 330, 0, 0, 0, 0, 5, 4, 0, 0, ''),
(56, 250, 0, 0, 1, 0, 1, 1, 0, 0, 'They sat and chilled in their loading lane for a while, they were also kinda stopped during the beginning ~45s ish'),
(57, 410, 0, 0, 0, 0, 4, 4, 0, 0, 'Very fast at feeding gears and placing them on the airship. No defense in the way. '),
(58, 170, 0, 0, 0, 0, 5, 5, 0, 0, '-tallbot\n-good com b/w human players + driveteam\n-fast'),
(59, 11, 0, 0, 0, 0, 0, 1, 0, 0, 'couldnt geet their gear on the spike, although they tried the entire match'),
(60, 411, 0, 0, 0, 0, 3, 3, 0, 0, 'Fast at feeding gears but takes robot a while to get from airship to the feeding station. The robot doesn''t move smoothly. Not very fast at placing gears but not slow either. '),
(61, 171, 0, 0, 0, 0, 2, 3, 0, 0, 'drive team was not very good at controlling their robot.'),
(62, 331, 4, 5, 5, 0, 4, 4, 0, 0, 'good gear and ball cycle, very efficient, fast climb, took a bit to catch the rope. fast low ball shooting'),
(63, 91, 1, 0, 4, 0, 0, 0, 0, 0, 'Gear gotten in auto dropped in tele.  Not scored.  Shot a bunch of the balls they had but however they only made one.'),
(64, 251, 0, 0, 0, 0, 4, 4, 0, 0, '-good communication b/w human players + driveteam'),
(65, 12, 0, 0, 0, 0, 5, 5, 0, 0, ''),
(66, 252, 0, 0, 0, 0, 5, 5, 3, 0, ''),
(67, 332, 0, 0, 0, 0, 0, 3, 0, 0, 'Didn''t do much this match except move around in the same areas. It looked like they were playing defense but they were pushing the red robot into the other side of the field so they were actually kind of helping them? '),
(68, 92, 0, 0, 0, 0, 4, 3, 0, 0, 'Rope snapped, so the robot fell.  Ouch.'),
(69, 172, 0, 0, 0, 5, 5, 5, 4, 3, 'fast gear cycles and really good gear feeding from ground. fast driving, can defend, but get pushed around '),
(70, 412, 0, 3, 4, 0, 0, 0, 0, 0, ''),
(71, 173, 0, 0, 0, 0, 0, 4, 0, 0, 'gear fell into ball area'),
(72, 13, 0, 0, 0, 0, 0, 0, 4, 0, 'Nice defense.  Nothing much else, though.  Attempted to load gears but seemed to give up after around 40s ish.  Failed to climb (did not catch rope)'),
(73, 253, 0, 0, 0, 0, 4, 4, 0, 0, 'Didn''t get rope to catch at all.'),
(74, 333, 0, 0, 0, 0, 0, 4, 0, 1, 'Fast at placing gears on airship but was unable to get to feeding station. Two red robots were defending the loading station and kept pushing 1592 away from the loading station. Unable to do anything because of defense. Got a yellow card due to a human pilot reaching down to get a gear. '),
(75, 93, 0, 0, 2, 0, 2, 3, 0, 0, 'slow driving, struggled to catch rope and didnt climb, slow gear cycles, innacurate and slow shooting'),
(76, 413, 0, 0, 0, 0, 0, 0, 0, 0, ''),
(77, 414, 0, 0, 0, 0, 0, 2, 0, 0, 'Climbed really slow but didn''t touch touchpad. Fast at feeding gears but trouble getting to loading station. Missed placing gear always dropped in right before hook. '),
(78, 14, 0, 0, 0, 0, 0, 2, 0, 0, 'Stalled in neutral zone.  Stuck in other places afaik.'),
(79, 334, 0, 5, 5, 0, 5, 5, 0, 0, 'fast but inacurate shooting'),
(80, 174, 0, 0, 0, 0, 0, 0, 0, 0, 'they did nothing. gear fell out as soon as tele started and then they went in the neutral zone and went in circles. no ground feeder. have climber but didn''t seem to really attempt climb. '),
(81, 94, 0, 0, 0, 0, 3, 2, 3, 0, 'climbed and got to top but didnt press touchpad'),
(82, 254, 0, 0, 0, 0, 4, 3, 0, 4, 'the drive team was very good but the robot moved slowly.'),
(83, 415, 0, 0, 0, 0, 1, 2, 0, 0, 'slow, questionable drive team - didnt do a lot during the match, just drove back and forth'),
(84, 95, 0, 0, 0, 0, 4, 4, 0, 0, 'fast gear cycles and climb '),
(85, 255, 0, 0, 0, 0, 0, 0, 0, 0, 'Drove around without any motive afaik...  Scored a gear then drove around a bit.  Got stuck in neutral zone.'),
(86, 15, 0, 0, 0, 0, 1, 0, 0, 0, 'bad communication between human gear feeders and drive team. The gears didn''t get into the gear holder directly on the robot so they ended up dropping them.'),
(87, 175, 0, 0, 3, 5, 4, 3, 0, 0, ''),
(88, 335, 0, 0, 0, 0, 4, 4, 0, 0, 'Great job team! Very fast at feeding gears and placing them in the airship. There was something on the field...'),
(89, 416, 0, 0, 0, 0, 0, 0, 0, 0, 'not doing anything, just sitting there, connection issues? light was blinking, though??'),
(90, 96, 0, 0, 0, 0, 5, 5, 0, 0, 'so fast that it was hard to keep up with them'),
(91, 256, 0, 0, 4, 0, 4, 5, 0, 0, ''),
(92, 16, 0, 0, 0, 0, 2, 0, 0, 0, 'Dropped a gear...'),
(93, 336, 0, 0, 0, 0, 3, 3, 0, 2, '-meandered in neutral zone, seemed unsure of what to do'),
(94, 176, 0, 0, 0, 0, 5, 5, 0, 0, 'Very good at getting gears and placing them in airship. Moved very slowly in auto but crossed the line'),
(95, 337, 0, 0, 0, 0, 2, 3, 0, 0, 'I couldnt see if they were dropping or getting gears bc that station is completely obscured by the airship'),
(96, 417, 0, 0, 0, 0, 4, 4, 0, 3, 'fast gear cycles, good avoidance of defense '),
(97, 177, 0, 0, 0, 0, 3, 2, 0, 0, 'They may have dropped a gear at the loading station but I can''t be sure.  Took a long time to place the first gear.'),
(98, 257, 0, 0, 0, 0, 3, 3, 0, 0, 'Robot was unresponsive for last portion of the match. Moved very slow.'),
(99, 97, 0, 0, 0, 0, 3, 0, 4, 0, ''),
(100, 17, 0, 0, 0, 0, 3, 3, 0, 0, '13 secs to climb, did not succeed'),
(101, 18, 0, 0, 0, 0, 4, 2, 0, 0, 'wobble a lot while driving and fell over after another robot tapped them. second time today.\nalso, drive team has trouble communicating with gear drop person - takes a while to get gears '),
(102, 418, 0, 0, 0, 0, 0, 1, 3, 0, 'Scored a gear, played defense, did not attempt climb.'),
(103, 258, 0, 0, 0, 2, 3, 4, 0, 0, ''),
(104, 338, 0, 0, 0, 0, 3, 4, 0, 0, 'had a struggle feeding gears, missed multiple times, slow/uncertain driving'),
(105, 98, 0, 0, 0, 0, 0, 1, 0, 0, 'reached but fell down'),
(106, 419, 0, 0, 0, 0, 4, 4, 0, 0, ''),
(107, 19, 0, 0, 0, 0, 3, 2, 0, 1, 'didn''t even get on the rope, only tried'),
(108, 339, 0, 0, 0, 0, 4, 4, 0, 0, ''),
(109, 99, 0, 1, 3, 0, 0, 0, 0, 0, 'inaccurate shots, made few, spilled hopper but got nothing from it, highly ineffective '),
(110, 21, 0, 0, 0, 0, 0, 0, 0, 0, 'just stood there, light was blinking'),
(111, 261, 0, 0, 0, 0, 5, 5, 0, 0, ''),
(112, 181, 0, 0, 0, 0, 0, 0, 0, 0, ''),
(113, 101, 0, 0, 0, 0, 1, 2, 3, 0, 'Appears to have gotten stuck.'),
(114, 420, 0, 0, 3, 0, 3, 3, 0, 0, 'fast driving'),
(115, 180, 0, 0, 3, 0, 4, 0, 4, 0, ''),
(116, 260, 0, 5, 0, 4, 0, 5, 0, 0, ''),
(117, 178, 0, 0, 0, 0, 4, 3, 0, 0, 'good at defense'),
(118, 20, 0, 0, 0, 0, 4, 4, 0, 2, ''),
(119, 421, 0, 0, 0, 0, 0, 0, 0, 0, ''),
(120, 182, 0, 0, 0, 0, 1, 1, 4, 0, ''),
(121, 422, 0, 0, 0, 0, 0, 0, 4, 0, 'confused driver, just drove around in circles, did not do much else, attempted to play defense but gave up '),
(122, 262, 0, 0, 0, 4, 0, 5, 0, 0, ''),
(123, 22, 0, 0, 0, 0, 0, 0, 0, 0, 'meandered a little- drivers seemed unsure of what to do '),
(124, 342, 0, 0, 0, 0, 0, 0, 0, 0, ''),
(125, 102, 0, 3, 4, 0, 2, 3, 0, 0, 'In auto, they cross the line and shoot their balls. They are not very accurate in feeding gears and have trouble placing them in the airship. They struggle with gears in general and shooting seems to be their strong point. '),
(126, 179, 0, 0, 0, 0, 3, 0, 0, 0, 'fast at moving'),
(127, 103, 0, 0, 0, 0, 0, 0, 3, 0, 'didnt do anything. just rolled around in the center'),
(128, 23, 0, 0, 0, 0, 3, 3, 0, 0, 'kinda slow at gear feeding from loading lane'),
(129, 343, 0, 0, 0, 0, 4, 2, 0, 0, 'Actually pretty good.'),
(130, 263, 0, 0, 0, 0, 4, 4, 0, 0, 'The gears didn''t get into the gear holder on the robot but they were still able to successfully carry the gears to the airship and score them.'),
(131, 423, 0, 0, 0, 0, 4, 4, 0, 3, 'Fast at feeding gears and placing them in airship. Trouble going to loading station because of defense. Escaped it pretty well because looked like it was gonna go one way and then went the other way. '),
(132, 183, 0, 0, 0, 0, 4, 3, 0, 0, '-tallbot\n-slowmoving'),
(133, 340, 0, 0, 0, 0, 3, 4, 0, 0, '-tallbot\n-meandered in center\n-poor communication'),
(134, 184, 0, 0, 0, 0, 0, 0, 0, 0, ''),
(135, 104, 0, 0, 0, 0, 5, 2, 5, 4, 'gear placement isnt smooth'),
(136, 344, 0, 0, 0, 0, 0, 4, 5, 0, 'Spent all of the match playing defense.'),
(137, 424, 0, 0, 0, 0, 4, 4, 0, 0, 'kept running into hoppers and balls kept getting stuck in the gear mechanisms. Pretty good team and kind of fast and hard to keep up. '),
(138, 24, 0, 0, 0, 0, 5, 3, 0, 3, 'very fast'),
(139, 264, 0, 0, 4, 0, 4, 2, 0, 0, 'not very fast at placing gear. need to back out multiple times to get alignment right.'),
(140, 341, 0, 0, 0, 0, 0, 0, 0, 0, 'very fast\n\nafter one successful feeding the gear fell out. '),
(141, 345, 0, 0, 0, 0, 3, 3, 2, 0, 'Good at feeding gears and placing them at airship. Sometimes had trouble with placing gears in airship and took them longer. '),
(142, 25, 0, 0, 1, 0, 4, 4, 0, 0, 'The shooting was...not good.  However, gearing was pretty nice'),
(143, 185, 0, 0, 0, 4, 5, 4, 0, 0, 'good human players and fast cycle time.'),
(144, 425, 0, 0, 0, 0, 4, 3, 4, 0, 'human player dropped a few gears, slowish and confused driving'),
(145, 105, 0, 0, 0, 0, 0, 0, 0, 0, 'seemed to be having driving issues - could move around, but couldnt line up with anything, and circled a lot.'),
(146, 265, 0, 0, 0, 0, 5, 5, 0, 4, 'very fast -> good at evading defense'),
(147, 26, 0, 0, 0, 0, 3, 4, 0, 0, '-sort of seemed confused on the field, like they didn''t know what they were doing. '),
(148, 106, 0, 0, 0, 0, 3, 3, 1, 1, 'tallbot - more likely to fall'),
(149, 426, 0, 0, 0, 0, 4, 3, 2, 0, 'Meandered in the middle for most of the match. Had a gear but it fell out when they went to go put it in the airship.'),
(150, 186, 0, 0, 0, 0, 4, 3, 0, 0, ''),
(151, 266, 0, 0, 0, 0, 4, 3, 3, 0, 'climber is problematic because could not catch rope quickly and went up slowly. yellow card on human player. confused driving some of the time, not sure were to go. '),
(152, 346, 0, 0, 0, 0, 3, 4, 3, 0, 'Great Job!!! We got a yellow card because the pilot interacted with the gear outside of the ship. The auto gear worked! while feeding a gear, it got dropped in the ball cart so we couldn''t do much. We played defense for the rest of the game. '),
(153, 107, 0, 0, 0, 0, 2, 5, 0, 0, 'very fast- moves around quickly.'),
(154, 347, 0, 0, 0, 0, 3, 4, 4, 0, 'Climbed halfway up.  They got progressively faster regarding placing gears.'),
(155, 267, 0, 0, 0, 0, 3, 2, 0, 0, 'Fast at feeding gears and a little iffy when placing them in airship. They move side to side a lot rather than going straight. '),
(156, 27, 0, 0, 0, 0, 3, 5, 0, 0, 'gears kept getting stuck outside of gear mechanism'),
(157, 187, 0, 0, 0, 0, 0, 0, 0, 0, 'Couldn''t get the gear on the peg at all but it never fell out of the holder, gave up, and then just wandered around for the last part of the match. rope never got caught on their climber.'),
(158, 427, 0, 4, 3, 0, 4, 4, 0, 0, 'accurate shooting, although when they made it in the ball would roll out of boiler, fast driving '),
(159, 28, 0, 0, 0, 0, 0, 0, 0, 0, 'meandered around- seemed unsure of what to do. '),
(160, 348, 0, 0, 0, 0, 4, 5, 0, 4, ''),
(161, 428, 0, 0, 0, 0, 0, 3, 0, 0, 'caused a tech foul\nalmost reached touchpad'),
(162, 268, 0, 0, 0, 0, 0, 0, 2, 0, 'They can''t do anything. They don''t have any mechanisms for gears, climbing, or shooting. They played defense for most of it but still most red robots went past them. '),
(163, 188, 0, 0, 0, 0, 4, 4, 0, 4, 'narrow climber, could not catch rope for a while. fast gear cycles, when defended against could hold ground and push back '),
(164, 108, 0, 0, 0, 0, 0, 4, 5, 0, 'looks like something was off about their mech: they didnt start moving for like 10 seconds after tele mode started, and then started, but only played defense. '),
(165, 269, 0, 0, 0, 0, 2, 3, 0, 0, 'Struggled with feeding gears. When they finally got a gear, they dropped it while moving. Fast climbing. '),
(166, 349, 0, 4, 5, 0, 0, 0, 0, 0, ''),
(167, 109, 0, 0, 0, 3, 3, 3, 0, 2, 'mild defense knocked gear out fairly easily. '),
(168, 429, 0, 0, 0, 0, 0, 0, 0, 0, ''),
(169, 29, 0, 0, 0, 0, 0, 0, 0, 0, 'something was off about the connection between the drive team and robot, it just scooted down the field and then just stopped moving.'),
(170, 189, 0, 0, 0, 0, 1, 2, 0, 0, 'did not climb, aimlessly drove around towards end of match, had troubles connecting, confused driving '),
(171, 30, 0, 0, 0, 0, 5, 5, 0, 0, 'tall bot, has bad balance. If someone were to hit them hard enough, they would definitely tip over easily.'),
(172, 350, 0, 0, 0, 0, 3, 3, 0, 0, ''),
(173, 430, 0, 0, 0, 0, 3, 2, 0, 0, 'Were good at feeding gears but kind of slow at placing gears in the airship. '),
(174, 190, 0, 0, 0, 0, 1, 2, 0, 0, 'tallbot. very slow. meandered around without purpose and struggled to catch rope.'),
(175, 270, 0, 0, 0, 0, 3, 4, 0, 0, 'Put the gears on rather quickly.  '),
(176, 110, 0, 0, 0, 4, 4, 4, 4, 0, 'had struggles placing gear, would do so on very end so the gear would fall off, fast driving, good maneuverability '),
(177, 431, 0, 0, 0, 0, 0, 1, 0, 0, 'stammered a lot on the field and didn''t necessarily know where it was going. At some point, they stopped playing offense and switched to defense and then back to offense. Towards the middle, they completely stopped in the middle of the arena. '),
(178, 111, 0, 0, 0, 0, 5, 4, 0, 3, 'Nothing but crossing was accomplished in auto mode, but their gearing was pretty nice.'),
(179, 351, 0, 0, 0, 0, 5, 5, 3, 2, ''),
(180, 31, 0, 0, 0, 5, 5, 5, 0, 0, 'gear got stuck in climber so they couldnt climb'),
(181, 191, 0, 0, 0, 0, 1, 4, 0, 3, 'went down the rope a few times, but ultimetly stayed up, and then fell back down. fairly fast. '),
(182, 271, 0, 4, 5, 0, 4, 3, 0, 0, 'collect balls from ground, and do only low goal. fast climb. good driving.'),
(183, 112, 0, 0, 0, 0, 5, 5, 0, 0, 'Very very fast. '),
(184, 192, 0, 0, 0, 0, 1, 3, 0, 2, 'broke center hopper by ramming into it, reckless driving, but fast '),
(185, 432, 0, 0, 5, 5, 0, 4, 0, 0, 'very good hopper auto.'),
(186, 352, 0, 0, 0, 0, 4, 5, 0, 0, 'Great Job! the shooting worked but it could still be a little more accurate. nice job with the gears! '),
(187, 32, 0, 0, 0, 0, 2, 2, 0, 0, ''),
(188, 33, 0, 0, 0, 0, 4, 5, 0, 0, ''),
(189, 433, 0, 0, 0, 0, 3, 3, 0, 0, ''),
(190, 193, 0, 0, 0, 0, 0, 0, 0, 0, 'medium speed, highly efficient. good communication between drivers/human players.'),
(191, 113, 0, 0, 0, 0, 0, 0, 2, 0, 'Lost a gear early, then tried to load one and then gave up.  Drove around a bit, defending, then climbed.'),
(192, 273, 0, 0, 0, 0, 3, 2, 0, 0, 'OK robot but not very efficient with gears. They didn''t climb and I think it might be because they can''t but I am not sure. '),
(193, 353, 0, 0, 4, 5, 5, 5, 0, 4, 'can climb but other team started climbing on their rope, fast but cautious driving, good gear feeding from ground, inaccurate shot '),
(194, 114, 0, 1, 0, 0, 4, 5, 0, 0, 'fast/efficient. good communication between human players and drivers.'),
(195, 274, 0, 0, 2, 0, 2, 3, 0, 0, 'Ok at placing and feeding gears but kind of slow. Ball shooting speed is slow, but that was because they were moving in the middle adjusting their position. '),
(196, 434, 0, 0, 0, 0, 0, 0, 0, 0, ''),
(197, 34, 0, 0, 0, 0, 4, 4, 0, 0, ''),
(198, 194, 0, 0, 0, 0, 0, 1, 0, 0, 'Couldn''t get the gear on the peg. Drive team wasn''t able to line it up correctly.'),
(199, 354, 0, 0, 0, 0, 3, 4, 0, 3, 'slow gear cycles. started to climb but somehow didn''t, controlled/accurate driving'),
(200, 355, 0, 0, 0, 0, 0, 0, 0, 0, 'robot was inactive for all of tele mode time.'),
(201, 35, 0, 0, 0, 0, 2, 2, 0, 0, 'slow'),
(202, 195, 0, 0, 0, 0, 4, 3, 0, 0, 'The first gear took a looooooooooooooooooooooooooong time...'),
(203, 435, 0, 0, 0, 0, 3, 4, 0, 0, 'Fast at gear feeding and placing them in airship. They were really fast and escaped defense easily it was hard to keep up with them.'),
(204, 275, 0, 0, 4, 5, 4, 5, 0, 0, 'really fast and accurate climb, fast driving '),
(205, 115, 0, 0, 0, 0, 4, 4, 0, 3, 'It was struggling against a defense. Other bot was pushing it but it got out of the defense, took some time.'),
(206, 356, 0, 0, 0, 0, 0, 0, 0, 0, 'stopped in middle for a while'),
(207, 36, 0, 0, 0, 0, 0, 1, 0, 0, 'just swerved around confusedly in the middle of the field'),
(208, 276, 0, 0, 0, 0, 2, 5, 0, 0, 'was inactive for the last 45 seconds of the match. '),
(209, 436, 0, 0, 0, 0, 2, 2, 0, 0, 'They were good but were slow at feeding and placing gears. Didn''t really do much except wander the field aimlessly. '),
(210, 196, 0, 0, 3, 0, 3, 3, 0, 0, 'took a while to put on gear, highly inaccurate and little aim for gears during tele'),
(211, 116, 0, 0, 0, 0, 0, 0, 0, 0, ''),
(212, 117, 0, 0, 0, 0, 4, 4, 5, 5, ''),
(213, 197, 0, 0, 0, 0, 2, 4, 0, 0, 'tallbot. driveteam did not seem to communicate well w/ human players. robot froze about a minute in. '),
(214, 357, 0, 0, 0, 0, 4, 5, 0, 0, 'moved slowly between the gear L/D lanes and the airship.'),
(215, 277, 0, 0, 0, 0, 0, 0, 5, 0, 'Excellent defense.  However, did not seem to be able to climb.  '),
(216, 437, 4, 4, 3, 0, 4, 4, 0, 0, 'fast driving, dropped many gears though which ate up time but had accurate gear placement'),
(217, 37, 0, 5, 0, 0, 3, 3, 0, 0, 'They were good at feeding gears from the loading stations but they could hav eplaced them in the airship faster.'),
(218, 38, 0, 3, 3, 0, 5, 4, 0, 2, 'very fast. '),
(219, 118, 0, 0, 0, 0, 4, 4, 0, 0, 'first placed gear fell out during auto'),
(220, 278, 0, 0, 0, 0, 2, 2, 0, 0, 'Lost fed gear due to collision and was unable to feed another gear. Roamed field aimlessly for a while'),
(221, 198, 0, 0, 0, 0, 4, 4, 3, 3, 'Seems that the bot could only turn in the end (like a busted motor or something?  Their bumper looked bent sooo...)'),
(222, 358, 0, 0, 0, 0, 3, 4, 0, 0, 'climber didn''t work '),
(223, 438, 0, 0, 0, 0, 0, 0, 5, 4, 'played defense the whole match, and did so pretty well. shooting was off.'),
(224, 119, 0, 0, 0, 0, 3, 3, 0, 0, ''),
(225, 199, 0, 0, 0, 0, 3, 3, 0, 0, 'Pretty fast and efficient with gears. '),
(226, 279, 0, 0, 0, 0, 5, 5, 0, 0, 'Fast/efficient. '),
(227, 39, 0, 0, 0, 0, 3, 3, 0, 0, 'Something was wrong with their drive train, they would randomly stop abruptly.'),
(228, 439, 0, 0, 0, 4, 0, 1, 0, 0, 'Could not seem to load a gear.'),
(229, 359, 0, 0, 0, 0, 4, 4, 4, 0, 'no ball capabilities, can defend, fast climb, human player needs to pull out gear from robot '),
(230, 440, 0, 0, 0, 0, 4, 3, 0, 0, 'Fast, efficient. '),
(231, 280, 0, 0, 0, 0, 3, 2, 0, 0, ''),
(232, 120, 0, 0, 0, 0, 0, 0, 0, 0, 'Didn''t do anything the whole match. Just stayed at the wall and didn''t move. '),
(233, 360, 0, 0, 0, 0, 0, 2, 2, 0, 'meandered in the middle of the field for most of the match.'),
(234, 40, 0, 4, 4, 0, 0, 0, 0, 0, 'best team ever 10/10 love them would ally always'),
(235, 200, 0, 0, 0, 0, 1, 2, 0, 0, 'unable to obtain gear from human player, gave up trying to get it and pointlessly rolled around the field, had a struggle catching the rope to climb '),
(236, 281, 0, 0, 3, 0, 4, 5, 0, 0, ''),
(237, 41, 0, 0, 0, 0, 5, 4, 0, 0, 'sometimes have trouble placing gears '),
(238, 201, 0, 0, 0, 0, 3, 2, 0, 0, 'Tried climbing but didn''t latch on until the end and barely got up the rope. Very slow at placing gears. '),
(239, 121, 0, 0, 0, 0, 4, 2, 0, 0, 'quick to grab rope. '),
(240, 361, 0, 0, 0, 0, 3, 3, 0, 0, 'nothing remarkable, fast climb after latched on, inaccurate shooting-not string suite'),
(241, 441, 0, 0, 0, 0, 3, 3, 0, 0, ''),
(242, 362, 0, 0, 0, 0, 2, 3, 0, 0, 'Fast, but seemed unsure at many points of what to do'),
(243, 202, 4, 4, 3, 0, 4, 4, 0, 0, ''),
(244, 42, 0, 0, 0, 0, 0, 1, 0, 0, 'Had some trouble catching the rope.'),
(245, 122, 0, 0, 0, 0, 2, 1, 0, 0, 'Couldn''t latch on very fast and made it to the top but didn''t touch touchpad in time. '),
(246, 282, 0, 0, 0, 0, 4, 5, 0, 0, 'good drive team, they moved very quickly up and down the field.'),
(247, 442, 0, 0, 0, 0, 2, 1, 0, 0, 'took a while to set the gear on so they only got one, also took a while to catch the rope and did not climb '),
(248, 123, 0, 0, 0, 0, 0, 0, 0, 0, 'Didn''t do much and just got stuck in loading station for a whole minute. '),
(249, 283, 0, 0, 0, 0, 0, 0, 3, 0, 'seemed unsure at many points- did not move with purpose. meandered. '),
(250, 443, 0, 0, 0, 0, 0, 3, 2, 0, 'lost connection to their robot with 45 seconds left in the match. Only played defense but wasn''t very effective at stopping any of the opposite alliance''s robots.'),
(251, 203, 0, 0, 0, 0, 0, 0, 0, 4, ''),
(252, 363, 0, 0, 0, 0, 4, 4, 3, 0, 'caught rope quickly but slow climb up'),
(253, 43, 0, 0, 0, 5, 0, 5, 0, 0, 'fast and accurate'),
(254, 444, 0, 0, 0, 0, 4, 4, 0, 0, ''),
(255, 364, 0, 0, 0, 0, 4, 3, 0, 0, ''),
(256, 44, 0, 0, 0, 0, 3, 3, 0, 0, 'Ok robot nothing special. Latch on climb immediately. shoot in auto'),
(257, 284, 0, 0, 0, 0, 3, 3, 0, 0, 'good communication. meandered in the neutral zone for a long time; did not seem to have a goal during that time. '),
(258, 204, 0, 0, 0, 0, 4, 3, 0, 0, ''),
(259, 124, 0, 0, 0, 0, 3, 1, 0, 0, 'balls are obstacles, get caught under bumpers, uncertain driving, took a while to set gear on, no ball abilities '),
(260, 125, 4, 0, 3, 0, 4, 4, 0, 0, 'first bot i''ve scouted that show low goal.'),
(261, 45, 0, 0, 0, 0, 2, 4, 0, 0, ''),
(262, 365, 0, 0, 0, 3, 0, 3, 0, 0, 'ground gear feeding was inconsistent'),
(263, 445, 0, 0, 0, 0, 1, 1, 0, 0, 'very narrow climber, did not catch on quickly, took a while to get gear '),
(264, 205, 0, 0, 0, 0, 2, 2, 0, 1, 'Got pushed around a ton. loses gear if rammed a little.'),
(265, 285, 0, 0, 0, 0, 4, 3, 0, 0, 'Great Job! fast and efficient with gears and climbed really fast'),
(266, 446, 0, 0, 0, 0, 5, 4, 4, 4, ''),
(267, 46, 0, 0, 0, 0, 0, 0, 0, 0, 'died for a little. came back alive but super slow'),
(268, 126, 0, 0, 0, 0, 0, 0, 0, 0, 'Meandered. '),
(269, 366, 0, 0, 0, 0, 3, 4, 0, 2, 'reckless/poor driving.'),
(270, 286, 0, 0, 0, 0, 3, 4, 0, 0, 'Got stuck in neutral zone.'),
(271, 206, 0, 0, 0, 0, 0, 0, 0, 0, 'Good speed with feeding gears and placing them in airship. Some obstacles in the way. Nice climb but fell halfway down and came back up again. '),
(272, 287, 0, 0, 0, 0, 0, 0, 0, 0, 'really really tippy. tips over when going fast and stops.'),
(273, 207, 0, 0, 0, 0, 2, 4, 0, 0, 'Takes some time for the driver to align the robot with the loading station. placing gears in airship is relatively speedy. '),
(274, 127, 3, 0, 0, 0, 4, 4, 0, 0, 'fast, efficient.'),
(275, 447, 0, 0, 0, 0, 2, 3, 0, 0, ''),
(276, 367, 0, 0, 0, 0, 4, 5, 0, 0, ''),
(277, 47, 3, 4, 4, 5, 0, 4, 0, 0, ''),
(278, 208, 0, 0, 0, 0, 5, 5, 0, 0, 'almost reached touchpad\nreally good gears'),
(279, 128, 0, 0, 0, 0, 0, 0, 0, 0, 'Slow climb but latches on fast and goes smoothly. Didn''t do anything the entire match except sit near the airship. '),
(280, 288, 0, 0, 0, 0, 2, 2, 0, 0, 'seemed to have some hiccups while driving- would be going fast, then very slow for a brief moment, then fast again.'),
(281, 368, 0, 0, 0, 0, 3, 4, 0, 0, ''),
(282, 448, 0, 0, 4, 0, 3, 4, 0, 0, 'took a while to both intake gear and set it on, careful driving'),
(283, 48, 0, 0, 0, 0, 1, 4, 1, 1, 'tallbot is unstable and pushed around easily'),
(284, 129, 0, 0, 0, 0, 0, 2, 0, 0, 'Didn''t do anything except wait beside airship and move around it. '),
(285, 49, 0, 5, 5, 0, 4, 3, 0, 0, ''),
(286, 289, 0, 0, 0, 0, 4, 4, 0, 0, ''),
(287, 209, 0, 0, 0, 0, 3, 5, 0, 0, ''),
(288, 449, 0, 0, 0, 0, 2, 3, 0, 0, 'Tallbot. Fast, but took a very long time on feeding gears due to so many failures.'),
(289, 369, 0, 0, 4, 0, 4, 4, 1, 1, 'almost tipped over-needs to drive slowly and cannot stop abruptly, need human pilot to pull out gear, did low efficiency goal in auto and didnt bother with balls during tele '),
(290, 290, 3, 3, 3, 0, 0, 0, 0, 0, 'focused on low goal.'),
(291, 130, 0, 0, 0, 0, 4, 4, 0, 0, 'Latched on and climbed really fast. Very fast and retrieving and placing gears in airship. '),
(292, 370, 0, 0, 0, 0, 0, 0, 0, 0, 'Got stuck in neutral zone again.'),
(293, 450, 0, 0, 0, 0, 4, 5, 0, 0, ''),
(294, 50, 0, 0, 4, 5, 0, 5, 0, 0, 'pick up ggears from ground so they take gears that other teams dropped, so their cycle time is shorter'),
(295, 210, 0, 0, 0, 0, 5, 5, 0, 4, 'fast driving, and efficient cycles, fast climb but took a while to catch rope'),
(296, 451, 0, 0, 0, 0, 0, 0, 0, 0, 'didn''t do anything except attempt to push other robots and play defense. '),
(297, 51, 0, 0, 0, 0, 4, 4, 0, 0, 'Good communication. Fast.'),
(298, 211, 0, 0, 0, 0, 0, 3, 0, 1, 'Was blocked a lot and was not really able to do much about it.'),
(299, 131, 0, 0, 0, 0, 2, 4, 0, 0, 'they kept getting gears and dropping them right next to the station'),
(300, 371, 0, 0, 0, 0, 3, 5, 0, 0, ''),
(301, 291, 0, 0, 0, 0, 2, 2, 0, 0, 'took a while to place gear, also took long to catch the rope and climbing was slow'),
(302, 132, 0, 0, 0, 0, 3, 3, 0, 0, ''),
(303, 452, 0, 0, 0, 0, 4, 4, 0, 4, ''),
(304, 212, 0, 0, 0, 0, 5, 5, 1, 1, ''),
(305, 52, 0, 0, 0, 0, 3, 3, 0, 0, 'Tried climbing but couldn''t get on in time. Moderately fast at getting gears and placing them in airship. '),
(306, 372, 0, 0, 4, 0, 4, 4, 0, 0, ''),
(307, 292, 0, 0, 4, 0, 4, 4, 0, 0, 'took a while to catch rope but fast climb, when gear is fed to them, doesnt go fully in so need to shake it into robot which takes time, fast driving-a little reckless. shooting highly inaccurate '),
(308, 453, 0, 0, 0, 0, 4, 3, 0, 0, ''),
(309, 213, 0, 0, 0, 0, 3, 3, 0, 0, 'Tried climbing but didn''t make it in time. Didn''t even latch on. '),
(310, 133, 0, 0, 0, 0, 5, 5, 0, 3, ''),
(311, 53, 0, 0, 0, 0, 3, 4, 0, 0, 'good communication. went to wrong rope? as a result, did not climb. '),
(312, 373, 0, 0, 0, 0, 3, 3, 0, 0, ''),
(313, 293, 0, 0, 0, 0, 1, 1, 0, 0, 'balls prove to be an obstacle, connection problems??? took a while to be fed gear-did not succeed just stopped moving and stood under rope waiting to climb\n'),
(314, 454, 0, 0, 0, 0, 0, 3, 3, 0, ''),
(315, 294, 0, 0, 0, 0, 4, 4, 0, 3, 'Fast, efficient. '),
(316, 134, 0, 0, 0, 0, 4, 5, 0, 0, 'wire got unplugged so they couldn''t climb. '),
(317, 374, 5, 5, 5, 0, 4, 4, 0, 4, 'This was really hard to keep track of...'),
(318, 54, 0, 0, 0, 0, 4, 4, 0, 0, 'Very fast at retrieving and placing gears in airship. Also a great job avoiding defenders and moving past them. Fast climb and latch on, but couldn''t trigger the touchpad fast. '),
(319, 214, 0, 4, 4, 0, 3, 3, 0, 2, 'defense is not a strong point, avoiding defenders is not a strong point either, gear cycle was slow, took a bit to catch the rope, shooting in auto is not as efficient as getting a gear in auto '),
(320, 455, 0, 0, 0, 0, 0, 2, 3, 0, ''),
(321, 215, 0, 0, 0, 0, 3, 3, 4, 0, ''),
(322, 55, 0, 0, 0, 0, 2, 1, 0, 0, 'confused driver - had a gear yet went back to loading station across entire field'),
(323, 135, 0, 0, 0, 0, 4, 2, 0, 0, 'Died in second half. Good prior to that. '),
(324, 375, 0, 0, 0, 0, 4, 3, 0, 3, 'confused driving, balls are a hindrance-get caught under bumper then under the robot'),
(325, 295, 0, 0, 0, 0, 3, 3, 0, 0, 'Fast at feding gears but slow at placing them in airship, and sometimes miss them. Fast climb. shooting is good and in a consistent location just they were in a bad sppot. '),
(326, 456, 0, 0, 0, 0, 3, 4, 0, 0, ''),
(327, 56, 0, 0, 0, 0, 4, 4, 0, 0, 'got hit pretty hard into gear mechanism'),
(328, 376, 0, 0, 0, 0, 4, 3, 0, 0, ''),
(329, 296, 0, 0, 0, 0, 0, 0, 0, 0, 'Had a hard time moving around-sort of jerked instead of moving smoothly. '),
(330, 136, 0, 0, 0, 0, 1, 0, 0, 0, 'took too long to get gear so gave up, tried to climb but rope got caught in another part of the robot so it couldnt climb'),
(331, 216, 0, 0, 4, 0, 2, 4, 0, 0, 'they did a nice job and placed gears in airship really fast. '),
(332, 297, 0, 0, 0, 0, 2, 4, 0, 0, ''),
(333, 377, 0, 0, 0, 0, 2, 2, 0, 0, ''),
(334, 137, 0, 0, 0, 0, 4, 4, 4, 0, 'Good communication. Fast. Spent bulk of second half on defense. '),
(335, 457, 0, 0, 0, 5, 4, 5, 0, 0, 'set apart from competition due to picking up gears from ground-very fast placement and good driving '),
(336, 57, 0, 0, 0, 0, 1, 1, 0, 0, 'confused drive team - couldnt figure out a goal (tried to get gears, gave up, tried to play defense, gave up, tried gears again, and then they had to climb)'),
(337, 217, 0, 0, 0, 0, 2, 4, 0, 0, 'Fast at placing gears on airship but not very fast moving from loading station to airship. '),
(338, 138, 0, 0, 0, 0, 2, 5, 0, 0, 'Very fast at placing gears in airship. Able to escape defense moderately well. Very slow when drive team is trying to align robot with loading station. '),
(339, 218, 0, 0, 0, 0, 3, 3, 0, 2, 'problem climbing, didnt reach the top due to stopping a few inches away-communication problems?'),
(340, 58, 3, 0, 0, 0, 0, 1, 0, 0, 'Looks like they had a bad match.  They were incapable of loading a single gear during the entire match, and failed to climb at the end.'),
(341, 458, 0, 0, 0, 0, 5, 5, 2, 3, 'tall bot, it is vulnerable against hits because of it''s poor balance.'),
(342, 378, 0, 1, 0, 0, 0, 0, 0, 2, 'Unsuccessfully attempted to feed balls from the hopper, then froze for a while. I think they were having problems w/ connecting or something because the movement was very jerky. They also got bullied pretty badly by some bigger bots. They then tried and failed to catch the rope, and thus did not begin climb. '),
(343, 298, 0, 5, 5, 0, 5, 5, 0, 0, 'they were moving so fast I couldnt really tell how they were picking up gears, so I assumed dropped'),
(344, 299, 0, 0, 0, 0, 0, 0, 0, 0, 'They were inactive for the entire match due to connection issues.'),
(345, 59, 0, 0, 0, 0, 3, 3, 0, 0, ''),
(346, 459, 0, 0, 0, 0, 2, 3, 0, 0, 'no ball abilities, cant deal with balls-get stuck under bumper, take a while to place gear-need human player to pull it out of robot, yellow card on human player in airship'),
(347, 379, 0, 0, 0, 0, 5, 3, 0, 0, 'robot died mid match, but recovered and tried to climb but ran out of time. Also, there was a big collision whene they ran into 3734'),
(348, 219, 0, 0, 0, 0, 3, 4, 0, 0, 'They reached touchpad but didn''t trigger it in time. They were really fast at placing gear in airship but struggled with loading. Also, they take a really weird and long route to get from the loading station to the airship. '),
(349, 139, 0, 0, 0, 0, 2, 5, 0, 0, 'Very fast. Seemed to have some communication issues between human player and driver- hard time coordinating gear feeding. Climbed to top of rope quickly and then fell down :('),
(350, 220, 0, 0, 0, 0, 0, 0, 0, 0, 'technical difficulties for whole match-did not do anything at all'),
(351, 140, 0, 0, 0, 0, 4, 2, 0, 0, 'didnt even try to climb, just stayed by the gear drop, then went over to ropes and knocked into already climbing robots'),
(352, 60, 0, 0, 0, 0, 3, 2, 0, 0, 'They are kind of stuttering while placing gears because they don''t have perfect alignment with the airship. '),
(353, 460, 0, 0, 0, 0, 5, 4, 3, 2, 'Difficulties staying out of the way of their own alliance members and were not very good at avoiding the opposing alliance teams.'),
(354, 380, 0, 0, 0, 0, 4, 4, 0, 3, 'Had some difficulties w/ speed of placing/feeding gears the first time, but after that were great-fast/efficient. Based on their gears + climbing ability, plus their low rank (44), I think they''d be a good potential choice for our team. '),
(355, 300, 0, 0, 0, 0, 4, 1, 0, 0, 'Robot tilted and shook a lot when it moved (most notably when accelerating and decelerating.  .  '),
(356, 461, 0, 0, 5, 0, 5, 5, 0, 0, 'robot died midway through match, but they were doing really well. It looks like their battery died. '),
(357, 221, 0, 0, 0, 0, 5, 5, 3, 3, ''),
(358, 141, 0, 0, 0, 0, 0, 2, 2, 0, 'They didn''t do anything except defend their loading station and prevent the blue alliance from getting more gears. Driveteam seems kind of confused and they don''t really drive smoothly. '),
(359, 381, 3, 0, 3, 0, 3, 5, 0, 0, 'Pretty nice ground ball feeder. Crazy fast at placing. '),
(360, 61, 0, 0, 0, 5, 5, 5, 0, 0, 'fast gear cycles, cant intake gear from ground if balls obstructing path. very fast drive, efficient  '),
(361, 301, 0, 0, 0, 0, 0, 2, 1, 0, 'reached touch pad but then fell. Struggled getting their first gear on and then played bad defense for the rest of the match. They didn''t ever slow down any of the opposing robots'),
(362, 462, 0, 0, 0, 0, 2, 2, 0, 0, 'They stopped climbing halfway. '),
(363, 382, 0, 0, 0, 0, 1, 1, 0, 1, 'shaky driving'),
(364, 302, 0, 0, 0, 0, 4, 2, 0, 2, 'tall bot-easily defended, need human player to pull gear out of robot, Velcro climber looks unstable '),
(365, 222, 0, 0, 0, 0, 5, 5, 0, 0, ''),
(366, 142, 0, 0, 0, 0, 0, 0, 0, 0, 'Moved during auto mode but for some reason was not able to move during teleop mode (robot communication issue, I think?  .  Looks like this was an unlucky match.'),
(367, 62, 0, 0, 0, 0, 0, 3, 0, 2, 'a. made of wood b. ranked below ice princesses. '),
(368, 63, 0, 0, 0, 0, 0, 0, 2, 0, 'All they did was defend but it wasn''t very successful and kept hitting the walls and hoppers on accident. '),
(369, 303, 0, 3, 3, 0, 4, 5, 0, 0, 'Efficient, fast. Bad at shooting in auto. '),
(370, 463, 0, 0, 0, 0, 3, 4, 2, 2, 'cant hold their ground-easily pushed around '),
(371, 143, 0, 0, 0, 0, 3, 4, 0, 0, 'Had trouble catching the rope.  '),
(372, 223, 0, 0, 0, 0, 5, 3, 0, 4, 'good driving, was able to avoid collisions with opposing robots easily.'),
(373, 383, 0, 0, 0, 0, 0, 0, 0, 0, 'didnt do anything - unclear why, they could drive and climb'),
(374, 384, 0, 0, 0, 0, 3, 4, 0, 0, 'Slowish. Pretty good w/ gears. '),
(375, 464, 4, 0, 4, 0, 0, 4, 0, 3, 'They can do gears but chose to focus on balls this match I think, they took a while to get in position for high goal.'),
(376, 144, 0, 0, 0, 0, 3, 3, 0, 0, 'nothing too spectacular, took a while to feed in gear '),
(377, 304, 0, 0, 0, 0, 5, 5, 0, 0, ''),
(378, 64, 0, 0, 0, 0, 1, 3, 0, 0, ''),
(379, 224, 0, 0, 0, 0, 3, 3, 0, 0, 'Great Job team! There was some stuttering while placing the gear in the airship so maybe working on making that smoother would be beneficial. Feeding gears was good. '),
(380, 305, 0, 0, 0, 0, 5, 4, 0, 3, ''),
(381, 225, 0, 4, 3, 0, 3, 3, 0, 0, 'Perhaps got stuck?  Didn''t come near the airship near the end.'),
(382, 145, 0, 0, 0, 0, 5, 5, 0, 0, ''),
(383, 65, 0, 0, 0, 0, 5, 5, 0, 0, 'They were really fast at feeding gears and placing them in airship. When there was 30 seconds left, they placed a gear to turn their fourth rotor but still had time to climb. '),
(384, 385, 0, 4, 4, 0, 4, 3, 0, 2, 'need human player to pull gear out of robot, slow ish driving'),
(385, 465, 0, 0, 0, 0, 0, 0, 0, 0, 'didn''t show up '),
(386, 386, 0, 0, 0, 0, 0, 0, 5, 0, 'big bot, was able to block off paths really easily and block more than one bot at the same time. definitely slowed down the cycle times of the other robots. Overall great defense.'),
(387, 226, 0, 0, 0, 0, 4, 3, 0, 2, 'Got defended pretty hard in the second half and thus weren''t able to do much. Made it almost to the touchpad but then stopped climbing. '),
(388, 66, 0, 0, 0, 0, 1, 3, 0, 0, 'HORRIBLE gearing.  They spent like 1m in the loading zone and never got a single gear.  They eventually gave up and climbed.'),
(389, 466, 0, 0, 0, 0, 0, 1, 1, 1, 'in beginning of match, went across entire field, past midline, and knocked into a bot on other team. '),
(390, 146, 0, 0, 0, 0, 2, 4, 0, 2, 'struggle aligning in auto, really slow climb, took a few tries to get a gear fed, need human player to pull gear out of robot'),
(391, 306, 0, 4, 5, 0, 0, 0, 3, 0, 'After shooting in the beginning of tele they played defense for most of the game until the buzzer rang to climb. After the buzzer rang, they shot again and then climbed. '),
(392, 67, 0, 0, 0, 0, 3, 1, 0, 0, 'Really really slow at placing gears, they have no sense of direction. '),
(393, 147, 0, 0, 0, 0, 3, 2, 0, 2, 'jerky driving. Tallbot and visibly unstable.'),
(394, 467, 0, 0, 0, 0, 5, 5, 0, 4, ''),
(395, 227, 0, 0, 0, 0, 0, 0, 3, 0, 'their bot is small so the bigger bots bullied them out of the way and pushed them around when they were trying to play defense. Still kind of successful in slowing the other robots down though. It doesn''t have a shooter, a gear mechanism, and it doesn''t climb.'),
(396, 387, 0, 0, 0, 0, 3, 4, 0, 2, 'after they got a gear, someone knocked into them and gear got stuck perpendicularly in the gear mech, so they couldnt place the last gear they collected'),
(397, 307, 0, 0, 0, 0, 4, 4, 0, 2, 'fast and efficient gear placement, good/fast driving, do a lot in auto, easily defended though-didnt put up much of a fight'),
(398, 388, 0, 0, 0, 0, 3, 3, 0, 0, 'Climb was really short because they stood by airship waiting. '),
(399, 148, 0, 0, 0, 0, 4, 5, 0, 0, 'Did not quite reach the touchpad.  '),
(400, 68, 0, 0, 0, 0, 2, 3, 0, 0, ''),
(401, 468, 0, 0, 0, 0, 5, 4, 0, 2, 'Had trouble navigating through the other robots. Got stuck a couple times when getting defended by another bot.'),
(402, 308, 0, 0, 0, 5, 5, 5, 0, 0, 'Bottom gear feeder that works really well. Got stuck by the center gear peg, not sure what happened.'),
(403, 228, 5, 5, 5, 4, 5, 5, 0, 0, 'fast/efficient gear+fuel cycle, fast driving, fast climbing and catching of rope '),
(404, 309, 0, 0, 0, 0, 0, 2, 0, 0, 'Didn''t do anything besides stand by airship the entire match after missing the gear. '),
(405, 149, 0, 0, 0, 0, 3, 3, 0, 0, 'Slowish and mediocre at all they do. Human players didn''t release rope in time and also their climber is mediocre, so they didn''t even get the rope.'),
(406, 69, 0, 0, 0, 0, 1, 1, 1, 0, 'Made it halfway up the rope.  Terrible...anything regarding gears.  Also they caused a tech foul.'),
(407, 469, 0, 0, 0, 0, 5, 4, 0, 2, 'Trouble against robots that tried to defend them, weren''t able to quickly get around defenses'),
(408, 389, 0, 0, 0, 0, 1, 3, 0, 0, ''),
(409, 229, 0, 0, 0, 0, 3, 3, 0, 2, 'took a few tries to get gear fed, uncertain driving and bad defense avoiding, took a bit to catch the rope '),
(410, 470, 0, 0, 0, 0, 3, 0, 0, 0, ''),
(411, 70, 0, 0, 0, 0, 4, 4, 4, 0, 'went for auto center gear. gear didn''t leave it''s holder. Were able to block off smaller bots and push them around on defense.'),
(412, 390, 0, 0, 0, 0, 3, 3, 0, 0, 'Fairly mediocre in terms of gears. Could not get rope. '),
(413, 230, 0, 0, 0, 0, 0, 0, 5, 0, 'Did some pretty nice defense.  Didn''t do anything else though.  Tried to climb, stopped halfway.  '),
(414, 310, 0, 0, 0, 0, 2, 2, 0, 0, 'They are very slow at placing gears in airship. '),
(415, 150, 5, 5, 5, 0, 0, 0, 0, 0, 'efficient shooting'),
(416, 71, 0, 0, 0, 0, 3, 3, 0, 0, 'Their robot just stopped right when the buzzer for climbing rang. '),
(417, 231, 0, 0, 0, 0, 3, 2, 0, 0, 'Tallbot. Slow. Has a really hard time getting gears on. '),
(418, 391, 0, 0, 0, 0, 5, 3, 3, 0, 'were able to get in the way of other bots but because they''re a tall bot they are vulnerable to tipping over from hits.'),
(419, 151, 0, 0, 0, 0, 0, 2, 1, 0, 'Drove around a bit, defending(?), then climbed.'),
(420, 471, 4, 3, 4, 0, 5, 3, 0, 0, 'had a bit of trouble where their gear got stuck halfway in the gear mech'),
(421, 311, 4, 4, 4, 0, 0, 3, 0, 0, 'fast ball feeding and shooting-pretty accurate, fast climb-only a few sec '),
(422, 472, 0, 0, 0, 0, 0, 0, 0, 0, 'Their robot stopped in the middle. '),
(423, 232, 0, 0, 0, 0, 5, 5, 0, 0, ''),
(424, 152, 0, 0, 0, 0, 2, 2, 0, 0, 'Confused driving. Didn''t seem like they knew what they wanted to do and ran into their own teammate. Given that they didn''t cross the line in auto I think they may have had some tech issues. '),
(425, 72, 0, 2, 0, 0, 0, 4, 4, 0, 'drove around in a confused fashion for a bit, stopped driving for a bit-balls caught under bumper or lost communication??'),
(426, 392, 0, 0, 0, 0, 4, 4, 0, 3, 'very slow climber. Also seemed to be some drive train issues.'),
(427, 393, 0, 0, 0, 0, 0, 0, 0, 0, 'took robot off of field-bypassed '),
(428, 473, 0, 0, 0, 0, 4, 4, 0, 0, 'Fast and efficient. Good at gears + climbing- potential pick? '),
(429, 73, 0, 0, 0, 0, 5, 5, 0, 0, 'slow-ish moving across the field.'),
(430, 233, 0, 0, 0, 0, 4, 3, 0, 0, 'Great job team! Missed auto gear and had some trouble shooting because a robot bumped into us but we still shot well '),
(431, 153, 0, 0, 0, 0, 0, 2, 1, 0, 'human player (@Jan) dropped gear into ball area, so they couldnt shoot or pick up gears the entire match. their defense was not good though, they didnt successfully delay many robots'),
(432, 74, 0, 0, 0, 0, 2, 3, 0, 0, ''),
(433, 394, 0, 0, 0, 0, 4, 4, 0, 0, 'Got a gear stuck and had to shake it off. Slow climber. '),
(434, 474, 0, 0, 0, 0, 2, 3, 0, 0, 'Can easily be stopped by defenders and driver doesn''t seem to always know what direction to go. '),
(435, 314, 0, 0, 0, 0, 0, 0, 4, 0, 'this match, they were able to disrupt a lot of what the other bots were doing, getting in their way when they were trying to get gears and pushing a bot that was shooting out of their position.'),
(436, 234, 0, 0, 0, 4, 0, 2, 0, 0, 'feed gear only from ground-miss placing gear on peg a lot, fast climb up'),
(437, 154, 3, 4, 4, 0, 5, 5, 0, 2, 'got pushed across field by another team so they couldnt shoot'),
(438, 235, 0, 0, 0, 0, 0, 0, 3, 0, 'didnt'' do anything in match except play defense. '),
(439, 155, 0, 0, 0, 0, 3, 5, 0, 0, 'Gear placing was REALLY fast,'),
(440, 315, 0, 0, 0, 0, 3, 3, 0, 0, 'Fastish and fairly efficient. Almost reached touchpad and then fell off. '),
(441, 75, 0, 0, 0, 0, 4, 4, 0, 2, 'attempted auto center gear but the gear never left the holder. Had trouble moving around other robots.'),
(442, 395, 0, 0, 0, 0, 3, 2, 1, 1, 'tallbot-unstable, almost fell over a few times, not precise gear placement-have to wiggle into place, takes time'),
(443, 475, 0, 0, 0, 0, 5, 2, 4, 4, 'did some good defense, had a hard time placing gears'),
(444, 76, 0, 0, 0, 0, 3, 3, 0, 0, ''),
(445, 156, 0, 0, 0, 0, 5, 5, 0, 0, 'Very fast. Tallbot. Very efficient w/ gears. '),
(446, 396, 0, 0, 0, 0, 0, 0, 0, 0, 'Played defense for most of the time. Pretty good defense but red robots still went past them. '),
(447, 236, 0, 0, 0, 4, 4, 3, 0, 3, 'they have a good ground gear feeder but one time a gear fell out after they picked it up before they could score it.'),
(448, 476, 0, 0, 0, 0, 4, 4, 4, 0, 'started climbing but stopped winding rope on so didnt reach touchpad-caught rope quickly '),
(449, 316, 3, 5, 5, 0, 3, 5, 0, 0, 'hard for them to shoot without hoppers: strategy can be to dump all hoppers.'),
(450, 317, 0, 0, 0, 0, 0, 0, 2, 0, 'Tried to play defense for the match but driver control was off and the robot was moving in off directions and was swiveling for no reason. Caught on to rope but didn''t climb. ');
INSERT INTO `matchratings` (`id`, `teamMatchID`, `ballGroundFeeding`, `ballLoadingLaneFeeding`, `ballShootingSpeed`, `gearGroundFeeding`, `gearLoadingLaneFeeding`, `gearPlacingSpeed`, `abilityToDefend`, `abilityToEscapeDefense`, `notes`) VALUES
(451, 397, 0, 4, 4, 0, 4, 4, 0, 3, ''),
(452, 477, 0, 0, 0, 0, 2, 3, 0, 0, 'Tallbot. Decent at gears and a very fast climber.'),
(453, 77, 0, 0, 0, 0, 0, 1, 0, 0, 'no ball abilities, not a good driveteam-confused, rolled around in circles and gave up on gears '),
(454, 157, 0, 0, 0, 0, 0, 2, 2, 0, 'played defense after their first gear but didn''t do much to stop the other robots.'),
(455, 237, 0, 5, 4, 0, 5, 3, 0, 4, 'had trouble placing gears'),
(456, 478, 0, 0, 0, 0, 2, 3, 0, 0, 'Robot stopped in red loading zone so gave penalty points to red. Not very fast at feeding gears. '),
(457, 78, 0, 0, 0, 0, 4, 4, 0, 0, ''),
(458, 158, 0, 0, 0, 0, 0, 0, 0, 0, 'was inactive the entire match due to connection issues.'),
(459, 318, 0, 5, 5, 0, 0, 0, 0, 0, 'Very good at shooting. Started climbing too late and only got up halfway.'),
(460, 398, 3, 0, 3, 0, 1, 3, 0, 0, 'gear dropped into ballpit-couldnt do gears or balls-waited to climb, confused driveteam'),
(461, 238, 0, 0, 4, 0, 5, 4, 2, 0, 'tried to move pwnage as they were shooting to screw them up, but failed. when 2022 was stuck in the red loading zone, they were smart and knocked into them like 5 times to get foul points. '),
(462, 319, 0, 0, 0, 0, 3, 3, 0, 0, ''),
(463, 239, 0, 0, 0, 0, 0, 0, 0, 0, 'Slow, driving was jerky and they meandered in the center for the bulk of the game.Very slow climber and stopped moving halfway up.'),
(464, 399, 0, 0, 0, 0, 2, 3, 0, 0, 'Not very efficient at feeding gears and slow at placing gears in airship. '),
(465, 479, 0, 0, 0, 0, 3, 4, 0, 0, 'got into position for left gear auto but the gear wasn''t able to be scored.'),
(466, 159, 0, 0, 0, 0, 3, 1, 1, 1, 'reached touchpad then dropped, in general very shaky climber. tallbot - almost knocked itself over turning. very slow'),
(467, 79, 0, 3, 2, 0, 0, 3, 0, 0, 'drove into center of field at end of match and did not do anything-were disabled due to bumper cover coming off which displayed blue bumper-confusing to judges???'),
(468, 240, 0, 0, 0, 0, 4, 4, 0, 0, 'Fastish, good at gears and such. Meandered a little in the second half. '),
(469, 400, 0, 0, 0, 0, 0, 0, 5, 0, 'Great defense.  Nothing else.'),
(470, 320, 0, 0, 0, 0, 2, 3, 0, 0, 'Instead of climbing, they chose to try and place one more gear but didn''t get the chance to complete that attempt. '),
(471, 160, 0, 0, 0, 0, 3, 5, 4, 3, 'did some decent defense. not mindblowing, but it worked'),
(472, 80, 0, 0, 5, 0, 4, 4, 0, 3, ''),
(473, 480, 0, 0, 0, 0, 4, 4, 0, 0, 'efficient gear cycles, took a bit to catch the rope ');

-- --------------------------------------------------------

--
-- Table structure for table `matchshoots`
--

CREATE TABLE IF NOT EXISTS `matchshoots` (
  `id` int(10) unsigned NOT NULL AUTO_INCREMENT,
  `teamMatchID` int(10) unsigned NOT NULL,
  `orderID` int(10) unsigned NOT NULL,
  `mode` enum('auto','tele') NOT NULL,
  `coordX` decimal(8,2) NOT NULL,
  `coordY` decimal(8,2) NOT NULL,
  `highLow` tinyint(1) NOT NULL,
  `scored` int(11) NOT NULL,
  `missed` int(11) NOT NULL,
  PRIMARY KEY (`id`),
  UNIQUE KEY `matchshoots_teammatchid_orderid_unique` (`teamMatchID`,`orderID`,`mode`)
) ENGINE=InnoDB  DEFAULT CHARSET=latin1 AUTO_INCREMENT=165 ;

--
-- Dumping data for table `matchshoots`
--

INSERT INTO `matchshoots` (`id`, `teamMatchID`, `orderID`, `mode`, `coordX`, `coordY`, `highLow`, `scored`, `missed`) VALUES
(1, 162, 2, 'auto', '370.41', '171.06', 1, 2, 2),
(2, 403, 1, 'tele', '401.43', '67.34', 1, 8, 7),
(3, 403, 5, 'tele', '374.84', '57.50', 1, 0, 0),
(4, 243, 4, 'tele', '370.41', '25.31', 1, 0, 10),
(5, 84, 9, 'tele', '427.12', '41.41', 1, 0, 15),
(6, 85, 1, 'auto', '404.08', '74.49', 1, 1, 9),
(7, 245, 5, 'tele', '346.63', '59.86', 1, 10, 40),
(8, 166, 1, 'auto', '353.57', '28.89', 1, 0, 20),
(9, 327, 2, 'tele', '413.56', '64.13', 1, 38, 12),
(10, 407, 1, 'auto', '337.62', '34.25', 1, 32, 3),
(11, 407, 6, 'tele', '412.06', '24.42', 1, 25, 10),
(12, 250, 2, 'tele', '433.56', '41.51', 1, 0, 5),
(13, 410, 1, 'auto', '409.33', '69.81', 1, 0, 10),
(14, 331, 1, 'auto', '437.77', '39.90', 0, 10, 0),
(15, 331, 6, 'tele', '438.67', '34.46', 0, 20, 0),
(16, 91, 2, 'tele', '441.47', '47.26', 1, 1, 7),
(17, 412, 2, 'auto', '349.14', '32.47', 1, 24, 16),
(18, 412, 3, 'tele', '411.17', '20.84', 1, 48, 1),
(19, 412, 6, 'tele', '427.12', '23.53', 1, 48, 1),
(20, 412, 7, 'tele', '414.72', '21.74', 1, 5, 5),
(21, 333, 1, 'auto', '429.06', '38.53', 1, 0, 10),
(22, 93, 1, 'tele', '377.56', '45.34', 1, 0, 1),
(23, 413, 6, 'tele', '411.17', '153.18', 1, 8, 7),
(24, 334, 1, 'auto', '317.36', '25.12', 1, 2, 8),
(25, 334, 1, 'tele', '311.08', '25.91', 1, 10, 40),
(26, 94, 1, 'auto', '460.24', '177.73', 1, 7, 3),
(27, 415, 4, 'tele', '434.41', '42.56', 0, 8, 2),
(28, 175, 1, 'auto', '389.02', '44.09', 1, 6, 3),
(29, 96, 2, 'auto', '392.15', '174.93', 1, 3, 7),
(30, 256, 5, 'tele', '434.36', '40.68', 0, 10, 0),
(31, 99, 1, 'auto', '333.19', '23.53', 1, 1, 9),
(32, 99, 3, 'tele', '346.49', '21.74', 1, 5, 20),
(33, 420, 5, 'tele', '382.82', '61.08', 1, 0, 6),
(34, 180, 1, 'tele', '393.06', '102.13', 1, 45, 5),
(35, 180, 2, 'tele', '400.23', '105.02', 1, 0, 30),
(36, 20, 2, 'auto', '393.45', '180.00', 1, 4, 6),
(37, 102, 1, 'auto', '404.53', '63.07', 1, 8, 2),
(38, 102, 6, 'tele', '361.52', '42.82', 1, 40, 10),
(39, 24, 1, 'auto', '392.56', '71.81', 1, 4, 6),
(40, 264, 7, 'tele', '391.68', '46.77', 1, 0, 0),
(41, 345, 1, 'auto', '424.83', '58.44', 1, 5, 5),
(42, 25, 1, 'auto', '436.14', '133.71', 1, 0, 8),
(43, 266, 6, 'tele', '342.94', '25.31', 1, 0, 10),
(44, 27, 1, 'auto', '436.87', '44.43', 1, 7, 3),
(45, 427, 2, 'auto', '329.65', '117.41', 1, 1, 9),
(46, 427, 7, 'tele', '353.57', '27.10', 1, 8, 22),
(47, 428, 2, 'tele', '437.55', '38.59', 1, 0, 10),
(48, 349, 2, 'auto', '322.24', '24.01', 1, 36, 4),
(49, 349, 2, 'tele', '431.53', '31.12', 1, 41, 4),
(50, 349, 4, 'tele', '435.06', '36.82', 1, 41, 4),
(51, 271, 5, 'tele', '435.99', '42.30', 0, 10, 0),
(52, 112, 2, 'auto', '362.73', '97.99', 1, 0, 10),
(53, 192, 1, 'auto', '320.79', '107.57', 1, 0, 10),
(54, 432, 2, 'auto', '349.14', '30.68', 1, 0, 0),
(55, 352, 5, 'tele', '407.92', '31.43', 1, 1, 9),
(56, 352, 6, 'tele', '410.74', '31.43', 1, 8, 22),
(57, 33, 2, 'auto', '323.47', '24.01', 1, 0, 30),
(58, 353, 1, 'auto', '404.97', '58.40', 1, 0, 4),
(59, 114, 1, 'auto', '376.96', '181.28', 1, 4, 6),
(60, 274, 4, 'tele', '384.53', '37.73', 1, 3, 12),
(61, 275, 1, 'auto', '450.16', '144.23', 1, 3, 7),
(62, 196, 6, 'tele', '295.97', '31.57', 1, 0, 4),
(63, 116, 2, 'auto', '357.98', '28.11', 1, 45, 5),
(64, 116, 3, 'tele', '417.75', '33.86', 1, 98, 22),
(65, 116, 5, 'tele', '392.14', '42.47', 1, 36, 4),
(66, 437, 8, 'tele', '429.78', '38.73', 1, 4, 16),
(67, 37, 5, 'tele', '431.43', '54.77', 0, 45, 5),
(68, 38, 1, 'auto', '367.47', '42.47', 1, 15, 5),
(69, 38, 2, 'tele', '431.03', '42.47', 1, 8, 7),
(70, 358, 1, 'auto', '431.56', '37.83', 0, 1, 9),
(71, 438, 1, 'auto', '382.82', '173.74', 1, 0, 10),
(72, 279, 2, 'auto', '346.28', '123.84', 1, 4, 6),
(73, 40, 2, 'tele', '362.44', '26.21', 1, 12, 18),
(74, 40, 4, 'tele', '350.92', '22.63', 1, 24, 6),
(75, 40, 6, 'tele', '359.78', '26.21', 1, 28, 7),
(76, 281, 1, 'auto', '434.21', '39.62', 1, 3, 3),
(77, 202, 2, 'auto', '393.45', '182.68', 1, 6, 4),
(78, 283, 1, 'auto', '337.74', '29.07', 1, 0, 10),
(79, 363, 2, 'auto', '411.17', '78.07', 1, 0, 1),
(80, 43, 1, 'auto', '455.48', '144.23', 1, 8, 2),
(81, 44, 1, 'auto', '407.67', '41.52', 1, 3, 7),
(82, 204, 1, 'auto', '457.25', '183.58', 1, 5, 5),
(83, 125, 6, 'tele', '440.42', '37.83', 0, 19, 1),
(84, 45, 1, 'auto', '442.19', '36.94', 1, 5, 5),
(85, 285, 2, 'auto', '410.79', '39.00', 1, 0, 10),
(86, 47, 1, 'auto', '326.10', '25.31', 1, 5, 5),
(87, 47, 4, 'tele', '325.22', '82.54', 1, 20, 5),
(88, 361, 2, 'auto', '382.82', '119.20', 1, 0, 0),
(89, 448, 1, 'auto', '457.06', '127.95', 1, 0, 10),
(90, 49, 1, 'auto', '330.59', '23.64', 1, 46, 1),
(91, 49, 4, 'tele', '439.46', '41.28', 1, 39, 1),
(92, 49, 6, 'tele', '438.66', '39.68', 1, 48, 2),
(93, 369, 1, 'auto', '435.99', '41.41', 0, 10, 0),
(94, 290, 1, 'auto', '435.10', '38.73', 0, 5, 5),
(95, 290, 3, 'tele', '428.90', '35.15', 0, 8, 7),
(96, 50, 2, 'auto', '417.21', '151.13', 1, 5, 5),
(97, 210, 1, 'auto', '319.01', '21.74', 1, 12, 12),
(98, 132, 1, 'auto', '439.53', '42.30', 1, 9, 0),
(99, 212, 2, 'auto', '381.45', '182.58', 1, 1, 9),
(100, 372, 6, 'tele', '430.48', '44.93', 1, 2, 38),
(101, 292, 1, 'auto', '424.47', '43.20', 1, 0, 10),
(102, 294, 1, 'auto', '445.73', '153.18', 1, 5, 5),
(103, 374, 2, 'auto', '347.37', '26.21', 1, 23, 2),
(104, 374, 2, 'tele', '337.62', '19.05', 1, 14, 1),
(105, 374, 4, 'tele', '432.44', '41.41', 1, 27, 3),
(106, 374, 6, 'tele', '436.87', '36.04', 1, 14, 1),
(107, 214, 1, 'auto', '358.89', '23.53', 1, 0, 10),
(108, 295, 6, 'tele', '400.79', '52.88', 1, 0, 10),
(109, 216, 1, 'auto', '364.52', '52.88', 1, 0, 10),
(110, 457, 1, 'auto', '433.33', '70.02', 1, 7, 3),
(111, 298, 2, 'tele', '363.32', '87.90', 1, 21, 9),
(112, 298, 5, 'tele', '345.60', '131.72', 1, 14, 6),
(113, 298, 8, 'tele', '342.94', '131.72', 1, 12, 8),
(114, 298, 11, 'tele', '334.97', '132.61', 1, 11, 4),
(115, 60, 1, 'auto', '406.37', '32.90', 0, 10, 0),
(116, 461, 2, 'auto', '340.28', '129.03', 1, 5, 5),
(117, 381, 11, 'tele', '402.31', '104.89', 1, 10, 10),
(118, 303, 2, 'auto', '352.69', '36.04', 1, 0, 30),
(119, 303, 11, 'tele', '344.71', '35.15', 1, 3, 0),
(120, 464, 2, 'tele', '340.28', '121.88', 1, 2, 18),
(121, 464, 3, 'tele', '337.62', '126.35', 1, 18, 12),
(122, 224, 1, 'auto', '408.26', '33.86', 1, 3, 7),
(123, 225, 2, 'auto', '338.26', '33.95', 1, 3, 27),
(124, 145, 2, 'auto', '326.10', '24.42', 1, 20, 20),
(125, 385, 7, 'tele', '438.64', '40.51', 0, 8, 0),
(126, 146, 7, 'tele', '439.53', '143.34', 1, 0, 1),
(127, 306, 2, 'auto', '407.95', '36.73', 1, 48, 2),
(128, 306, 2, 'tele', '410.79', '39.60', 1, 40, 0),
(129, 306, 4, 'tele', '427.87', '38.64', 1, 45, 5),
(130, 467, 2, 'auto', '337.01', '132.37', 1, 8, 2),
(131, 307, 1, 'auto', '443.96', '174.64', 1, 7, 3),
(132, 228, 1, 'auto', '318.13', '25.31', 1, 27, 3),
(133, 228, 4, 'tele', '335.85', '134.40', 1, 36, 4),
(134, 228, 6, 'tele', '334.97', '136.19', 1, 23, 2),
(135, 228, 9, 'tele', '338.51', '127.25', 1, 18, 2),
(136, 469, 1, 'auto', '438.64', '38.73', 0, 10, 0),
(137, 229, 2, 'auto', '375.73', '171.95', 1, 0, 10),
(138, 150, 1, 'auto', '452.82', '72.70', 1, 6, 4),
(139, 150, 3, 'tele', '461.68', '112.94', 1, 27, 3),
(140, 150, 4, 'tele', '455.48', '110.26', 1, 24, 6),
(141, 150, 6, 'tele', '453.71', '109.36', 1, 20, 5),
(142, 471, 3, 'tele', '340.28', '130.82', 1, 16, 4),
(143, 471, 5, 'tele', '338.51', '129.93', 1, 16, 4),
(144, 311, 2, 'tele', '436.87', '38.09', 1, 24, 6),
(145, 311, 4, 'tele', '440.47', '35.37', 1, 24, 6),
(146, 233, 6, 'tele', '383.89', '28.04', 1, 10, 10),
(147, 154, 2, 'auto', '404.97', '184.47', 1, 4, 6),
(148, 154, 7, 'tele', '293.32', '22.63', 1, 0, 6),
(149, 154, 8, 'tele', '332.31', '25.31', 1, 10, 10),
(150, 316, 2, 'auto', '350.92', '24.42', 1, 36, 4),
(151, 316, 5, 'tele', '434.21', '41.41', 1, 45, 5),
(152, 397, 1, 'auto', '363.27', '33.32', 1, 5, 5),
(153, 397, 5, 'tele', '355.77', '37.73', 1, 15, 15),
(154, 237, 8, 'tele', '442.27', '39.90', 1, 18, 12),
(155, 318, 1, 'auto', '362.44', '33.36', 1, 6, 4),
(156, 318, 2, 'tele', '345.60', '31.57', 1, 32, 8),
(157, 318, 4, 'tele', '347.37', '129.93', 1, 27, 3),
(158, 318, 6, 'tele', '342.05', '131.72', 1, 36, 4),
(159, 398, 3, 'tele', '408.52', '59.29', 1, 0, 4),
(160, 238, 2, 'auto', '439.53', '44.09', 1, 5, 5),
(161, 79, 4, 'tele', '319.01', '31.57', 1, 2, 18),
(162, 160, 1, 'auto', '458.14', '179.11', 1, 5, 5),
(163, 80, 1, 'auto', '438.89', '42.25', 0, 10, 0),
(164, 480, 2, 'auto', '379.27', '183.58', 1, 8, 2);

-- --------------------------------------------------------

--
-- Table structure for table `matchshoots_preprocess`
--

CREATE TABLE IF NOT EXISTS `matchshoots_preprocess` (
  `id` int(10) unsigned NOT NULL AUTO_INCREMENT,
  `teamMatchID` int(10) unsigned NOT NULL,
  `orderID` int(10) unsigned NOT NULL,
  `mode` enum('auto','tele') NOT NULL,
  `coordX` decimal(8,2) NOT NULL,
  `coordY` decimal(8,2) NOT NULL,
  `scored` int(11) DEFAULT NULL,
  `missed` int(11) DEFAULT NULL,
  `leftover` int(11) DEFAULT NULL,
  `before` decimal(8,2) DEFAULT NULL,
  `after` decimal(8,2) DEFAULT NULL,
  `accuracy` decimal(8,2) DEFAULT NULL,
  `highLow` int(11) NOT NULL,
  `inputMethod` enum('percent','count') NOT NULL,
  PRIMARY KEY (`id`),
  UNIQUE KEY `matchshoots_preprocess_teammatchid_orderid_unique` (`teamMatchID`,`orderID`,`mode`)
) ENGINE=InnoDB  DEFAULT CHARSET=latin1 AUTO_INCREMENT=165 ;

--
-- Dumping data for table `matchshoots_preprocess`
--

INSERT INTO `matchshoots_preprocess` (`id`, `teamMatchID`, `orderID`, `mode`, `coordX`, `coordY`, `scored`, `missed`, `leftover`, `before`, `after`, `accuracy`, `highLow`, `inputMethod`) VALUES
(1, 162, 2, 'auto', '370.41', '171.06', 2, 2, 0, NULL, NULL, NULL, 1, 'count'),
(2, 403, 5, 'tele', '374.84', '57.50', NULL, NULL, NULL, '50.00', '0.00', '50.00', 1, 'percent'),
(3, 403, 1, 'tele', '401.43', '67.34', 8, 7, 0, NULL, NULL, NULL, 1, 'count'),
(4, 243, 4, 'tele', '370.41', '25.31', 0, 10, 80, NULL, NULL, NULL, 1, 'count'),
(5, 84, 9, 'tele', '427.12', '41.41', 0, 15, 0, NULL, NULL, NULL, 1, 'count'),
(6, 85, 1, 'auto', '404.08', '74.49', 1, 9, 0, NULL, NULL, NULL, 1, 'count'),
(7, 245, 5, 'tele', '346.63', '59.86', 10, 40, 0, NULL, NULL, NULL, 1, 'count'),
(8, 166, 1, 'auto', '353.57', '28.89', 0, 20, 0, NULL, NULL, NULL, 1, 'count'),
(9, 327, 2, 'tele', '413.56', '64.13', 38, 12, 0, NULL, NULL, NULL, 1, 'count'),
(10, 407, 1, 'auto', '337.62', '34.25', 32, 3, 0, NULL, NULL, NULL, 1, 'count'),
(11, 407, 6, 'tele', '412.06', '24.42', 25, 10, 0, NULL, NULL, NULL, 1, 'count'),
(12, 250, 2, 'tele', '433.56', '41.51', 0, 5, 0, NULL, NULL, NULL, 1, 'count'),
(13, 410, 1, 'auto', '409.33', '69.81', 0, 10, 0, NULL, NULL, NULL, 1, 'count'),
(14, 331, 1, 'auto', '437.77', '39.90', 10, 0, 0, NULL, NULL, NULL, 0, 'count'),
(15, 331, 6, 'tele', '438.67', '34.46', 20, 0, 0, NULL, NULL, NULL, 0, 'count'),
(16, 91, 2, 'tele', '441.47', '47.26', 1, 7, 0, NULL, NULL, NULL, 1, 'count'),
(17, 412, 2, 'auto', '349.14', '32.47', 24, 16, 0, NULL, NULL, NULL, 1, 'count'),
(18, 412, 7, 'tele', '414.72', '21.74', 5, 5, 50, NULL, NULL, NULL, 1, 'count'),
(19, 412, 6, 'tele', '427.12', '23.53', 48, 1, 49, NULL, NULL, NULL, 1, 'count'),
(20, 412, 3, 'tele', '411.17', '20.84', 48, 1, 1, NULL, NULL, NULL, 1, 'count'),
(21, 333, 1, 'auto', '429.06', '38.53', 0, 10, 0, NULL, NULL, NULL, 1, 'count'),
(22, 93, 1, 'tele', '377.56', '45.34', 0, 1, 0, NULL, NULL, NULL, 1, 'count'),
(23, 413, 6, 'tele', '411.17', '153.18', 8, 7, 25, NULL, NULL, NULL, 1, 'count'),
(24, 334, 1, 'auto', '317.36', '25.12', 2, 8, 0, NULL, NULL, NULL, 1, 'count'),
(25, 334, 1, 'tele', '311.08', '25.91', 10, 40, 0, NULL, NULL, NULL, 1, 'count'),
(26, 94, 1, 'auto', '460.24', '177.73', 7, 3, 0, NULL, NULL, NULL, 1, 'count'),
(27, 415, 4, 'tele', '434.41', '42.56', 8, 2, 0, NULL, NULL, NULL, 0, 'count'),
(28, 175, 1, 'auto', '389.02', '44.09', 6, 3, 11, NULL, NULL, NULL, 1, 'count'),
(29, 96, 2, 'auto', '392.15', '174.93', 3, 7, 0, NULL, NULL, NULL, 1, 'count'),
(30, 256, 5, 'tele', '434.36', '40.68', 10, 0, 0, NULL, NULL, NULL, 0, 'count'),
(31, 99, 1, 'auto', '333.19', '23.53', 1, 9, 7, NULL, NULL, NULL, 1, 'count'),
(32, 99, 3, 'tele', '346.49', '21.74', 5, 20, 0, NULL, NULL, NULL, 1, 'count'),
(33, 420, 5, 'tele', '382.82', '61.08', 0, 6, 90, NULL, NULL, NULL, 1, 'count'),
(34, 180, 2, 'tele', '400.23', '105.02', 0, 30, 0, NULL, NULL, NULL, 1, 'count'),
(35, 180, 1, 'tele', '393.06', '102.13', 45, 5, 0, NULL, NULL, NULL, 1, 'count'),
(36, 20, 2, 'auto', '393.45', '180.00', 4, 6, 0, NULL, NULL, NULL, 1, 'count'),
(37, 102, 1, 'auto', '404.53', '63.07', 8, 2, 0, NULL, NULL, NULL, 1, 'count'),
(38, 102, 6, 'tele', '361.52', '42.82', 40, 10, 0, NULL, NULL, NULL, 1, 'count'),
(39, 24, 1, 'auto', '392.56', '71.81', 4, 6, 0, NULL, NULL, NULL, 1, 'count'),
(40, 264, 7, 'tele', '391.68', '46.77', NULL, NULL, NULL, '50.00', '0.00', '0.00', 1, 'percent'),
(41, 345, 1, 'auto', '424.83', '58.44', 5, 5, 0, NULL, NULL, NULL, 1, 'count'),
(42, 25, 1, 'auto', '436.14', '133.71', 0, 8, 1, NULL, NULL, NULL, 1, 'count'),
(43, 266, 6, 'tele', '342.94', '25.31', 0, 10, 10, NULL, NULL, NULL, 1, 'count'),
(44, 27, 1, 'auto', '436.87', '44.43', 7, 3, 0, NULL, NULL, NULL, 1, 'count'),
(45, 427, 2, 'auto', '329.65', '117.41', 1, 9, 0, NULL, NULL, NULL, 1, 'count'),
(46, 427, 7, 'tele', '353.57', '27.10', 8, 22, 0, NULL, NULL, NULL, 1, 'count'),
(47, 428, 2, 'tele', '437.55', '38.59', 0, 10, 5, NULL, NULL, NULL, 1, 'count'),
(48, 349, 2, 'auto', '322.24', '24.01', 36, 4, 0, NULL, NULL, NULL, 1, 'count'),
(49, 349, 4, 'tele', '435.06', '36.82', 41, 4, 0, NULL, NULL, NULL, 1, 'count'),
(50, 349, 2, 'tele', '431.53', '31.12', 41, 4, 0, NULL, NULL, NULL, 1, 'count'),
(51, 271, 5, 'tele', '435.99', '42.30', 10, 0, 33, NULL, NULL, NULL, 0, 'count'),
(52, 112, 2, 'auto', '362.73', '97.99', 0, 10, 0, NULL, NULL, NULL, 1, 'count'),
(53, 192, 1, 'auto', '320.79', '107.57', 0, 10, 0, NULL, NULL, NULL, 1, 'count'),
(54, 432, 2, 'auto', '349.14', '30.68', NULL, NULL, NULL, '100.00', '0.00', '80.00', 1, 'percent'),
(55, 352, 6, 'tele', '410.74', '31.43', 8, 22, 0, NULL, NULL, NULL, 1, 'count'),
(56, 352, 5, 'tele', '407.92', '31.43', 1, 9, 0, NULL, NULL, NULL, 1, 'count'),
(57, 33, 2, 'auto', '323.47', '24.01', 0, 30, 0, NULL, NULL, NULL, 1, 'count'),
(58, 353, 1, 'auto', '404.97', '58.40', 0, 4, 10, NULL, NULL, NULL, 1, 'count'),
(59, 114, 1, 'auto', '376.96', '181.28', 4, 6, 0, NULL, NULL, NULL, 1, 'count'),
(60, 274, 4, 'tele', '384.53', '37.73', 3, 12, 0, NULL, NULL, NULL, 1, 'count'),
(61, 275, 1, 'auto', '450.16', '144.23', 3, 7, 0, NULL, NULL, NULL, 1, 'count'),
(62, 196, 6, 'tele', '295.97', '31.57', 0, 4, 80, NULL, NULL, NULL, 1, 'count'),
(63, 116, 2, 'auto', '357.98', '28.11', 45, 5, 0, NULL, NULL, NULL, 1, 'count'),
(64, 116, 5, 'tele', '392.14', '42.47', 36, 4, 0, NULL, NULL, NULL, 1, 'count'),
(65, 116, 3, 'tele', '417.75', '33.86', 98, 22, 0, NULL, NULL, NULL, 1, 'count'),
(66, 437, 8, 'tele', '429.78', '38.73', 4, 16, 33, NULL, NULL, NULL, 1, 'count'),
(67, 37, 5, 'tele', '431.43', '54.77', 45, 5, 0, NULL, NULL, NULL, 0, 'count'),
(68, 38, 1, 'auto', '367.47', '42.47', 15, 5, 10, NULL, NULL, NULL, 1, 'count'),
(69, 38, 2, 'tele', '431.03', '42.47', 8, 7, 0, NULL, NULL, NULL, 1, 'count'),
(70, 358, 1, 'auto', '431.56', '37.83', 1, 9, 0, NULL, NULL, NULL, 0, 'count'),
(71, 438, 1, 'auto', '382.82', '173.74', 0, 10, 0, NULL, NULL, NULL, 1, 'count'),
(72, 279, 2, 'auto', '346.28', '123.84', 4, 6, 0, NULL, NULL, NULL, 1, 'count'),
(73, 40, 6, 'tele', '359.78', '26.21', 28, 7, 0, NULL, NULL, NULL, 1, 'count'),
(74, 40, 4, 'tele', '350.92', '22.63', 24, 6, 0, NULL, NULL, NULL, 1, 'count'),
(75, 40, 2, 'tele', '362.44', '26.21', 12, 18, 0, NULL, NULL, NULL, 1, 'count'),
(76, 281, 1, 'auto', '434.21', '39.62', 3, 3, 0, NULL, NULL, NULL, 1, 'count'),
(77, 361, 2, 'auto', '382.82', '119.20', NULL, NULL, NULL, '100.00', '80.00', '0.00', 1, 'percent'),
(78, 202, 2, 'auto', '393.45', '182.68', 6, 4, 0, NULL, NULL, NULL, 1, 'count'),
(79, 283, 1, 'auto', '337.74', '29.07', 0, 10, 0, NULL, NULL, NULL, 1, 'count'),
(80, 363, 2, 'auto', '411.17', '78.07', 0, 1, 90, NULL, NULL, NULL, 1, 'count'),
(81, 43, 1, 'auto', '455.48', '144.23', 8, 2, 0, NULL, NULL, NULL, 1, 'count'),
(82, 44, 1, 'auto', '407.67', '41.52', 3, 7, 0, NULL, NULL, NULL, 1, 'count'),
(83, 204, 1, 'auto', '457.25', '183.58', 5, 5, 0, NULL, NULL, NULL, 1, 'count'),
(84, 125, 6, 'tele', '440.42', '37.83', 19, 1, 0, NULL, NULL, NULL, 0, 'count'),
(85, 45, 1, 'auto', '442.19', '36.94', 5, 5, 0, NULL, NULL, NULL, 1, 'count'),
(86, 285, 2, 'auto', '410.79', '39.00', 0, 10, 0, NULL, NULL, NULL, 1, 'count'),
(87, 47, 1, 'auto', '326.10', '25.31', 5, 5, 0, NULL, NULL, NULL, 1, 'count'),
(88, 47, 4, 'tele', '325.22', '82.54', 20, 5, 0, NULL, NULL, NULL, 1, 'count'),
(89, 448, 1, 'auto', '457.06', '127.95', 0, 10, 0, NULL, NULL, NULL, 1, 'count'),
(90, 49, 1, 'auto', '330.59', '23.64', 46, 1, 0, NULL, NULL, NULL, 1, 'count'),
(91, 49, 6, 'tele', '438.66', '39.68', 48, 2, 0, NULL, NULL, NULL, 1, 'count'),
(92, 49, 4, 'tele', '439.46', '41.28', 39, 1, 0, NULL, NULL, NULL, 1, 'count'),
(93, 369, 1, 'auto', '435.99', '41.41', 10, 0, 0, NULL, NULL, NULL, 0, 'count'),
(94, 290, 1, 'auto', '435.10', '38.73', 5, 5, 0, NULL, NULL, NULL, 0, 'count'),
(95, 290, 3, 'tele', '428.90', '35.15', 8, 7, 0, NULL, NULL, NULL, 0, 'count'),
(96, 50, 2, 'auto', '417.21', '151.13', 5, 5, 0, NULL, NULL, NULL, 1, 'count'),
(97, 210, 1, 'auto', '319.01', '21.74', 12, 12, 0, NULL, NULL, NULL, 1, 'count'),
(98, 132, 1, 'auto', '439.53', '42.30', 9, 0, 0, NULL, NULL, NULL, 1, 'count'),
(99, 212, 2, 'auto', '381.45', '182.58', 1, 9, 0, NULL, NULL, NULL, 1, 'count'),
(100, 372, 6, 'tele', '430.48', '44.93', 2, 38, 5, NULL, NULL, NULL, 1, 'count'),
(101, 292, 1, 'auto', '424.47', '43.20', 0, 10, 0, NULL, NULL, NULL, 1, 'count'),
(102, 294, 1, 'auto', '445.73', '153.18', 5, 5, 0, NULL, NULL, NULL, 1, 'count'),
(103, 374, 2, 'auto', '347.37', '26.21', 23, 2, 0, NULL, NULL, NULL, 1, 'count'),
(104, 374, 6, 'tele', '436.87', '36.04', 14, 1, 0, NULL, NULL, NULL, 1, 'count'),
(105, 374, 4, 'tele', '432.44', '41.41', 27, 3, 0, NULL, NULL, NULL, 1, 'count'),
(106, 374, 2, 'tele', '337.62', '19.05', 14, 1, 0, NULL, NULL, NULL, 1, 'count'),
(107, 214, 1, 'auto', '358.89', '23.53', 0, 10, 0, NULL, NULL, NULL, 1, 'count'),
(108, 295, 6, 'tele', '400.79', '52.88', 0, 10, 0, NULL, NULL, NULL, 1, 'count'),
(109, 216, 1, 'auto', '364.52', '52.88', 0, 10, 0, NULL, NULL, NULL, 1, 'count'),
(110, 457, 1, 'auto', '433.33', '70.02', 7, 3, 0, NULL, NULL, NULL, 1, 'count'),
(111, 298, 11, 'tele', '334.97', '132.61', 11, 4, 0, NULL, NULL, NULL, 1, 'count'),
(112, 298, 8, 'tele', '342.94', '131.72', 12, 8, 0, NULL, NULL, NULL, 1, 'count'),
(113, 298, 5, 'tele', '345.60', '131.72', 14, 6, 0, NULL, NULL, NULL, 1, 'count'),
(114, 298, 2, 'tele', '363.32', '87.90', 21, 9, 0, NULL, NULL, NULL, 1, 'count'),
(115, 60, 1, 'auto', '406.37', '32.90', 10, 0, 0, NULL, NULL, NULL, 0, 'count'),
(116, 461, 2, 'auto', '340.28', '129.03', 5, 5, 0, NULL, NULL, NULL, 1, 'count'),
(117, 381, 11, 'tele', '402.31', '104.89', 10, 10, 10, NULL, NULL, NULL, 1, 'count'),
(118, 303, 2, 'auto', '352.69', '36.04', 0, 30, 0, NULL, NULL, NULL, 1, 'count'),
(119, 303, 11, 'tele', '344.71', '35.15', 3, 0, 1, NULL, NULL, NULL, 1, 'count'),
(120, 464, 3, 'tele', '337.62', '126.35', 18, 12, 10, NULL, NULL, NULL, 1, 'count'),
(121, 464, 2, 'tele', '340.28', '121.88', 2, 18, 0, NULL, NULL, NULL, 1, 'count'),
(122, 224, 1, 'auto', '408.26', '33.86', 3, 7, 0, NULL, NULL, NULL, 1, 'count'),
(123, 225, 2, 'auto', '338.26', '33.95', 3, 27, 0, NULL, NULL, NULL, 1, 'count'),
(124, 145, 2, 'auto', '326.10', '24.42', 20, 20, 0, NULL, NULL, NULL, 1, 'count'),
(125, 385, 7, 'tele', '438.64', '40.51', 8, 0, 10, NULL, NULL, NULL, 0, 'count'),
(126, 146, 7, 'tele', '439.53', '143.34', 0, 1, 90, NULL, NULL, NULL, 1, 'count'),
(127, 306, 2, 'auto', '407.95', '36.73', 48, 2, 0, NULL, NULL, NULL, 1, 'count'),
(128, 306, 4, 'tele', '427.87', '38.64', 45, 5, 0, NULL, NULL, NULL, 1, 'count'),
(129, 306, 2, 'tele', '410.79', '39.60', 40, 0, 0, NULL, NULL, NULL, 1, 'count'),
(130, 467, 2, 'auto', '337.01', '132.37', 8, 2, 0, NULL, NULL, NULL, 1, 'count'),
(131, 307, 1, 'auto', '443.96', '174.64', 7, 3, 0, NULL, NULL, NULL, 1, 'count'),
(132, 228, 1, 'auto', '318.13', '25.31', 27, 3, 0, NULL, NULL, NULL, 1, 'count'),
(133, 228, 9, 'tele', '338.51', '127.25', 18, 2, 0, NULL, NULL, NULL, 1, 'count'),
(134, 228, 6, 'tele', '334.97', '136.19', 23, 2, 0, NULL, NULL, NULL, 1, 'count'),
(135, 228, 4, 'tele', '335.85', '134.40', 36, 4, 0, NULL, NULL, NULL, 1, 'count'),
(136, 469, 1, 'auto', '438.64', '38.73', 10, 0, 0, NULL, NULL, NULL, 0, 'count'),
(137, 229, 2, 'auto', '375.73', '171.95', 0, 10, 0, NULL, NULL, NULL, 1, 'count'),
(138, 150, 1, 'auto', '452.82', '72.70', 6, 4, 0, NULL, NULL, NULL, 1, 'count'),
(139, 150, 6, 'tele', '453.71', '109.36', 20, 5, 0, NULL, NULL, NULL, 1, 'count'),
(140, 150, 4, 'tele', '455.48', '110.26', 24, 6, 0, NULL, NULL, NULL, 1, 'count'),
(141, 150, 3, 'tele', '461.68', '112.94', 27, 3, 0, NULL, NULL, NULL, 1, 'count'),
(142, 471, 5, 'tele', '338.51', '129.93', 16, 4, 0, NULL, NULL, NULL, 1, 'count'),
(143, 471, 3, 'tele', '340.28', '130.82', 16, 4, 0, NULL, NULL, NULL, 1, 'count'),
(144, 311, 4, 'tele', '440.47', '35.37', 24, 6, 10, NULL, NULL, NULL, 1, 'count'),
(145, 311, 2, 'tele', '436.87', '38.09', 24, 6, 10, NULL, NULL, NULL, 1, 'count'),
(146, 233, 6, 'tele', '383.89', '28.04', 10, 10, 0, NULL, NULL, NULL, 1, 'count'),
(147, 154, 2, 'auto', '404.97', '184.47', 4, 6, 0, NULL, NULL, NULL, 1, 'count'),
(148, 154, 8, 'tele', '332.31', '25.31', 10, 10, 0, NULL, NULL, NULL, 1, 'count'),
(149, 154, 7, 'tele', '293.32', '22.63', 0, 6, 0, NULL, NULL, NULL, 1, 'count'),
(150, 316, 2, 'auto', '350.92', '24.42', 36, 4, 0, NULL, NULL, NULL, 1, 'count'),
(151, 316, 5, 'tele', '434.21', '41.41', 45, 5, 0, NULL, NULL, NULL, 1, 'count'),
(152, 397, 1, 'auto', '363.27', '33.32', 5, 5, 0, NULL, NULL, NULL, 1, 'count'),
(153, 397, 5, 'tele', '355.77', '37.73', 15, 15, 0, NULL, NULL, NULL, 1, 'count'),
(154, 237, 8, 'tele', '442.27', '39.90', 18, 12, 0, NULL, NULL, NULL, 1, 'count'),
(155, 318, 1, 'auto', '362.44', '33.36', 6, 4, 0, NULL, NULL, NULL, 1, 'count'),
(156, 318, 6, 'tele', '342.05', '131.72', 36, 4, 0, NULL, NULL, NULL, 1, 'count'),
(157, 318, 4, 'tele', '347.37', '129.93', 27, 3, 0, NULL, NULL, NULL, 1, 'count'),
(158, 318, 2, 'tele', '345.60', '31.57', 32, 8, 0, NULL, NULL, NULL, 1, 'count'),
(159, 398, 3, 'tele', '408.52', '59.29', 0, 4, 50, NULL, NULL, NULL, 1, 'count'),
(160, 238, 2, 'auto', '439.53', '44.09', 5, 5, 0, NULL, NULL, NULL, 1, 'count'),
(161, 79, 4, 'tele', '319.01', '31.57', 2, 18, 0, NULL, NULL, NULL, 1, 'count'),
(162, 160, 1, 'auto', '458.14', '179.11', 5, 5, 0, NULL, NULL, NULL, 1, 'count'),
(163, 80, 1, 'auto', '438.89', '42.25', 10, 0, 0, NULL, NULL, NULL, 0, 'count'),
(164, 480, 2, 'auto', '379.27', '183.58', 8, 2, 10, NULL, NULL, NULL, 1, 'count');

-- --------------------------------------------------------

--
-- Table structure for table `postprocessdiscrepancies`
--

CREATE TABLE IF NOT EXISTS `postprocessdiscrepancies` (
  `id` int(11) NOT NULL AUTO_INCREMENT,
  `teamMatchID` int(11) NOT NULL,
  `eventType` varchar(255) NOT NULL,
  `orderID` int(11) NOT NULL,
  `mode` enum('auto','tele') NOT NULL,
  `time` enum('before','after') NOT NULL,
  `expected` int(11) NOT NULL,
  `relationship` enum('equal to','less than','greater than','not equal to') NOT NULL,
  `received` int(11) NOT NULL,
  `discrepancyType` varchar(255) NOT NULL,
  PRIMARY KEY (`id`)
) ENGINE=InnoDB  DEFAULT CHARSET=latin1 AUTO_INCREMENT=63 ;

--
-- Dumping data for table `postprocessdiscrepancies`
--

INSERT INTO `postprocessdiscrepancies` (`id`, `teamMatchID`, `eventType`, `orderID`, `mode`, `time`, `expected`, `relationship`, `received`, `discrepancyType`) VALUES
(1, 2, 'feedBall', 1, 'tele', 'after', 15, 'less than', 50, 'Feed > Capacity'),
(2, 2, 'feedBall', 2, 'tele', 'before', 15, 'equal to', 0, 'Before != Expected'),
(3, 2, 'shoot', 3, 'tele', 'before', 15, 'less than', 20, 'Before > Capacity'),
(4, 10, 'feedBall', 3, 'auto', 'after', 40, 'less than', 50, 'Feed > Capacity'),
(5, 10, 'feedBall', 1, 'tele', 'before', 40, 'equal to', 20, 'Before != Expected'),
(6, 10, 'shoot', 2, 'tele', 'before', 40, 'less than', 58, 'Before > Capacity'),
(7, 15, 'feedBall', 3, 'auto', 'after', 45, 'less than', 47, 'Feed > Capacity'),
(8, 15, 'feedBall', 4, 'auto', 'before', 45, 'equal to', 23, 'Before != Expected'),
(9, 15, 'shoot', 1, 'tele', 'before', 45, 'less than', 53, 'Before > Capacity'),
(10, 20, 'feedBall', 4, 'tele', 'after', 0, 'less than', 50, 'Feed > Capacity'),
(11, 20, 'shoot', 6, 'tele', 'before', 0, 'less than', 15, 'Before > Capacity'),
(12, 32, 'shoot', 1, 'auto', 'before', 0, 'equal to', 11, 'Before != Expected'),
(13, 32, 'shoot', 1, 'tele', 'before', 1, 'equal to', 11, 'Before != Expected'),
(14, 32, 'shoot', 4, 'tele', 'before', 1, 'equal to', 11, 'Before != Expected'),
(15, 243, 'shoot', 4, 'tele', 'before', 20, 'less than', 26, 'Before > Capacity'),
(16, 91, 'shoot', 2, 'tele', 'before', 15, 'equal to', 8, 'Before != Expected'),
(17, 412, 'shoot', 6, 'tele', 'before', 65, 'less than', 81, 'Before > Capacity'),
(18, 93, 'shoot', 1, 'tele', 'before', 0, 'equal to', 1, 'Before != Expected'),
(19, 413, 'shoot', 6, 'tele', 'before', 15, 'equal to', 25, 'Before != Expected'),
(20, 94, 'shoot', 1, 'auto', 'before', 0, 'equal to', 10, 'Before != Expected'),
(21, 415, 'shoot', 4, 'tele', 'before', 0, 'equal to', 10, 'Before != Expected'),
(22, 96, 'shoot', 2, 'auto', 'before', 9, 'less than', 10, 'Before > Capacity'),
(23, 96, 'shoot', 2, 'auto', 'before', 0, 'equal to', 9, 'Before != Expected'),
(24, 256, 'shoot', 5, 'tele', 'before', 0, 'equal to', 10, 'Before != Expected'),
(25, 420, 'shoot', 5, 'tele', 'before', 50, 'less than', 51, 'Before > Capacity'),
(26, 24, 'shoot', 1, 'auto', 'before', 0, 'equal to', 10, 'Before != Expected'),
(27, 25, 'shoot', 1, 'auto', 'before', 0, 'equal to', 9, 'Before != Expected'),
(28, 266, 'shoot', 6, 'tele', 'before', 0, 'equal to', 13, 'Before != Expected'),
(29, 112, 'shoot', 2, 'auto', 'before', 9, 'less than', 10, 'Before > Capacity'),
(30, 112, 'shoot', 2, 'auto', 'before', 0, 'equal to', 9, 'Before != Expected'),
(31, 274, 'shoot', 4, 'tele', 'before', 0, 'equal to', 15, 'Before != Expected'),
(32, 116, 'shoot', 3, 'tele', 'before', 65, 'less than', 120, 'Before > Capacity'),
(33, 116, 'shoot', 5, 'tele', 'before', 50, 'equal to', 40, 'Before != Expected'),
(34, 358, 'shoot', 1, 'auto', 'before', 0, 'equal to', 10, 'Before != Expected'),
(35, 279, 'shoot', 2, 'auto', 'before', 9, 'less than', 10, 'Before > Capacity'),
(36, 279, 'shoot', 2, 'auto', 'before', 0, 'equal to', 9, 'Before != Expected'),
(37, 40, 'shoot', 4, 'tele', 'before', 40, 'equal to', 30, 'Before != Expected'),
(38, 40, 'shoot', 6, 'tele', 'before', 40, 'equal to', 35, 'Before != Expected'),
(39, 204, 'shoot', 1, 'auto', 'before', 0, 'equal to', 10, 'Before != Expected'),
(40, 448, 'shoot', 1, 'auto', 'before', 0, 'equal to', 10, 'Before != Expected'),
(41, 369, 'shoot', 1, 'auto', 'before', 0, 'equal to', 10, 'Before != Expected'),
(42, 290, 'shoot', 3, 'tele', 'before', 30, 'equal to', 15, 'Before != Expected'),
(43, 212, 'shoot', 2, 'auto', 'before', 9, 'less than', 10, 'Before > Capacity'),
(44, 212, 'shoot', 2, 'auto', 'before', 0, 'equal to', 9, 'Before != Expected'),
(45, 294, 'shoot', 1, 'auto', 'before', 0, 'equal to', 10, 'Before != Expected'),
(46, 374, 'shoot', 2, 'auto', 'before', 40, 'equal to', 25, 'Before != Expected'),
(47, 378, 'feedBall', 1, 'tele', 'after', 0, 'less than', 5, 'Feed > Capacity'),
(48, 60, 'shoot', 1, 'auto', 'before', 0, 'equal to', 10, 'Before != Expected'),
(49, 461, 'shoot', 2, 'auto', 'before', 9, 'less than', 10, 'Before > Capacity'),
(50, 461, 'shoot', 2, 'auto', 'before', 0, 'equal to', 9, 'Before != Expected'),
(51, 381, 'shoot', 11, 'tele', 'before', 30, 'equal to', 25, 'Before != Expected'),
(52, 303, 'shoot', 2, 'auto', 'before', 20, 'equal to', 30, 'Before != Expected'),
(53, 303, 'shoot', 11, 'tele', 'before', 0, 'equal to', 3, 'Before != Expected'),
(54, 225, 'shoot', 2, 'auto', 'before', 50, 'equal to', 30, 'Before != Expected'),
(55, 306, 'shoot', 2, 'tele', 'before', 50, 'equal to', 40, 'Before != Expected'),
(56, 467, 'shoot', 2, 'auto', 'before', 9, 'less than', 10, 'Before > Capacity'),
(57, 467, 'shoot', 2, 'auto', 'before', 0, 'equal to', 9, 'Before != Expected'),
(58, 307, 'shoot', 1, 'auto', 'before', 0, 'equal to', 10, 'Before != Expected'),
(59, 237, 'shoot', 8, 'tele', 'before', 50, 'equal to', 30, 'Before != Expected'),
(60, 79, 'shoot', 4, 'tele', 'before', 40, 'equal to', 20, 'Before != Expected'),
(61, 160, 'shoot', 1, 'auto', 'before', 0, 'equal to', 10, 'Before != Expected'),
(62, 80, 'shoot', 1, 'auto', 'before', 0, 'equal to', 10, 'Before != Expected');

-- --------------------------------------------------------

--
-- Table structure for table `scouters`
--

CREATE TABLE IF NOT EXISTS `scouters` (
  `id` int(10) unsigned NOT NULL AUTO_INCREMENT,
  `name` varchar(255) DEFAULT NULL,
  PRIMARY KEY (`id`),
  UNIQUE KEY `scouters_name_unique` (`name`)
) ENGINE=InnoDB  DEFAULT CHARSET=latin1 AUTO_INCREMENT=47 ;

--
-- Dumping data for table `scouters`
--

INSERT INTO `scouters` (`id`, `name`) VALUES
(11, 'Alexandre G.'),
(30, 'Anna O.'),
(28, 'Anusha M.'),
(45, 'Asante W.'),
(32, 'Chloe P.'),
(4, 'Connor A.'),
(41, 'David S.'),
(20, 'Edward K.'),
(38, 'Elizabeth S.'),
(19, 'Ella K.'),
(6, 'Emi B.'),
(7, 'Evan C.'),
(3, 'Grant A.'),
(43, 'Ha T.'),
(10, 'Isaac F.'),
(23, 'Isandro M.'),
(29, 'Jan O.'),
(34, 'Jared R.'),
(22, 'Jasmine L.'),
(39, 'Jay S.'),
(21, 'Jeremy L.'),
(35, 'Josh S.'),
(12, 'Kyle G.'),
(9, 'Liam F.'),
(42, 'Magena T.'),
(14, 'Mayank H.'),
(37, 'Mikhail S.'),
(40, 'Nathalie S.'),
(5, 'Neha A.'),
(36, 'Nishant S.'),
(31, 'Nolan P.'),
(26, 'Omeed M.'),
(44, 'Philip W.'),
(27, 'Rahi M.'),
(33, 'Rima R.'),
(1, 'Romaisa A.'),
(25, 'Roman M.'),
(17, 'Sadie K.'),
(13, 'Sarah H.'),
(24, 'Sarah M.'),
(15, 'Shashank H.'),
(16, 'Shreya J.'),
(8, 'Solomia D.'),
(2, 'Tori A.'),
(18, 'Victoria K.'),
(46, 'Yichen Y.');

-- --------------------------------------------------------

--
-- Table structure for table `teammatches`
--

CREATE TABLE IF NOT EXISTS `teammatches` (
  `id` int(10) unsigned NOT NULL AUTO_INCREMENT,
  `matchID` int(10) unsigned NOT NULL,
  `side` enum('red','blue') NOT NULL,
  `position` int(10) unsigned NOT NULL,
  `teamNumber` int(10) unsigned NOT NULL,
  `deviceID` varchar(255) DEFAULT NULL,
  `collectionStarted` tinyint(1) NOT NULL DEFAULT '0',
  `collectionEnded` tinyint(1) NOT NULL DEFAULT '0',
  `scouterID` int(10) unsigned DEFAULT NULL,
  `postprocessed` tinyint(1) NOT NULL DEFAULT '0',
  `ready` tinyint(1) NOT NULL DEFAULT '0',
  PRIMARY KEY (`id`),
  UNIQUE KEY `teammatches_teamnumber_matchid_unique` (`teamNumber`,`matchID`),
  KEY `teammatches_matchid_foreign` (`matchID`),
  KEY `teammatches_scouterid_foreign` (`scouterID`),
  KEY `teammatches_deviceid_foreign` (`deviceID`)
) ENGINE=InnoDB  DEFAULT CHARSET=latin1 AUTO_INCREMENT=481 ;

--
-- Dumping data for table `teammatches`
--

INSERT INTO `teammatches` (`id`, `matchID`, `side`, `position`, `teamNumber`, `deviceID`, `collectionStarted`, `collectionEnded`, `scouterID`, `postprocessed`, `ready`) VALUES
(1, 1, 'red', 1, 1756, 'XvLpKS', 1, 1, 35, 1, 1),
(2, 2, 'red', 1, 4096, 'VW7MuT', 1, 1, 5, 1, 1),
(3, 3, 'red', 1, 5822, 'mRLgSQ', 1, 1, 18, 1, 1),
(4, 4, 'red', 1, 4979, 'QkRM4M', 1, 1, 8, 1, 1),
(5, 5, 'red', 1, 2039, 'qoMTbl', 1, 1, 39, 1, 1),
(6, 6, 'red', 1, 1739, 'QkRM4M', 1, 1, 8, 1, 1),
(7, 7, 'red', 1, 3061, 'PPjFZw', 1, 1, 36, 1, 1),
(8, 8, 'red', 1, 1405, 'QkRM4M', 1, 1, 8, 1, 1),
(9, 9, 'red', 1, 4645, 'SCLKpF', 1, 1, 35, 1, 1),
(10, 10, 'red', 1, 4979, 'SCLKpF', 1, 1, 35, 1, 1),
(11, 11, 'red', 1, 2781, 'QkRM4M', 1, 1, 8, 1, 1),
(12, 12, 'red', 1, 2039, 'QkRM4M', 1, 1, 8, 1, 1),
(13, 13, 'red', 1, 5811, 'm5zUDt', 1, 1, 36, 1, 1),
(14, 14, 'red', 1, 6651, 'm5zUDt', 1, 1, 36, 1, 1),
(15, 15, 'red', 1, 4645, 'SCLKpF', 1, 1, 35, 1, 1),
(16, 16, 'red', 1, 4284, 'm5zUDt', 1, 1, 36, 1, 1),
(17, 17, 'red', 1, 2136, 'qoMTbl', 1, 1, 40, 1, 1),
(18, 18, 'red', 1, 2526, 'PPjFZw', 1, 1, 8, 1, 1),
(19, 19, 'red', 1, 4292, 'VW7MuT', 1, 1, 46, 1, 1),
(20, 20, 'red', 1, 2338, 'PPjFZw', 1, 1, 8, 1, 1),
(21, 21, 'red', 1, 2136, 'mRLgSQ', 1, 1, 11, 1, 1),
(22, 22, 'red', 1, 2151, 'qoMTbl', 1, 1, 40, 1, 1),
(23, 23, 'red', 1, 383, 'mRLgSQ', 1, 1, 39, 1, 1),
(24, 24, 'red', 1, 1756, 'qoMTbl', 1, 1, 40, 1, 1),
(25, 25, 'red', 1, 3352, 'QkRM4M', 1, 1, 36, 1, 1),
(26, 26, 'red', 1, 2704, 'd6T3Go', 1, 1, 40, 1, 1),
(27, 27, 'red', 1, 1511, 'qoMTbl', 1, 1, 8, 1, 1),
(28, 28, 'red', 1, 3067, 'd6T3Go', 1, 1, 40, 1, 1),
(29, 29, 'red', 1, 111, 'XvLpKS', 1, 1, 35, 1, 1),
(30, 30, 'red', 1, 1781, 'XvLpKS', 1, 1, 35, 1, 1),
(31, 31, 'red', 1, 1405, 'qoMTbl', 1, 1, 8, 1, 1),
(32, 32, 'red', 1, 3488, 'qoMTbl', 1, 1, 8, 1, 1),
(33, 33, 'red', 1, 1625, 'qoMTbl', 1, 1, 8, 1, 1),
(34, 34, 'red', 1, 4524, 'qoMTbl', 1, 1, 8, 1, 1),
(35, 35, 'red', 1, 2151, 'qoMTbl', 1, 1, 8, 1, 1),
(36, 36, 'red', 1, 5125, 'qoMTbl', 1, 1, 8, 1, 1),
(37, 37, 'red', 1, 4655, 'fN08Ew', 1, 1, 5, 1, 1),
(38, 38, 'red', 1, 2451, 'd6T3Go', 1, 1, 40, 1, 1),
(39, 39, 'red', 1, 5350, 'XvLpKS', 1, 1, 35, 1, 1),
(40, 40, 'red', 1, 4096, 'qoMTbl', 1, 1, 8, 1, 1),
(41, 41, 'red', 1, 101, 'qoMTbl', 1, 1, 8, 1, 1),
(42, 42, 'red', 1, 5125, 'PPjFZw', 1, 1, 36, 1, 1),
(43, 43, 'red', 1, 1592, 'qoMTbl', 1, 1, 8, 1, 1),
(44, 44, 'red', 1, 16, 'fN08Ew', 1, 1, 5, 1, 1),
(45, 45, 'red', 1, 1511, 'qoMTbl', 1, 1, 8, 1, 1),
(46, 46, 'red', 1, 4292, 'qoMTbl', 1, 1, 8, 1, 1),
(47, 47, 'red', 1, 2451, 'mRLgSQ', 1, 1, 8, 1, 1),
(48, 48, 'red', 1, 101, 'qoMTbl', 1, 1, 39, 1, 1),
(49, 49, 'red', 1, 1986, 'qoMTbl', 1, 1, 8, 1, 1),
(50, 50, 'red', 1, 16, 'qoMTbl', 1, 1, 8, 1, 1),
(51, 51, 'red', 1, 2022, 'PSl2Xk', 1, 1, 40, 1, 1),
(52, 52, 'red', 1, 3352, 'fN08Ew', 1, 1, 5, 1, 1),
(53, 53, 'red', 1, 1739, 'PSl2Xk', 1, 1, 40, 1, 1),
(54, 54, 'red', 1, 1736, 'fN08Ew', 1, 1, 5, 1, 1),
(55, 55, 'red', 1, 2704, 'qoMTbl', 1, 1, 8, 1, 1),
(56, 56, 'red', 1, 2526, 'qoMTbl', 1, 1, 8, 1, 1),
(57, 57, 'red', 1, 4241, 'qoMTbl', 1, 1, 8, 1, 1),
(58, 58, 'red', 1, 4645, 'fN08Ew', 1, 1, 36, 1, 1),
(59, 59, 'red', 1, 5847, 'fN08Ew', 1, 1, 36, 1, 1),
(60, 60, 'red', 1, 1781, 'd6T3Go', 1, 1, 5, 1, 1),
(61, 61, 'red', 1, 1405, 'qoMTbl', 1, 1, 18, 1, 1),
(62, 62, 'red', 1, 4292, 'PPjFZw', 1, 1, 40, 1, 1),
(63, 63, 'red', 1, 2709, 'd6T3Go', 1, 1, 5, 1, 1),
(64, 64, 'red', 1, 5811, 'PSl2Xk', 1, 1, 8, 1, 1),
(65, 65, 'red', 1, 1723, 'd6T3Go', 1, 1, 5, 1, 1),
(66, 66, 'red', 1, 6651, 'fN08Ew', 1, 1, 36, 1, 1),
(67, 67, 'red', 1, 1739, 'd6T3Go', 1, 1, 5, 1, 1),
(68, 68, 'red', 1, 3110, 'PSl2Xk', 1, 1, 8, 1, 1),
(69, 69, 'red', 1, 5350, 'fN08Ew', 1, 1, 36, 1, 1),
(70, 70, 'red', 1, 1939, 'XvLpKS', 1, 1, 35, 1, 1),
(71, 71, 'red', 1, 2022, 'd6T3Go', 1, 1, 5, 1, 1),
(72, 72, 'red', 1, 2338, 'qoMTbl', 1, 1, 18, 1, 1),
(73, 73, 'red', 1, 1288, 'XvLpKS', 1, 1, 35, 1, 1),
(74, 74, 'red', 1, 5847, 'fN08Ew', 1, 1, 36, 1, 1),
(75, 75, 'red', 1, 383, 'XvLpKS', 1, 1, 35, 1, 1),
(76, 76, 'red', 1, 4979, 'fN08Ew', 1, 1, 36, 1, 1),
(77, 77, 'red', 1, 1592, 'mRLgSQ', 1, 1, 18, 1, 1),
(78, 78, 'red', 1, 5822, 'fN08Ew', 1, 1, 36, 1, 1),
(79, 79, 'red', 1, 1736, 'mRLgSQ', 1, 1, 18, 1, 1),
(80, 80, 'red', 1, 1781, 'XvLpKS', 1, 1, 35, 1, 1),
(81, 1, 'red', 2, 111, 'mRLgSQ', 1, 1, 18, 1, 1),
(82, 2, 'red', 2, 2136, 'mRLgSQ', 1, 1, 18, 1, 1),
(83, 3, 'red', 2, 3488, 'VW7MuT', 1, 1, 5, 1, 1),
(84, 4, 'red', 2, 1511, 'XvLpKS', 1, 1, 35, 1, 1),
(85, 5, 'red', 2, 1592, 'XvLpKS', 1, 1, 35, 1, 1),
(86, 6, 'red', 2, 3620, 'PPjFZw', 1, 1, 36, 1, 1),
(87, 7, 'red', 2, 5847, 'XvLpKS', 1, 1, 35, 1, 1),
(88, 8, 'red', 2, 1939, 'PSl2Xk', 1, 1, 40, 1, 1),
(89, 9, 'red', 2, 1736, 'qoMTbl', 1, 1, 18, 1, 1),
(90, 10, 'red', 2, 2725, 'qoMTbl', 1, 1, 18, 1, 1),
(91, 11, 'red', 2, 5934, 'm5zUDt', 1, 1, 36, 1, 1),
(92, 12, 'red', 2, 2704, 'm5zUDt', 1, 1, 36, 1, 1),
(93, 13, 'red', 2, 4292, 'qoMTbl', 1, 1, 18, 1, 1),
(94, 14, 'red', 2, 1756, 'qoMTbl', 1, 1, 18, 1, 1),
(95, 15, 'red', 2, 4213, 'qoMTbl', 1, 1, 18, 1, 1),
(96, 16, 'red', 2, 3620, 'QkRM4M', 1, 1, 8, 1, 1),
(97, 17, 'red', 2, 1939, 'VW7MuT', 1, 1, 5, 1, 1),
(98, 18, 'red', 2, 2709, 'VW7MuT', 1, 1, 46, 1, 1),
(99, 19, 'red', 2, 1625, 'mRLgSQ', 1, 1, 18, 1, 1),
(100, 20, 'red', 2, 4787, NULL, 0, 0, NULL, 0, 0),
(101, 21, 'red', 2, 6651, 'd6T3Go', 1, 1, 36, 1, 1),
(102, 22, 'red', 2, 2451, 'VW7MuT', 1, 1, 5, 1, 1),
(103, 23, 'red', 2, 2725, 'PPjFZw', 1, 1, 8, 1, 1),
(104, 24, 'red', 2, 4213, 'PPjFZw', 1, 1, 8, 1, 1),
(105, 25, 'red', 2, 4284, 'qoMTbl', 1, 1, 8, 1, 1),
(106, 26, 'red', 2, 101, 'qoMTbl', 1, 1, 8, 1, 1),
(107, 27, 'red', 2, 2022, 'd6T3Go', 1, 1, 40, 1, 1),
(108, 28, 'red', 2, 4213, 'qoMTbl', 1, 1, 8, 1, 1),
(109, 29, 'red', 2, 4241, 'd6T3Go', 1, 1, 40, 1, 1),
(110, 30, 'red', 2, 1723, 'mRLgSQ', 1, 1, 18, 1, 1),
(111, 31, 'red', 2, 3061, 'QkRM4M', 1, 1, 36, 1, 1),
(112, 32, 'red', 2, 3620, 'd6T3Go', 1, 1, 40, 1, 1),
(113, 33, 'red', 2, 2709, 'QkRM4M', 1, 1, 36, 1, 1),
(114, 34, 'red', 2, 2338, 'd6T3Go', 1, 1, 40, 1, 1),
(115, 35, 'red', 2, 1756, 'd6T3Go', 1, 1, 40, 1, 1),
(116, 36, 'red', 2, 1986, 'd6T3Go', 1, 1, 43, 1, 1),
(117, 37, 'red', 2, 4787, 'qoMTbl', 1, 1, 8, 1, 1),
(118, 38, 'red', 2, 2781, 'qoMTbl', 1, 1, 8, 1, 1),
(119, 39, 'red', 2, 1288, 'qoMTbl', 1, 1, 8, 1, 1),
(120, 40, 'red', 2, 2725, 'fN08Ew', 1, 1, 5, 1, 1),
(121, 41, 'red', 2, 2526, 'd6T3Go', 1, 1, 40, 1, 1),
(122, 42, 'red', 2, 3061, 'fN08Ew', 1, 1, 5, 1, 1),
(123, 43, 'red', 2, 3138, 'fN08Ew', 1, 1, 5, 1, 1),
(124, 44, 'red', 2, 3734, 'mRLgSQ', 1, 1, 18, 1, 1),
(125, 45, 'red', 2, 4655, 'PSl2Xk', 1, 1, 40, 1, 1),
(126, 46, 'red', 2, 2151, 'PSl2Xk', 1, 1, 40, 1, 1),
(127, 47, 'red', 2, 144, 'PSl2Xk', 1, 1, 40, 1, 1),
(128, 48, 'red', 2, 4284, 'mRLgSQ', 1, 1, 5, 1, 1),
(129, 49, 'red', 2, 2709, 'fN08Ew', 1, 1, 5, 1, 1),
(130, 50, 'red', 2, 1736, 'fN08Ew', 1, 1, 5, 1, 1),
(131, 51, 'red', 2, 2704, 'qoMTbl', 1, 1, 8, 1, 1),
(132, 52, 'red', 2, 5822, 'PPjFZw', 1, 1, 36, 1, 1),
(133, 53, 'red', 2, 1405, 'qoMTbl', 1, 1, 8, 1, 1),
(134, 54, 'red', 2, 383, 'qoMTbl', 1, 1, 8, 1, 1),
(135, 55, 'red', 2, 6651, 'PSl2Xk', 1, 1, 40, 1, 1),
(136, 56, 'red', 2, 2136, 'mRLgSQ', 1, 1, 18, 1, 1),
(137, 57, 'red', 2, 1511, 'PSl2Xk', 1, 1, 40, 1, 1),
(138, 58, 'red', 2, 2039, 'd6T3Go', 1, 1, 5, 1, 1),
(139, 59, 'red', 2, 5811, 'PPjFZw', 1, 1, 40, 1, 1),
(140, 60, 'red', 2, 3110, 'PSl2Xk', 1, 1, 8, 1, 1),
(141, 61, 'red', 2, 2022, 'd6T3Go', 1, 1, 5, 1, 1),
(142, 62, 'red', 2, 5822, 'fN08Ew', 1, 1, 36, 1, 1),
(143, 63, 'red', 2, 1511, 'fN08Ew', 1, 1, 36, 1, 1),
(144, 64, 'red', 2, 3352, 'qoMTbl', 1, 1, 18, 1, 1),
(145, 65, 'red', 2, 2338, 'PSl2Xk', 1, 1, 8, 1, 1),
(146, 66, 'red', 2, 4645, 'qoMTbl', 1, 1, 18, 1, 1),
(147, 67, 'red', 2, 3488, 'PPjFZw', 1, 1, 40, 1, 1),
(148, 68, 'red', 2, 4787, 'fN08Ew', 1, 1, 36, 1, 1),
(149, 69, 'red', 2, 3734, 'PPjFZw', 1, 1, 40, 1, 1),
(150, 70, 'red', 2, 16, 'qoMTbl', 1, 1, 18, 1, 1),
(151, 71, 'red', 2, 2151, 'fN08Ew', 1, 1, 36, 1, 1),
(152, 72, 'red', 2, 2709, 'PPjFZw', 1, 1, 40, 1, 1),
(153, 73, 'red', 2, 2781, 'PSl2Xk', 1, 1, 8, 1, 1),
(154, 74, 'red', 2, 144, 'PSl2Xk', 1, 1, 8, 1, 1),
(155, 75, 'red', 2, 4241, 'fN08Ew', 1, 1, 36, 1, 1),
(156, 76, 'red', 2, 2526, 'PPjFZw', 1, 1, 40, 1, 1),
(157, 77, 'red', 2, 5125, 'XvLpKS', 1, 1, 35, 1, 1),
(158, 78, 'red', 2, 5350, 'XvLpKS', 1, 1, 35, 1, 1),
(159, 79, 'red', 2, 2136, 'qoMTbl', 1, 1, 8, 1, 1),
(160, 80, 'red', 2, 1756, 'qoMTbl', 1, 1, 8, 1, 1),
(161, 1, 'red', 3, 1288, 'VW7MuT', 1, 1, 5, 1, 1),
(162, 2, 'red', 3, 2338, 'PPjFZw', 1, 1, 36, 1, 1),
(163, 3, 'red', 3, 4284, 'PPjFZw', 1, 1, 36, 1, 1),
(164, 4, 'red', 3, 4524, 'PSl2Xk', 1, 1, 40, 1, 1),
(165, 5, 'red', 3, 383, 'PSl2Xk', 1, 1, 40, 1, 1),
(166, 6, 'red', 3, 1625, 'qoMTbl', 1, 1, 18, 1, 1),
(167, 7, 'red', 3, 3352, 'qoMTbl', 1, 1, 18, 1, 1),
(168, 8, 'red', 3, 4787, 'qoMTbl', 1, 1, 18, 1, 1),
(169, 9, 'red', 3, 5811, 'PPjFZw', 1, 1, 36, 1, 1),
(170, 10, 'red', 3, 1288, 'PSl2Xk', 1, 1, 40, 1, 1),
(171, 11, 'red', 3, 101, 'SCLKpF', 1, 1, 35, 1, 1),
(172, 12, 'red', 3, 1405, 'qoMTbl', 1, 1, 18, 1, 1),
(173, 13, 'red', 3, 3138, 'QkRM4M', 1, 1, 8, 1, 1),
(174, 14, 'red', 3, 5125, 'PSl2Xk', 1, 1, 40, 1, 1),
(175, 15, 'red', 3, 16, 'PSl2Xk', 1, 1, 40, 1, 1),
(176, 16, 'red', 3, 1781, 'VW7MuT', 1, 1, 5, 1, 1),
(177, 17, 'red', 3, 4524, 'm5zUDt', 1, 1, 36, 1, 1),
(178, 18, 'red', 3, 3138, 'qoMTbl', 1, 1, 40, 1, 1),
(179, 19, 'red', 3, 1736, 'qoMTbl', 1, 1, 40, 1, 1),
(180, 20, 'red', 3, 1986, 'VW7MuT', 1, 1, 46, 1, 1),
(181, 21, 'red', 3, 5822, 'qoMTbl', 1, 1, 39, 1, 1),
(182, 22, 'red', 3, 3067, 'PPjFZw', 1, 1, 8, 1, 1),
(183, 23, 'red', 3, 1781, 'qoMTbl', 1, 1, 40, 1, 1),
(184, 24, 'red', 3, 5934, 'd6T3Go', 1, 1, 36, 1, 1),
(185, 25, 'red', 3, 1723, 'SCLKpF', 1, 1, 35, 1, 1),
(186, 26, 'red', 3, 5350, 'QkRM4M', 1, 1, 36, 1, 1),
(187, 27, 'red', 3, 4645, 'XvLpKS', 1, 1, 35, 1, 1),
(188, 28, 'red', 3, 4787, 'mRLgSQ', 1, 1, 18, 1, 1),
(189, 29, 'red', 3, 3110, 'mRLgSQ', 1, 1, 18, 1, 1),
(190, 30, 'red', 3, 2136, 'd6T3Go', 1, 1, 40, 1, 1),
(191, 31, 'red', 3, 3734, 'd6T3Go', 1, 1, 40, 1, 1),
(192, 32, 'red', 3, 2526, 'mRLgSQ', 1, 1, 18, 1, 1),
(193, 33, 'red', 3, 4655, 'd6T3Go', 1, 1, 40, 1, 1),
(194, 34, 'red', 3, 1739, 'XvLpKS', 1, 1, 35, 1, 1),
(195, 35, 'red', 3, 5847, 'QkRM4M', 1, 1, 36, 1, 1),
(196, 36, 'red', 3, 4213, 'mRLgSQ', 1, 1, 18, 1, 1),
(197, 37, 'red', 3, 3488, 'd6T3Go', 1, 1, 40, 1, 1),
(198, 38, 'red', 3, 5811, 'PPjFZw', 1, 1, 36, 1, 1),
(199, 39, 'red', 3, 4241, 'fN08Ew', 1, 1, 5, 1, 1),
(200, 40, 'red', 3, 2709, 'mRLgSQ', 1, 1, 18, 1, 1),
(201, 41, 'red', 3, 2151, 'fN08Ew', 1, 1, 5, 1, 1),
(202, 42, 'red', 3, 144, 'qoMTbl', 1, 1, 8, 1, 1),
(203, 43, 'red', 3, 5847, 'PPjFZw', 1, 1, 36, 1, 1),
(204, 44, 'red', 3, 1756, 'qoMTbl', 1, 1, 8, 1, 1),
(205, 45, 'red', 3, 383, 'PPjFZw', 1, 1, 39, 1, 1),
(206, 46, 'red', 3, 2039, 'fN08Ew', 1, 1, 5, 1, 1),
(207, 47, 'red', 3, 1592, 'fN08Ew', 1, 1, 5, 1, 1),
(208, 48, 'red', 3, 4645, 'PPjFZw', 1, 1, 36, 1, 1),
(209, 49, 'red', 3, 1288, 'XvLpKS', 1, 1, 35, 1, 1),
(210, 50, 'red', 3, 2338, 'mRLgSQ', 1, 1, 18, 1, 1),
(211, 51, 'red', 3, 3110, 'PPjFZw', 1, 1, 36, 1, 1),
(212, 52, 'red', 3, 3620, 'qoMTbl', 1, 1, 8, 1, 1),
(213, 53, 'red', 3, 4979, 'fN08Ew', 1, 1, 5, 1, 1),
(214, 54, 'red', 3, 4096, 'mRLgSQ', 1, 1, 18, 1, 1),
(215, 55, 'red', 3, 4655, 'PPjFZw', 1, 1, 36, 1, 1),
(216, 56, 'red', 3, 1625, 'fN08Ew', 1, 1, 5, 1, 1),
(217, 57, 'red', 3, 3061, 'fN08Ew', 1, 1, 5, 1, 1),
(218, 58, 'red', 3, 1939, 'qoMTbl', 1, 1, 18, 1, 1),
(219, 59, 'red', 3, 1723, 'd6T3Go', 1, 1, 5, 1, 1),
(220, 60, 'red', 3, 5934, 'qoMTbl', 1, 1, 18, 1, 1),
(221, 61, 'red', 3, 16, 'fN08Ew', 1, 1, 36, 1, 1),
(222, 62, 'red', 3, 101, 'XvLpKS', 1, 1, 35, 1, 1),
(223, 63, 'red', 3, 2781, 'XvLpKS', 1, 1, 35, 1, 1),
(224, 64, 'red', 3, 4096, 'd6T3Go', 1, 1, 5, 1, 1),
(225, 65, 'red', 3, 3138, 'fN08Ew', 1, 1, 36, 1, 1),
(226, 66, 'red', 3, 1592, 'PPjFZw', 1, 1, 40, 1, 1),
(227, 67, 'red', 3, 2725, 'XvLpKS', 1, 1, 35, 1, 1),
(228, 68, 'red', 3, 2451, 'qoMTbl', 1, 1, 18, 1, 1),
(229, 69, 'red', 3, 144, 'qoMTbl', 1, 1, 18, 1, 1),
(230, 70, 'red', 3, 4292, 'fN08Ew', 1, 1, 36, 1, 1),
(231, 71, 'red', 3, 1739, 'PPjFZw', 1, 1, 40, 1, 1),
(232, 72, 'red', 3, 3061, 'PSl2Xk', 1, 1, 8, 1, 1),
(233, 73, 'red', 3, 4096, 'd6T3Go', 1, 1, 5, 1, 1),
(234, 74, 'red', 3, 5934, 'qoMTbl', 1, 1, 18, 1, 1),
(235, 75, 'red', 3, 3734, 'd6T3Go', 1, 1, 5, 1, 1),
(236, 76, 'red', 3, 1723, 'XvLpKS', 1, 1, 35, 1, 1),
(237, 77, 'red', 3, 111, 'qoMTbl', 1, 1, 8, 1, 1),
(238, 78, 'red', 3, 1511, 'qoMTbl', 1, 1, 8, 1, 1),
(239, 79, 'red', 3, 3067, 'PPjFZw', 1, 1, 40, 1, 1),
(240, 80, 'red', 3, 2039, 'PPjFZw', 1, 1, 40, 1, 1),
(241, 1, 'blue', 1, 2704, 'qoMTbl', 1, 1, 8, 1, 1),
(242, 2, 'blue', 1, 2151, 'PSl2Xk', 1, 1, 40, 1, 1),
(243, 3, 'blue', 1, 2781, 'PSl2Xk', 1, 1, 40, 1, 1),
(244, 4, 'blue', 1, 6651, 'PPjFZw', 1, 1, 36, 1, 1),
(245, 5, 'blue', 1, 144, 'VW7MuT', 1, 1, 5, 1, 1),
(246, 6, 'blue', 1, 2526, 'PSl2Xk', 1, 1, 40, 1, 1),
(247, 7, 'blue', 1, 101, 'QkRM4M', 1, 1, 8, 1, 1),
(248, 8, 'blue', 1, 1781, 'XvLpKS', 1, 1, 35, 1, 1),
(249, 9, 'blue', 1, 2151, 'PSl2Xk', 1, 1, 40, 1, 1),
(250, 10, 'blue', 1, 5822, 'm5zUDt', 1, 1, 36, 1, 1),
(251, 11, 'blue', 1, 2022, 'PSl2Xk', 1, 1, 40, 1, 1),
(252, 12, 'blue', 1, 1511, 'SCLKpF', 1, 1, 35, 1, 1),
(253, 13, 'blue', 1, 4787, 'SCLKpF', 1, 1, 35, 1, 1),
(254, 14, 'blue', 1, 1625, 'SCLKpF', 1, 1, 35, 1, 1),
(255, 15, 'blue', 1, 5350, 'm5zUDt', 1, 1, 36, 1, 1),
(256, 16, 'blue', 1, 383, 'SCLKpF', 1, 1, 35, 1, 1),
(257, 17, 'blue', 1, 3488, 'SCLKpF', 1, 1, 35, 1, 1),
(258, 18, 'blue', 1, 4241, 'SCLKpF', 1, 1, 35, 1, 1),
(259, 19, 'blue', 1, 2039, 'm5zUDt', 1, 0, 44, 0, 0),
(260, 20, 'blue', 1, 16, 'SCLKpF', 1, 1, 35, 1, 1),
(261, 21, 'blue', 1, 5811, 'SCLKpF', 1, 1, 35, 1, 1),
(262, 22, 'blue', 1, 4241, 'SCLKpF', 1, 1, 35, 1, 1),
(263, 23, 'blue', 1, 4645, 'SCLKpF', 1, 1, 35, 1, 1),
(264, 24, 'blue', 1, 111, 'mRLgSQ', 1, 1, 39, 1, 1),
(265, 25, 'blue', 1, 1405, 'd6T3Go', 1, 1, 40, 1, 1),
(266, 26, 'blue', 1, 4979, 'mRLgSQ', 1, 1, 18, 1, 1),
(267, 27, 'blue', 1, 1939, 'VW7MuT', 1, 1, 5, 1, 1),
(268, 28, 'blue', 1, 2725, 'VW7MuT', 1, 1, 5, 1, 1),
(269, 29, 'blue', 1, 2781, 'VW7MuT', 1, 1, 5, 1, 1),
(270, 30, 'blue', 1, 4979, 'QkRM4M', 1, 1, 36, 1, 1),
(271, 31, 'blue', 1, 1939, 'mRLgSQ', 1, 1, 18, 1, 1),
(272, 32, 'blue', 1, 4292, NULL, 0, 0, NULL, 0, 0),
(273, 33, 'blue', 1, 2704, 'fN08Ew', 1, 1, 5, 1, 1),
(274, 34, 'blue', 1, 3352, 'fN08Ew', 1, 1, 5, 1, 1),
(275, 35, 'blue', 1, 1592, 'mRLgSQ', 1, 1, 18, 1, 1),
(276, 36, 'blue', 1, 2022, 'XvLpKS', 1, 1, 35, 1, 1),
(277, 37, 'blue', 1, 6651, 'QkRM4M', 1, 1, 36, 1, 1),
(278, 38, 'blue', 1, 2704, 'fN08Ew', 1, 1, 5, 1, 1),
(279, 39, 'blue', 1, 3620, 'd6T3Go', 1, 1, 40, 1, 1),
(280, 40, 'blue', 1, 4284, 'PPjFZw', 1, 1, 36, 1, 1),
(281, 41, 'blue', 1, 5822, 'PPjFZw', 1, 1, 36, 1, 1),
(282, 42, 'blue', 1, 1736, 'XvLpKS', 1, 1, 35, 1, 1),
(283, 43, 'blue', 1, 1625, 'd6T3Go', 1, 1, 40, 1, 1),
(284, 44, 'blue', 1, 3352, 'PSl2Xk', 1, 1, 40, 1, 1),
(285, 45, 'blue', 1, 4096, 'fN08Ew', 1, 1, 5, 1, 1),
(286, 46, 'blue', 1, 3061, 'PPjFZw', 1, 1, 36, 1, 1),
(287, 47, 'blue', 1, 2136, 'qoMTbl', 1, 1, 39, 1, 1),
(288, 48, 'blue', 1, 4524, 'PSl2Xk', 1, 1, 40, 1, 1),
(289, 49, 'blue', 1, 3734, 'PPjFZw', 1, 1, 36, 1, 1),
(290, 50, 'blue', 1, 2526, 'PSl2Xk', 1, 1, 40, 1, 1),
(291, 51, 'blue', 1, 3067, 'mRLgSQ', 1, 1, 18, 1, 1),
(292, 52, 'blue', 1, 1511, 'mRLgSQ', 1, 1, 18, 1, 1),
(293, 53, 'blue', 1, 5125, 'mRLgSQ', 1, 1, 18, 1, 1),
(294, 54, 'blue', 1, 1756, 'PSl2Xk', 1, 1, 40, 1, 1),
(295, 55, 'blue', 1, 4213, 'fN08Ew', 1, 1, 5, 1, 1),
(296, 56, 'blue', 1, 2725, 'PSl2Xk', 1, 1, 40, 1, 1),
(297, 57, 'blue', 1, 2338, 'QkRM4M', 1, 1, 35, 1, 1),
(298, 58, 'blue', 1, 2451, 'PSl2Xk', 1, 1, 8, 1, 1),
(299, 59, 'blue', 1, 2709, 'XvLpKS', 1, 1, 35, 1, 1),
(300, 60, 'blue', 1, 3488, 'fN08Ew', 1, 1, 36, 1, 1),
(301, 61, 'blue', 1, 4524, 'XvLpKS', 1, 1, 35, 1, 1),
(302, 62, 'blue', 1, 1739, 'qoMTbl', 1, 1, 18, 1, 1),
(303, 63, 'blue', 1, 1736, 'PPjFZw', 1, 1, 40, 1, 1),
(304, 64, 'blue', 1, 5847, 'fN08Ew', 1, 1, 36, 1, 1),
(305, 65, 'blue', 1, 4284, 'XvLpKS', 1, 1, 35, 1, 1),
(306, 66, 'blue', 1, 1986, 'd6T3Go', 1, 1, 5, 1, 1),
(307, 67, 'blue', 1, 1756, 'qoMTbl', 1, 1, 18, 1, 1),
(308, 68, 'blue', 1, 1405, 'PPjFZw', 1, 1, 40, 1, 1),
(309, 69, 'blue', 1, 5125, 'd6T3Go', 1, 1, 5, 1, 1),
(310, 70, 'blue', 1, 2136, 'd6T3Go', 1, 1, 5, 1, 1),
(311, 71, 'blue', 1, 111, 'qoMTbl', 1, 1, 18, 1, 1),
(312, 72, 'blue', 1, 3620, NULL, 0, 0, NULL, 0, 0),
(313, 73, 'blue', 1, 6651, NULL, 0, 0, NULL, 0, 0),
(314, 74, 'blue', 1, 4292, 'XvLpKS', 1, 1, 35, 1, 1),
(315, 75, 'blue', 1, 2039, 'PPjFZw', 1, 1, 40, 1, 1),
(316, 76, 'blue', 1, 1986, 'PSl2Xk', 1, 1, 8, 1, 1),
(317, 77, 'blue', 1, 2725, 'd6T3Go', 1, 1, 5, 1, 1),
(318, 78, 'blue', 1, 2451, 'PPjFZw', 1, 1, 40, 1, 1),
(319, 79, 'blue', 1, 4655, 'fN08Ew', 1, 1, 36, 1, 1),
(320, 80, 'blue', 1, 3110, 'd6T3Go', 1, 1, 5, 1, 1),
(321, 1, 'blue', 2, 3067, 'PSl2Xk', 1, 1, 40, 1, 1),
(322, 2, 'blue', 2, 5934, 'qoMTbl', 1, 1, 8, 1, 1),
(323, 3, 'blue', 2, 5125, 'XvLpKS', 1, 1, 35, 1, 1),
(324, 4, 'blue', 2, 4292, NULL, 0, 0, NULL, 0, 0),
(325, 5, 'blue', 2, 2022, 'QkRM4M', 1, 1, 8, 1, 1),
(326, 6, 'blue', 2, 3110, 'XvLpKS', 1, 1, 35, 1, 1),
(327, 7, 'blue', 2, 2451, 'VW7MuT', 1, 1, 5, 1, 1),
(328, 8, 'blue', 2, 5350, NULL, 0, 0, NULL, 0, 0),
(329, 9, 'blue', 2, 1723, 'QkRM4M', 1, 1, 8, 1, 1),
(330, 10, 'blue', 2, 2338, 'QkRM4M', 1, 1, 8, 1, 1),
(331, 11, 'blue', 2, 4655, 'qoMTbl', 1, 1, 18, 1, 1),
(332, 12, 'blue', 2, 1739, 'VW7MuT', 1, 1, 5, 1, 1),
(333, 13, 'blue', 2, 1592, 'VW7MuT', 1, 1, 5, 1, 1),
(334, 14, 'blue', 2, 2451, 'QkRM4M', 1, 1, 8, 1, 1),
(335, 15, 'blue', 2, 4096, 'VW7MuT', 1, 1, 5, 1, 1),
(336, 16, 'blue', 2, 3061, 'PSl2Xk', 1, 1, 40, 1, 1),
(337, 17, 'blue', 2, 5847, 'PPjFZw', 1, 1, 8, 1, 1),
(338, 18, 'blue', 2, 3352, 'mRLgSQ', 1, 1, 18, 1, 1),
(339, 19, 'blue', 2, 1288, 'PPjFZw', 1, 1, 8, 1, 1),
(340, 20, 'blue', 2, 1739, 'qoMTbl', 1, 1, 40, 1, 1),
(341, 21, 'blue', 2, 3110, 'qoMTbl', 1, 1, 40, 1, 1),
(342, 22, 'blue', 2, 4524, 'd6T3Go', 1, 1, 36, 1, 1),
(343, 23, 'blue', 2, 5847, 'd6T3Go', 1, 1, 36, 1, 1),
(344, 24, 'blue', 2, 2526, 'SCLKpF', 1, 1, 35, 1, 1),
(345, 25, 'blue', 2, 1592, 'VW7MuT', 1, 1, 5, 1, 1),
(346, 26, 'blue', 2, 4096, 'VW7MuT', 1, 1, 5, 1, 1),
(347, 27, 'blue', 2, 5811, 'QkRM4M', 1, 1, 36, 1, 1),
(348, 28, 'blue', 2, 1736, 'XvLpKS', 1, 1, 35, 1, 1),
(349, 29, 'blue', 2, 1986, 'qoMTbl', 1, 1, 8, 1, 1),
(350, 30, 'blue', 2, 101, 'qoMTbl', 1, 1, 8, 1, 1),
(351, 31, 'blue', 2, 3138, 'XvLpKS', 1, 1, 35, 1, 1),
(352, 32, 'blue', 2, 4096, 'VW7MuT', 1, 1, 5, 1, 1),
(353, 33, 'blue', 2, 16, 'mRLgSQ', 1, 1, 18, 1, 1),
(354, 34, 'blue', 2, 383, 'mRLgSQ', 1, 1, 18, 1, 1),
(355, 35, 'blue', 2, 1288, 'XvLpKS', 1, 1, 35, 1, 1),
(356, 36, 'blue', 2, 4292, 'QkRM4M', 1, 1, 36, 1, 1),
(357, 37, 'blue', 2, 2039, 'XvLpKS', 1, 1, 35, 1, 1),
(358, 38, 'blue', 2, 1781, 'XvLpKS', 1, 1, 35, 1, 1),
(359, 39, 'blue', 2, 1723, 'mRLgSQ', 1, 1, 18, 1, 1),
(360, 40, 'blue', 2, 1739, 'XvLpKS', 1, 1, 35, 1, 1),
(361, 41, 'blue', 2, 1405, 'mRLgSQ', 1, 1, 18, 1, 1),
(362, 42, 'blue', 2, 4524, 'd6T3Go', 1, 1, 40, 1, 1),
(363, 43, 'blue', 2, 4645, 'mRLgSQ', 1, 1, 18, 1, 1),
(364, 44, 'blue', 2, 4979, 'PPjFZw', 1, 1, 36, 1, 1),
(365, 45, 'blue', 2, 4241, 'XvLpKS', 1, 1, 35, 1, 1),
(366, 46, 'blue', 2, 5350, 'XvLpKS', 1, 1, 35, 1, 1),
(367, 47, 'blue', 2, 4213, 'PPjFZw', 1, 1, 36, 1, 1),
(368, 48, 'blue', 2, 1625, 'XvLpKS', 1, 1, 35, 1, 1),
(369, 49, 'blue', 2, 1781, 'mRLgSQ', 1, 1, 18, 1, 1),
(370, 50, 'blue', 2, 6651, 'PPjFZw', 1, 1, 36, 1, 1),
(371, 51, 'blue', 2, 1723, 'QkRM4M', 1, 1, 35, 1, 1),
(372, 52, 'blue', 2, 111, 'QkRM4M', 1, 1, 35, 1, 1),
(373, 53, 'blue', 2, 5934, 'PPjFZw', 1, 1, 36, 1, 1),
(374, 54, 'blue', 2, 1986, 'PPjFZw', 1, 1, 36, 1, 1),
(375, 55, 'blue', 2, 4284, 'mRLgSQ', 1, 1, 18, 1, 1),
(376, 56, 'blue', 2, 2781, 'QkRM4M', 1, 1, 35, 1, 1),
(377, 57, 'blue', 2, 4979, 'PPjFZw', 1, 1, 36, 1, 1),
(378, 58, 'blue', 2, 5125, 'PPjFZw', 1, 1, 40, 1, 1),
(379, 59, 'blue', 2, 111, 'PSl2Xk', 1, 1, 8, 1, 1),
(380, 60, 'blue', 2, 3352, 'PPjFZw', 1, 1, 40, 1, 1),
(381, 61, 'blue', 2, 144, 'PPjFZw', 1, 1, 40, 1, 1),
(382, 62, 'blue', 2, 3067, 'PSl2Xk', 1, 1, 8, 1, 1),
(383, 63, 'blue', 2, 4979, 'PSl2Xk', 1, 1, 8, 1, 1),
(384, 64, 'blue', 2, 2039, 'PPjFZw', 1, 1, 40, 1, 1),
(385, 65, 'blue', 2, 4655, 'qoMTbl', 1, 1, 18, 1, 1),
(386, 66, 'blue', 2, 5822, 'XvLpKS', 1, 1, 35, 1, 1),
(387, 67, 'blue', 2, 3061, 'PSl2Xk', 1, 1, 8, 1, 1),
(388, 68, 'blue', 2, 101, 'd6T3Go', 1, 1, 5, 1, 1),
(389, 69, 'blue', 2, 3067, 'PSl2Xk', 1, 1, 8, 1, 1),
(390, 70, 'blue', 2, 383, 'PPjFZw', 1, 1, 40, 1, 1),
(391, 71, 'blue', 2, 1781, 'XvLpKS', 1, 1, 35, 1, 1),
(392, 72, 'blue', 2, 4645, 'XvLpKS', 1, 1, 35, 1, 1),
(393, 73, 'blue', 2, 5811, 'qoMTbl', 1, 1, 18, 1, 1),
(394, 74, 'blue', 2, 2704, 'PPjFZw', 1, 1, 40, 1, 1),
(395, 75, 'blue', 2, 3488, 'qoMTbl', 1, 1, 18, 1, 1),
(396, 76, 'blue', 2, 2151, 'd6T3Go', 1, 1, 5, 1, 1),
(397, 77, 'blue', 2, 16, 'fN08Ew', 1, 1, 36, 1, 1),
(398, 78, 'blue', 2, 3138, 'mRLgSQ', 1, 1, 18, 1, 1),
(399, 79, 'blue', 2, 1405, 'd6T3Go', 1, 1, 5, 1, 1),
(400, 80, 'blue', 2, 4292, 'fN08Ew', 1, 1, 36, 1, 1),
(401, 1, 'blue', 3, 3138, 'PPjFZw', 1, 1, 36, 1, 1),
(402, 2, 'blue', 3, 3734, 'XvLpKS', 1, 1, 35, 1, 1),
(403, 3, 'blue', 3, 16, 'qoMTbl', 1, 1, 39, 1, 1),
(404, 4, 'blue', 3, 2725, 'VW7MuT', 1, 1, 5, 1, 1),
(405, 5, 'blue', 3, 2709, 'PPjFZw', 1, 1, 36, 1, 1),
(406, 6, 'blue', 3, 4655, 'VW7MuT', 1, 1, 5, 1, 1),
(407, 7, 'blue', 3, 1986, 'PSl2Xk', 1, 1, 40, 1, 1),
(408, 8, 'blue', 3, 4213, 'VW7MuT', 1, 1, 5, 1, 1),
(409, 9, 'blue', 3, 4241, 'VW7MuT', 1, 1, 5, 1, 1),
(410, 10, 'blue', 3, 144, 'VW7MuT', 1, 1, 5, 1, 1),
(411, 11, 'blue', 3, 3734, 'VW7MuT', 1, 1, 5, 1, 1),
(412, 12, 'blue', 3, 1986, 'PSl2Xk', 1, 1, 40, 1, 1),
(413, 13, 'blue', 3, 1736, 'PSl2Xk', 1, 1, 40, 1, 1),
(414, 14, 'blue', 3, 1723, 'VW7MuT', 1, 1, 5, 1, 1),
(415, 15, 'blue', 3, 3110, 'QkRM4M', 1, 1, 8, 1, 1),
(416, 16, 'blue', 3, 3067, 'qoMTbl', 1, 1, 18, 1, 1),
(417, 17, 'blue', 3, 111, 'qoMTbl', 1, 1, 18, 1, 1),
(418, 18, 'blue', 3, 5125, 'm5zUDt', 1, 1, 36, 1, 1),
(419, 19, 'blue', 3, 3734, 'SCLKpF', 1, 1, 35, 1, 1),
(420, 20, 'blue', 3, 144, 'mRLgSQ', 1, 1, 18, 1, 1),
(421, 21, 'blue', 3, 3620, 'VW7MuT', 1, 1, 46, 1, 1),
(422, 22, 'blue', 3, 2709, 'mRLgSQ', 1, 1, 18, 1, 1),
(423, 23, 'blue', 3, 4655, 'VW7MuT', 1, 1, 5, 1, 1),
(424, 24, 'blue', 3, 3061, 'VW7MuT', 1, 1, 5, 1, 1),
(425, 25, 'blue', 3, 2781, 'mRLgSQ', 1, 1, 18, 1, 1),
(426, 26, 'blue', 3, 3488, 'SCLKpF', 1, 1, 35, 1, 1),
(427, 27, 'blue', 3, 144, 'mRLgSQ', 1, 1, 18, 1, 1),
(428, 28, 'blue', 3, 5934, 'QkRM4M', 1, 1, 36, 1, 1),
(429, 29, 'blue', 3, 4284, 'QkRM4M', 1, 1, 36, 1, 1),
(430, 30, 'blue', 3, 2039, 'VW7MuT', 1, 1, 5, 1, 1),
(431, 31, 'blue', 3, 6651, 'VW7MuT', 1, 1, 5, 1, 1),
(432, 32, 'blue', 3, 2451, 'XvLpKS', 1, 1, 35, 1, 1),
(433, 33, 'blue', 3, 5822, 'XvLpKS', 1, 1, 35, 1, 1),
(434, 34, 'blue', 3, 5350, 'QkRM4M', 1, 1, 36, 1, 1),
(435, 35, 'blue', 3, 1511, 'fN08Ew', 1, 1, 5, 1, 1),
(436, 36, 'blue', 3, 2136, 'fN08Ew', 1, 1, 5, 1, 1),
(437, 37, 'blue', 3, 111, 'mRLgSQ', 1, 1, 18, 1, 1),
(438, 38, 'blue', 3, 2338, 'mRLgSQ', 1, 1, 18, 1, 1),
(439, 39, 'blue', 3, 5934, 'PPjFZw', 1, 1, 36, 1, 1),
(440, 40, 'blue', 3, 1939, 'd6T3Go', 1, 1, 40, 1, 1),
(441, 41, 'blue', 3, 383, 'XvLpKS', 1, 1, 35, 1, 1),
(442, 42, 'blue', 3, 3110, 'mRLgSQ', 1, 1, 18, 1, 1),
(443, 43, 'blue', 3, 3067, 'XvLpKS', 1, 1, 35, 1, 1),
(444, 44, 'blue', 3, 2022, 'XvLpKS', 1, 1, 35, 1, 1),
(445, 45, 'blue', 3, 4787, 'mRLgSQ', 1, 1, 18, 1, 1),
(446, 46, 'blue', 3, 2781, 'mRLgSQ', 1, 1, 18, 1, 1),
(447, 47, 'blue', 3, 3138, 'XvLpKS', 1, 1, 35, 1, 1),
(448, 48, 'blue', 3, 1756, 'fN08Ew', 1, 1, 18, 1, 1),
(449, 49, 'blue', 3, 3488, 'PSl2Xk', 1, 1, 40, 1, 1),
(450, 50, 'blue', 3, 5847, 'XvLpKS', 1, 1, 35, 1, 1),
(451, 51, 'blue', 3, 2725, 'fN08Ew', 1, 1, 5, 1, 1),
(452, 52, 'blue', 3, 1939, 'PSl2Xk', 1, 1, 40, 1, 1),
(453, 53, 'blue', 3, 5811, 'QkRM4M', 1, 1, 35, 1, 1),
(454, 54, 'blue', 3, 5350, 'QkRM4M', 1, 1, 35, 1, 1),
(455, 55, 'blue', 3, 2151, 'QkRM4M', 1, 1, 35, 1, 1),
(456, 56, 'blue', 3, 4787, 'PPjFZw', 1, 1, 36, 1, 1),
(457, 57, 'blue', 3, 1592, 'mRLgSQ', 1, 1, 18, 1, 1),
(458, 58, 'blue', 3, 1288, 'XvLpKS', 1, 1, 35, 1, 1),
(459, 59, 'blue', 3, 3734, 'qoMTbl', 1, 1, 18, 1, 1),
(460, 60, 'blue', 3, 3138, 'XvLpKS', 1, 1, 35, 1, 1),
(461, 61, 'blue', 3, 3620, 'PSl2Xk', 1, 1, 8, 1, 1),
(462, 62, 'blue', 3, 4241, 'd6T3Go', 1, 1, 5, 1, 1),
(463, 63, 'blue', 3, 4213, 'qoMTbl', 1, 1, 18, 1, 1),
(464, 64, 'blue', 3, 1625, 'XvLpKS', 1, 1, 35, 1, 1),
(465, 65, 'blue', 3, 4524, 'PPjFZw', 1, 1, 40, 1, 1),
(466, 66, 'blue', 3, 5934, 'PSl2Xk', 1, 1, 8, 1, 1),
(467, 67, 'blue', 3, 3620, 'fN08Ew', 1, 1, 36, 1, 1),
(468, 68, 'blue', 3, 1288, 'XvLpKS', 1, 1, 35, 1, 1),
(469, 69, 'blue', 3, 2526, 'XvLpKS', 1, 1, 35, 1, 1),
(470, 70, 'blue', 3, 2704, 'PSl2Xk', 1, 1, 8, 1, 1),
(471, 71, 'blue', 3, 1625, 'PSl2Xk', 1, 1, 8, 1, 1),
(472, 72, 'blue', 3, 4787, 'd6T3Go', 1, 1, 5, 1, 1),
(473, 73, 'blue', 3, 4524, 'PPjFZw', 1, 1, 40, 1, 1),
(474, 74, 'blue', 3, 4284, 'd6T3Go', 1, 1, 5, 1, 1),
(475, 75, 'blue', 3, 4213, 'PSl2Xk', 1, 1, 8, 1, 1),
(476, 76, 'blue', 3, 1939, 'qoMTbl', 1, 1, 18, 1, 1),
(477, 77, 'blue', 3, 101, 'PPjFZw', 1, 1, 40, 1, 1),
(478, 78, 'blue', 3, 2022, 'd6T3Go', 1, 1, 5, 1, 1),
(479, 79, 'blue', 3, 3352, 'XvLpKS', 1, 1, 35, 1, 1),
(480, 80, 'blue', 3, 2338, 'mRLgSQ', 1, 1, 18, 1, 1);

-- --------------------------------------------------------

--
-- Table structure for table `teampit`
--

CREATE TABLE IF NOT EXISTS `teampit` (
  `teamNumber` int(10) unsigned NOT NULL DEFAULT '0',
  `climbs` tinyint(1) NOT NULL,
  `gears` tinyint(1) NOT NULL,
  `lowShoots` tinyint(1) NOT NULL,
  `highShoots` tinyint(1) NOT NULL,
  `groundFeedsBalls` tinyint(1) NOT NULL,
  `hoppers` tinyint(1) NOT NULL,
  `loadingLanesBalls` tinyint(1) NOT NULL,
  `groundFeedsGears` tinyint(1) NOT NULL,
  `loadingLanesGears` tinyint(1) NOT NULL,
  `ballCapacity` int(11) DEFAULT NULL,
  `abilityToAddClimber` tinyint(1) DEFAULT NULL,
  `cameraFeeds` tinyint(4) NOT NULL,
  `visionTracking` tinyint(4) NOT NULL,
  PRIMARY KEY (`teamNumber`)
) ENGINE=InnoDB DEFAULT CHARSET=latin1;

--
-- Dumping data for table `teampit`
--

INSERT INTO `teampit` (`teamNumber`, `climbs`, `gears`, `lowShoots`, `highShoots`, `groundFeedsBalls`, `hoppers`, `loadingLanesBalls`, `groundFeedsGears`, `loadingLanesGears`, `ballCapacity`, `abilityToAddClimber`, `cameraFeeds`, `visionTracking`) VALUES
(16, 1, 1, 1, 0, 1, 1, 1, 1, 0, 45, 0, 1, 0),
(101, 1, 1, 1, 0, 0, 1, 1, 0, 1, 47, 1, 1, 0),
(111, 1, 1, 1, 0, 1, 1, 1, 0, 1, 100, 1, 1, 1),
(144, 1, 1, 1, 0, 1, 1, 1, 0, 1, 50, 1, 0, 0),
(383, 1, 1, 0, 1, 0, 1, 1, 0, 1, 30, 0, 0, 0),
(1288, 1, 1, 1, 0, 1, 0, 0, 0, 1, 15, 1, 1, 1),
(1405, 1, 1, 0, 1, 1, 1, 1, 1, 0, 50, 1, 1, 0),
(1511, 1, 1, 1, 0, 1, 1, 1, 0, 1, 50, 0, 1, 0),
(1592, 1, 1, 1, 0, 1, 1, 1, 1, 1, 120, 1, 1, 1),
(1625, 1, 1, 1, 0, 1, 1, 1, 0, 1, 100, 1, 1, 1),
(1723, 1, 1, 0, 0, 0, 0, 0, 1, 1, 0, 0, 1, 1),
(1736, 1, 1, 1, 0, 0, 1, 0, 1, 1, 40, 1, 1, 1),
(1739, 1, 1, 0, 0, 0, 0, 0, 0, 1, 0, 1, 0, 0),
(1756, 1, 1, 1, 0, 0, 0, 0, 0, 1, 10, 1, 1, 1),
(1781, 1, 1, 0, 1, 0, 1, 1, 0, 1, 18, 1, 1, 1),
(1939, 1, 1, 0, 1, 1, 1, 1, 0, 1, 45, 1, 1, 1),
(1986, 1, 1, 1, 0, 1, 1, 1, 0, 1, 65, 0, 1, 1),
(2022, 1, 1, 1, 0, 0, 0, 0, 0, 1, 10, 0, 1, 0),
(2039, 1, 1, 0, 1, 1, 1, 1, 0, 1, 35, 0, 1, 1),
(2136, 1, 1, 0, 1, 0, 1, 1, 0, 1, 10, 1, 1, 0),
(2151, 1, 1, 0, 0, 0, 0, 0, 1, 1, 0, 0, 1, 0),
(2338, 1, 1, 1, 0, 1, 1, 1, 0, 1, 40, 0, 1, 1),
(2451, 1, 1, 1, 0, 1, 1, 1, 1, 1, 60, 1, 1, 1),
(2526, 1, 1, 1, 0, 1, 1, 1, 0, 1, 35, 1, 1, 1),
(2704, 1, 1, 0, 0, 0, 0, 0, 0, 1, 0, 1, 1, 1),
(2709, 1, 1, 1, 0, 1, 1, 1, 0, 1, 20, 1, 1, 0),
(2725, 1, 1, 1, 1, 0, 1, 1, 1, 1, 28, 1, 1, 1),
(2781, 1, 1, 1, 1, 1, 1, 1, 0, 1, 20, 1, 1, 0),
(3061, 1, 1, 0, 0, 0, 0, 0, 0, 1, 0, 1, 1, 1),
(3067, 1, 1, 1, 0, 0, 1, 1, 0, 1, 20, 1, 1, 1),
(3110, 0, 1, 0, 1, 0, 1, 1, 0, 1, 30, 0, 1, 0),
(3138, 1, 1, 1, 0, 1, 1, 1, 0, 1, 50, 1, 1, 1),
(3352, 1, 1, 1, 0, 0, 1, 1, 0, 1, 50, 1, 1, 0),
(3488, 1, 1, 1, 0, 1, 0, 0, 0, 1, 20, 0, 1, 0),
(3620, 1, 1, 1, 0, 0, 0, 0, 0, 1, 9, 1, 1, 1),
(3734, 1, 1, 0, 0, 0, 0, 0, 0, 1, 0, 0, 1, 0),
(4096, 1, 1, 1, 0, 1, 1, 1, 0, 1, 70, 1, 1, 1),
(4213, 1, 1, 1, 0, 1, 1, 1, 0, 1, 40, 1, 0, 0),
(4241, 1, 1, 1, 0, 1, 0, 0, 1, 0, 8, 0, 1, 0),
(4284, 1, 1, 0, 0, 0, 0, 0, 0, 1, 0, 0, 1, 0),
(4292, 1, 1, 1, 0, 0, 1, 1, 0, 1, 26, 1, 1, 0),
(4524, 1, 1, 0, 0, 0, 0, 0, 0, 1, 0, 1, 1, 1),
(4645, 1, 1, 1, 0, 1, 1, 1, 0, 1, 20, 0, 1, 1),
(4655, 1, 1, 0, 1, 1, 1, 1, 0, 1, 70, 1, 1, 0),
(4787, 1, 1, 0, 0, 0, 0, 0, 0, 1, 0, 1, 1, 0),
(4979, 1, 1, 1, 0, 0, 1, 1, 0, 1, 25, 0, 1, 0),
(5125, 1, 1, 0, 0, 0, 0, 0, 0, 0, 0, 1, 0, 0),
(5350, 0, 1, 1, 1, 0, 1, 1, 0, 1, 20, 0, 0, 0),
(5811, 1, 1, 1, 0, 0, 1, 1, 0, 1, 10, 0, 1, 0),
(5822, 1, 1, 1, 0, 1, 0, 0, 0, 1, 9, 0, 1, 1),
(5847, 1, 1, 0, 0, 0, 0, 0, 0, 1, 0, 0, 1, 0),
(5934, 1, 1, 1, 0, 1, 1, 1, 1, 1, 100, 1, 0, 0),
(6651, 1, 1, 0, 1, 1, 1, 1, 0, 1, 60, 1, 1, 0);

-- --------------------------------------------------------

--
-- Table structure for table `teampitdrivetrains`
--

CREATE TABLE IF NOT EXISTS `teampitdrivetrains` (
  `teamNumber` int(10) unsigned NOT NULL DEFAULT '0',
  `type` varchar(255) NOT NULL,
  PRIMARY KEY (`teamNumber`)
) ENGINE=InnoDB DEFAULT CHARSET=latin1;

--
-- Dumping data for table `teampitdrivetrains`
--

INSERT INTO `teampitdrivetrains` (`teamNumber`, `type`) VALUES
(16, 'swerve'),
(101, '4 wheel tank'),
(111, '6 wheel west coast'),
(144, 'mecanum'),
(383, 'mecanum'),
(1288, 'mecanum'),
(1511, '6 wheel tank: 4 omni, 2 traction'),
(1592, 'swerve'),
(1625, '2 tanks, 2 omnis'),
(1723, 'omni'),
(1736, 'mecanum west coast'),
(1739, '6 wheel tank'),
(1756, '6 wheel tank'),
(1781, '4 wheel tank: 2 traction, 2 omni'),
(1939, '4 cims, 2 traction, 1 omni'),
(1986, '8 wheel mecanum'),
(2022, '6 wheel drop tank'),
(2039, 'mecanum'),
(2136, '2 wheel'),
(2151, '6 wheel tank'),
(2338, 'butterfly'),
(2451, '6 wheel west coast; 8 775pro'),
(2526, '6 wheel drive'),
(2704, 'holonomic'),
(2709, '6 wheel 4 cim'),
(2725, '6 wheel tank'),
(2781, 'tank'),
(3061, 'swerve'),
(3067, 'mecanum'),
(3110, 'tank'),
(3138, '6 wheel traction'),
(3352, 'mecanum'),
(3488, '6 wheek tank'),
(3620, '6 cim'),
(3734, '4 mecanum'),
(4096, 'duh'),
(4213, '4 wheel omni can switch to traction'),
(4241, '6 wheel tank'),
(4284, 'mecanum'),
(4292, '6 wheel'),
(4524, '6 wheel tank'),
(4645, 'swerve'),
(4655, 'mecanum'),
(4787, '6 wheel tank'),
(4979, 'mecanum'),
(5125, '6 wheel tank'),
(5350, '6 wheel tank'),
(5811, '6 wheel tank custion shift gearbox'),
(5822, '6 wheel tank'),
(5847, '6 wheel tank'),
(5934, '6 wheel tank'),
(6651, '6 wheel tank');

-- --------------------------------------------------------

--
-- Table structure for table `teams`
--

CREATE TABLE IF NOT EXISTS `teams` (
  `teamNumber` int(10) unsigned NOT NULL,
  `name` varchar(255) NOT NULL,
  PRIMARY KEY (`teamNumber`)
) ENGINE=InnoDB DEFAULT CHARSET=latin1;

--
-- Dumping data for table `teams`
--

INSERT INTO `teams` (`teamNumber`, `name`) VALUES
(16, 'Bomb Squad'),
(81, 'MetalHeads'),
(101, 'Striker'),
(111, 'WildStang'),
(144, 'The R.O.C.K'),
(171, 'Cheese Curd Herd'),
(383, 'Brazilian Machine'),
(706, 'Cyberhawks'),
(1288, 'RAVEN Robotics'),
(1329, 'ROBOREBELS'),
(1405, 'Finney Falcons'),
(1511, 'Rolling Thunder'),
(1592, 'Bionic Tigers'),
(1625, 'Winnovation'),
(1723, 'The FBI - FIRST Bots of Independence'),
(1736, 'Robot Casserole'),
(1739, 'Chicago Knights'),
(1756, 'Argos'),
(1781, 'Electric Eagles'),
(1939, 'THE KUHNIGITS'),
(1986, 'Team Titanium'),
(2022, 'Titan Robotics'),
(2039, 'Rockford Robotics Incorp'),
(2040, 'DERT - Dunlap Eagles Robotics Team'),
(2081, 'Icarus'),
(2136, 'Impossible Mission Force'),
(2151, 'Monty Pythons'),
(2169, 'KING TeC'),
(2220, 'Blue Twilight'),
(2338, 'Gear It Forward'),
(2358, 'Bearbotics'),
(2451, 'PWNAGE'),
(2481, 'Roboteers'),
(2526, 'Crimson Robotics'),
(2704, 'Roaring Robotics'),
(2709, 'Iron Wolves'),
(2725, 'Ice Princesses'),
(2781, 'RoboPRIDE'),
(2826, 'Wave Robotics'),
(3061, 'Huskie Robotics'),
(3067, 'Robovikes'),
(3110, 'SeaBots'),
(3138, 'Innovators Robotics'),
(3184, 'Blaze Robotics'),
(3352, 'Flaming Monkeys 4-H Robotics Club'),
(3488, 'RoboEAGLES'),
(3620, 'Average Joes'),
(3692, 'Rock N'' Robotics'),
(3695, 'Foximus Prime'),
(3734, 'Caxys'),
(4096, 'Ctrl-Z'),
(4143, 'MARS/ WARS'),
(4156, 'Ninjaneers'),
(4212, 'Techno Ferrets'),
(4213, 'MetalCow Robotics'),
(4241, 'Joliet Cyborgs'),
(4284, 'ScotBot4284'),
(4292, 'PorterBots'),
(4296, 'Trident Robotics'),
(4500, 'RoboHounds'),
(4524, 'The Memphis MechWarriors'),
(4645, 'X-Machina'),
(4646, 'Team ASAP'),
(4655, 'Stateline Robotics'),
(4787, 'Axiom'),
(4979, 'DevilStorm Robotics'),
(5125, 'Hawks on the Horizon'),
(5350, 'Hope Robotics'),
(5442, 'Mechanical Monarchy'),
(5484, 'Career Academy Robotics - Memento Vitam'),
(5811, 'BONDS'),
(5822, 'WolfByte'),
(5847, 'Ironclad'),
(5934, 'Crowbotics'),
(6237, 'Martin Motion'),
(6651, 'Golden Bots');

--
-- Constraints for dumped tables
--

--
-- Constraints for table `matchautos`
--
ALTER TABLE `matchautos`
  ADD CONSTRAINT `matchautos_teammatchid_foreign` FOREIGN KEY (`teamMatchID`) REFERENCES `teammatches` (`id`);

--
-- Constraints for table `matchballfeeds`
--
ALTER TABLE `matchballfeeds`
  ADD CONSTRAINT `matchballfeeds_teammatchid_foreign` FOREIGN KEY (`teamMatchID`) REFERENCES `teammatches` (`id`);

--
-- Constraints for table `matchballfeeds_preprocess`
--
ALTER TABLE `matchballfeeds_preprocess`
  ADD CONSTRAINT `matchballfeeds_preprocess_teammatchid_foreign` FOREIGN KEY (`teamMatchID`) REFERENCES `teammatches` (`id`);

--
-- Constraints for table `matchclimbs`
--
ALTER TABLE `matchclimbs`
  ADD CONSTRAINT `matchclimbs_teammatchid_foreign` FOREIGN KEY (`teamMatchID`) REFERENCES `teammatches` (`id`);

--
-- Constraints for table `matches`
--
ALTER TABLE `matches`
  ADD CONSTRAINT `matches_compid_foreign` FOREIGN KEY (`compID`) REFERENCES `competitions` (`id`);

--
-- Constraints for table `matchgearfeeds`
--
ALTER TABLE `matchgearfeeds`
  ADD CONSTRAINT `matchgearfeeds_teammatchid_foreign` FOREIGN KEY (`teamMatchID`) REFERENCES `teammatches` (`id`);

--
-- Constraints for table `matchgears`
--
ALTER TABLE `matchgears`
  ADD CONSTRAINT `matchgears_teammatchid_foreign` FOREIGN KEY (`teamMatchID`) REFERENCES `teammatches` (`id`);

--
-- Constraints for table `matchratings`
--
ALTER TABLE `matchratings`
  ADD CONSTRAINT `matchratings_teammatchid_foreign` FOREIGN KEY (`teamMatchID`) REFERENCES `teammatches` (`id`);

--
-- Constraints for table `matchshoots`
--
ALTER TABLE `matchshoots`
  ADD CONSTRAINT `matchshoots_teammatchid_foreign` FOREIGN KEY (`teamMatchID`) REFERENCES `teammatches` (`id`);

--
-- Constraints for table `matchshoots_preprocess`
--
ALTER TABLE `matchshoots_preprocess`
  ADD CONSTRAINT `matchshoots_preprocess_teammatchid_foreign` FOREIGN KEY (`teamMatchID`) REFERENCES `teammatches` (`id`);

--
-- Constraints for table `teammatches`
--
ALTER TABLE `teammatches`
  ADD CONSTRAINT `teammatches_deviceid_foreign` FOREIGN KEY (`deviceID`) REFERENCES `devices` (`deviceID`),
  ADD CONSTRAINT `teammatches_matchid_foreign` FOREIGN KEY (`matchID`) REFERENCES `matches` (`id`),
  ADD CONSTRAINT `teammatches_scouterid_foreign` FOREIGN KEY (`scouterID`) REFERENCES `scouters` (`id`),
  ADD CONSTRAINT `teammatches_teamnumber_foreign` FOREIGN KEY (`teamNumber`) REFERENCES `teams` (`teamNumber`);

--
-- Constraints for table `teampit`
--
ALTER TABLE `teampit`
  ADD CONSTRAINT `teampit_teamnumber_foreign` FOREIGN KEY (`teamNumber`) REFERENCES `teams` (`teamNumber`);

--
-- Constraints for table `teampitdrivetrains`
--
ALTER TABLE `teampitdrivetrains`
  ADD CONSTRAINT `teampitdrivetrains_teamnumber_foreign` FOREIGN KEY (`teamNumber`) REFERENCES `teams` (`teamNumber`);

/*!40101 SET CHARACTER_SET_CLIENT=@OLD_CHARACTER_SET_CLIENT */;
/*!40101 SET CHARACTER_SET_RESULTS=@OLD_CHARACTER_SET_RESULTS */;
/*!40101 SET COLLATION_CONNECTION=@OLD_COLLATION_CONNECTION */;
