-- phpMyAdmin SQL Dump
-- version 4.1.14
-- http://www.phpmyadmin.net
--
-- Host: 127.0.0.1
-- Generation Time: Mar 29, 2017 at 03:21 AM
-- Server version: 5.6.17
-- PHP Version: 5.5.12

SET SQL_MODE = "NO_AUTO_VALUE_ON_ZERO";
SET time_zone = "+00:00";


/*!40101 SET @OLD_CHARACTER_SET_CLIENT=@@CHARACTER_SET_CLIENT */;
/*!40101 SET @OLD_CHARACTER_SET_RESULTS=@@CHARACTER_SET_RESULTS */;
/*!40101 SET @OLD_COLLATION_CONNECTION=@@COLLATION_CONNECTION */;
/*!40101 SET NAMES utf8 */;

--
-- Database: `scouting2017_v2`
--

-- --------------------------------------------------------

--
-- Table structure for table `competitions`
--

CREATE TABLE IF NOT EXISTS `competitions` (
  `id` int(10) unsigned NOT NULL AUTO_INCREMENT,
  `name` varchar(255) NOT NULL,
  `current` tinyint(1) NOT NULL DEFAULT '0',
  `leftSideAlliance` enum('red','blue') DEFAULT NULL,
  PRIMARY KEY (`id`)
) ENGINE=InnoDB  DEFAULT CHARSET=latin1 AUTO_INCREMENT=3 ;

--
-- Dumping data for table `competitions`
--

INSERT INTO `competitions` (`id`, `name`, `current`, `leftSideAlliance`) VALUES
(1, 'Central Illinois Regional', 0, 'blue'),
(2, 'Midwest Regional', 1, 'blue');

-- --------------------------------------------------------

--
-- Table structure for table `devices`
--

CREATE TABLE IF NOT EXISTS `devices` (
  `deviceID` varchar(255) NOT NULL,
  PRIMARY KEY (`deviceID`)
) ENGINE=InnoDB DEFAULT CHARSET=latin1;

--
-- Dumping data for table `devices`
--

INSERT INTO `devices` (`deviceID`) VALUES
('fN08Ew'),
('ivV6h9'),
('m5zUDt'),
('oN6MNQ'),
('PPjFZw'),
('PSl2Xk'),
('QJXE2l'),
('QkRM4M'),
('qoMTbl'),
('SCLKpF'),
('SDAeop'),
('StOmio'),
('ViYzSV'),
('XvLpKS'),
('YaSOt9');

-- --------------------------------------------------------

--
-- Table structure for table `knex_migrations`
--

CREATE TABLE IF NOT EXISTS `knex_migrations` (
  `id` int(10) unsigned NOT NULL AUTO_INCREMENT,
  `name` varchar(255) DEFAULT NULL,
  `batch` int(11) DEFAULT NULL,
  `migration_time` timestamp NULL DEFAULT NULL,
  PRIMARY KEY (`id`)
) ENGINE=InnoDB  DEFAULT CHARSET=latin1 AUTO_INCREMENT=5 ;

--
-- Dumping data for table `knex_migrations`
--

INSERT INTO `knex_migrations` (`id`, `name`, `batch`, `migration_time`) VALUES
(1, '20170223174703_createSchema.js', 1, '2017-02-24 01:06:01'),
(4, '20170228131345_addFields.js', 2, '2017-02-28 19:40:47');

-- --------------------------------------------------------

--
-- Table structure for table `knex_migrations_lock`
--

CREATE TABLE IF NOT EXISTS `knex_migrations_lock` (
  `is_locked` int(11) DEFAULT NULL
) ENGINE=InnoDB DEFAULT CHARSET=latin1;

--
-- Dumping data for table `knex_migrations_lock`
--

INSERT INTO `knex_migrations_lock` (`is_locked`) VALUES
(0);

-- --------------------------------------------------------

--
-- Table structure for table `matchautos`
--

CREATE TABLE IF NOT EXISTS `matchautos` (
  `id` int(10) unsigned NOT NULL AUTO_INCREMENT,
  `teamMatchID` int(10) unsigned NOT NULL,
  `crossedLine` tinyint(1) NOT NULL,
  PRIMARY KEY (`id`),
  UNIQUE KEY `matchautos_teammatchid_unique` (`teamMatchID`)
) ENGINE=InnoDB  DEFAULT CHARSET=latin1 AUTO_INCREMENT=296 ;

--
-- Dumping data for table `matchautos`
--

INSERT INTO `matchautos` (`id`, `teamMatchID`, `crossedLine`) VALUES
(1, 6, 1),
(2, 3, 0),
(3, 2, 0),
(4, 5, 1),
(5, 4, 1),
(6, 8, 0),
(7, 11, 1),
(8, 12, 0),
(9, 9, 0),
(10, 10, 0),
(11, 7, 0),
(12, 17, 1),
(13, 13, 0),
(14, 18, 1),
(15, 16, 1),
(16, 14, 0),
(17, 15, 1),
(18, 21, 1),
(19, 20, 1),
(20, 22, 1),
(21, 24, 0),
(22, 23, 1),
(23, 19, 1),
(24, 28, 1),
(25, 29, 0),
(26, 26, 1),
(27, 30, 0),
(28, 27, 0),
(29, 25, 0),
(30, 36, 1),
(31, 31, 0),
(32, 32, 0),
(33, 33, 0),
(34, 34, 0),
(35, 35, 0),
(36, 41, 1),
(37, 42, 1),
(38, 38, 1),
(39, 40, 0),
(40, 37, 1),
(41, 39, 1),
(42, 47, 1),
(43, 48, 1),
(44, 43, 0),
(45, 44, 0),
(46, 45, 0),
(47, 46, 1),
(48, 53, 1),
(49, 52, 1),
(50, 50, 1),
(51, 51, 1),
(52, 49, 1),
(53, 54, 1),
(54, 55, 1),
(55, 56, 1),
(56, 57, 1),
(57, 59, 1),
(58, 60, 1),
(59, 58, 1),
(60, 61, 1),
(61, 66, 1),
(62, 63, 1),
(63, 65, 1),
(64, 62, 1),
(65, 64, 0),
(66, 68, 0),
(67, 70, 0),
(68, 67, 0),
(69, 72, 0),
(70, 71, 1),
(71, 69, 1),
(72, 75, 0),
(73, 78, 1),
(74, 76, 1),
(75, 73, 1),
(76, 74, 1),
(77, 77, 0),
(78, 81, 1),
(79, 84, 0),
(80, 83, 0),
(81, 82, 0),
(82, 80, 0),
(83, 79, 0),
(84, 88, 1),
(85, 86, 1),
(86, 85, 0),
(87, 90, 0),
(88, 89, 1),
(89, 87, 1),
(90, 93, 1),
(91, 95, 1),
(92, 94, 1),
(93, 96, 0),
(94, 91, 1),
(95, 92, 1),
(96, 97, 0),
(97, 100, 1),
(98, 101, 1),
(99, 98, 0),
(100, 102, 1),
(101, 99, 0),
(102, 105, 1),
(103, 108, 1),
(104, 106, 1),
(105, 103, 0),
(106, 107, 1),
(107, 104, 1),
(108, 111, 1),
(109, 112, 1),
(110, 114, 1),
(111, 110, 0),
(112, 113, 1),
(113, 109, 0),
(114, 119, 1),
(115, 117, 0),
(116, 118, 1),
(117, 115, 1),
(118, 120, 0),
(119, 116, 1),
(120, 126, 0),
(121, 124, 1),
(122, 125, 1),
(123, 122, 1),
(124, 123, 1),
(125, 121, 1),
(126, 130, 1),
(127, 129, 1),
(128, 131, 0),
(129, 128, 1),
(130, 132, 1),
(131, 127, 1),
(132, 138, 1),
(133, 134, 0),
(134, 136, 1),
(135, 133, 1),
(136, 137, 0),
(137, 135, 1),
(138, 143, 0),
(139, 142, 1),
(140, 144, 1),
(141, 139, 1),
(142, 140, 0),
(143, 141, 1),
(144, 148, 0),
(145, 146, 0),
(146, 145, 1),
(147, 149, 1),
(148, 150, 1),
(149, 147, 1),
(150, 155, 0),
(151, 151, 1),
(152, 153, 1),
(153, 154, 1),
(154, 156, 1),
(155, 158, 1),
(156, 157, 1),
(157, 159, 1),
(158, 162, 1),
(159, 161, 1),
(160, 160, 0),
(161, 163, 0),
(162, 168, 1),
(163, 164, 0),
(164, 165, 1),
(165, 166, 1),
(166, 167, 0),
(167, 174, 1),
(168, 169, 0),
(169, 172, 1),
(170, 170, 1),
(171, 173, 1),
(172, 171, 1),
(173, 179, 1),
(174, 176, 1),
(175, 175, 1),
(176, 178, 1),
(177, 180, 1),
(178, 177, 1),
(179, 185, 1),
(180, 181, 1),
(181, 182, 1),
(182, 184, 1),
(183, 186, 1),
(184, 183, 0),
(185, 189, 1),
(186, 187, 0),
(187, 188, 1),
(188, 191, 1),
(189, 190, 1),
(190, 192, 1),
(191, 198, 1),
(192, 197, 1),
(193, 196, 1),
(194, 194, 1),
(195, 193, 1),
(196, 195, 1),
(197, 200, 1),
(198, 204, 1),
(199, 203, 1),
(200, 201, 1),
(201, 202, 1),
(202, 199, 1),
(203, 206, 1),
(204, 209, 1),
(205, 205, 1),
(206, 207, 1),
(207, 208, 1),
(208, 210, 1),
(209, 214, 1),
(210, 211, 1),
(211, 212, 1),
(212, 215, 1),
(213, 213, 1),
(214, 216, 1),
(215, 218, 0),
(216, 217, 1),
(217, 221, 1),
(218, 222, 1),
(219, 220, 1),
(220, 219, 1),
(221, 223, 1),
(222, 228, 0),
(223, 225, 1),
(224, 227, 1),
(225, 224, 0),
(226, 226, 1),
(227, 229, 1),
(228, 230, 1),
(229, 234, 1),
(230, 231, 0),
(231, 232, 1),
(232, 233, 1),
(233, 236, 1),
(234, 239, 1),
(235, 240, 1),
(236, 237, 1),
(237, 238, 1),
(238, 235, 1),
(239, 246, 1),
(240, 243, 1),
(241, 244, 0),
(242, 241, 1),
(243, 242, 1),
(244, 245, 1),
(245, 247, 1),
(246, 250, 1),
(247, 251, 1),
(248, 252, 1),
(249, 249, 1),
(250, 248, 0),
(251, 257, 1),
(252, 256, 1),
(253, 258, 1),
(254, 255, 1),
(255, 253, 1),
(256, 254, 1),
(257, 261, 1),
(258, 263, 1),
(259, 262, 0),
(260, 259, 1),
(261, 260, 1),
(262, 264, 0),
(263, 269, 0),
(264, 268, 0),
(265, 265, 1),
(266, 270, 1),
(267, 267, 1),
(268, 273, 0),
(269, 276, 0),
(270, 275, 1),
(271, 272, 1),
(272, 271, 1),
(273, 278, 0),
(274, 280, 1),
(275, 279, 1),
(276, 281, 1),
(277, 277, 0),
(278, 288, 0),
(279, 283, 1),
(280, 286, 1),
(281, 285, 1),
(282, 284, 1),
(283, 287, 1),
(284, 292, 1),
(285, 293, 1),
(286, 289, 0),
(287, 291, 1),
(288, 294, 1),
(289, 290, 1),
(290, 295, 0),
(291, 299, 1),
(292, 296, 0),
(293, 297, 1),
(294, 300, 1),
(295, 298, 1);

-- --------------------------------------------------------

--
-- Table structure for table `matchballfeeds`
--

CREATE TABLE IF NOT EXISTS `matchballfeeds` (
  `id` int(10) unsigned NOT NULL AUTO_INCREMENT,
  `teamMatchID` int(10) unsigned NOT NULL,
  `orderID` int(10) unsigned DEFAULT NULL,
  `mode` enum('auto','tele') NOT NULL,
  `delta` int(11) NOT NULL,
  `location` enum('overflow','returnFar','returnClose','boilerSideClose','boilerSideMiddle','boilerSideFar','loadingSideClose','loadingSideFar','ground') NOT NULL,
  PRIMARY KEY (`id`),
  UNIQUE KEY `matchballfeeds_teammatchid_orderid_unique` (`teamMatchID`,`orderID`,`mode`)
) ENGINE=InnoDB  DEFAULT CHARSET=latin1 AUTO_INCREMENT=71 ;

--
-- Dumping data for table `matchballfeeds`
--

INSERT INTO `matchballfeeds` (`id`, `teamMatchID`, `orderID`, `mode`, `delta`, `location`) VALUES
(1, 3, 1, 'tele', 10, 'loadingSideClose'),
(2, 3, 5, 'tele', 10, 'boilerSideFar'),
(3, 3, 6, 'tele', 8, 'boilerSideClose'),
(4, 11, 5, 'tele', 50, 'loadingSideFar'),
(5, 29, 2, 'tele', 2, 'boilerSideClose'),
(6, 33, 1, 'tele', 25, 'boilerSideClose'),
(7, 34, NULL, 'tele', 10, 'ground'),
(8, 35, NULL, 'auto', 10, 'ground'),
(9, 44, NULL, 'auto', 50, 'ground'),
(10, 44, 3, 'tele', 10, 'loadingSideFar'),
(11, 44, 4, 'tele', 10, 'boilerSideMiddle'),
(12, 45, NULL, 'tele', 15, 'ground'),
(13, 45, 6, 'tele', 15, 'loadingSideClose'),
(14, 46, NULL, 'tele', 10, 'ground'),
(15, 57, 4, 'tele', 50, 'returnFar'),
(16, 58, 3, 'tele', 15, 'boilerSideClose'),
(17, 58, NULL, 'tele', 10, 'ground'),
(18, 71, 1, 'tele', 25, 'boilerSideClose'),
(19, 71, NULL, 'tele', 4, 'ground'),
(20, 74, NULL, 'tele', 30, 'ground'),
(21, 77, 1, 'auto', 50, 'boilerSideClose'),
(22, 77, 1, 'tele', 20, 'returnFar'),
(23, 77, NULL, 'tele', 30, 'ground'),
(24, 77, NULL, 'tele', 25, 'ground'),
(25, 84, 4, 'tele', 0, 'loadingSideClose'),
(26, 90, 3, 'tele', 15, 'loadingSideClose'),
(27, 94, 4, 'tele', 25, 'boilerSideMiddle'),
(28, 100, NULL, 'auto', 10, 'ground'),
(29, 100, NULL, 'tele', 35, 'ground'),
(30, 99, NULL, 'tele', 28, 'ground'),
(31, 107, 1, 'tele', 20, 'boilerSideClose'),
(32, 104, NULL, 'tele', 19, 'ground'),
(33, 119, NULL, 'auto', 21, 'ground'),
(34, 125, 1, 'tele', 30, 'returnClose'),
(35, 121, 2, 'tele', 11, 'loadingSideFar'),
(36, 136, NULL, 'tele', 64, 'ground'),
(37, 136, NULL, 'tele', 40, 'ground'),
(38, 135, NULL, 'auto', 10, 'ground'),
(39, 145, 2, 'tele', 20, 'loadingSideFar'),
(40, 150, NULL, 'tele', 14, 'ground'),
(41, 147, 4, 'tele', 50, 'boilerSideMiddle'),
(42, 169, NULL, 'auto', 10, 'ground'),
(43, 183, NULL, 'auto', 10, 'ground'),
(44, 183, NULL, 'tele', 2, 'ground'),
(45, 188, 6, 'tele', 40, 'boilerSideMiddle'),
(46, 190, NULL, 'auto', 10, 'ground'),
(47, 193, NULL, 'tele', 10, 'ground'),
(48, 206, NULL, 'auto', 10, 'ground'),
(49, 210, 3, 'tele', 5, 'loadingSideFar'),
(50, 212, 6, 'tele', 40, 'loadingSideFar'),
(51, 218, 1, 'tele', 0, 'boilerSideClose'),
(52, 218, NULL, 'tele', 10, 'ground'),
(53, 218, 3, 'tele', 7, 'boilerSideFar'),
(54, 220, NULL, 'auto', 10, 'ground'),
(55, 229, 1, 'tele', 10, 'boilerSideMiddle'),
(56, 230, NULL, 'tele', 40, 'ground'),
(57, 239, 4, 'tele', 25, 'loadingSideClose'),
(58, 239, NULL, 'tele', 3, 'ground'),
(59, 240, NULL, 'auto', 20, 'ground'),
(60, 240, NULL, 'tele', 52, 'ground'),
(61, 247, 3, 'tele', 4, 'boilerSideMiddle'),
(62, 252, NULL, 'tele', 5, 'ground'),
(63, 263, NULL, 'auto', 10, 'ground'),
(64, 268, NULL, 'tele', 42, 'ground'),
(65, 268, 2, 'tele', 10, 'returnClose'),
(66, 268, 3, 'tele', 20, 'boilerSideClose'),
(67, 291, 1, 'tele', 30, 'loadingSideClose'),
(68, 300, NULL, 'auto', 20, 'ground'),
(69, 300, 2, 'tele', 5, 'loadingSideClose'),
(70, 298, NULL, 'tele', 76, 'ground');

-- --------------------------------------------------------

--
-- Table structure for table `matchballfeeds_preprocess`
--

CREATE TABLE IF NOT EXISTS `matchballfeeds_preprocess` (
  `id` int(10) unsigned NOT NULL AUTO_INCREMENT,
  `teamMatchID` int(10) unsigned NOT NULL,
  `orderID` int(10) unsigned NOT NULL,
  `mode` enum('auto','tele') NOT NULL,
  `before` decimal(8,2) DEFAULT NULL,
  `after` decimal(8,2) DEFAULT NULL,
  `location` enum('overflow','returnFar','returnClose','boilerSideClose','boilerSideMiddle','boilerSideFar','loadingSideClose','loadingSideFar') NOT NULL,
  `count` int(11) DEFAULT NULL,
  `inputMethod` enum('percent','count') NOT NULL,
  PRIMARY KEY (`id`),
  UNIQUE KEY `matchballfeeds_preprocess_teammatchid_orderid_unique` (`teamMatchID`,`orderID`,`mode`)
) ENGINE=InnoDB  DEFAULT CHARSET=latin1 AUTO_INCREMENT=35 ;

--
-- Dumping data for table `matchballfeeds_preprocess`
--

INSERT INTO `matchballfeeds_preprocess` (`id`, `teamMatchID`, `orderID`, `mode`, `before`, `after`, `location`, `count`, `inputMethod`) VALUES
(1, 3, 6, 'tele', NULL, NULL, 'boilerSideClose', 10, 'count'),
(2, 3, 5, 'tele', NULL, NULL, 'boilerSideFar', 10, 'count'),
(3, 3, 1, 'tele', NULL, NULL, 'loadingSideClose', 10, 'count'),
(4, 11, 5, 'tele', NULL, NULL, 'loadingSideFar', 50, 'count'),
(5, 29, 2, 'tele', NULL, NULL, 'boilerSideClose', 2, 'count'),
(6, 33, 1, 'tele', NULL, NULL, 'boilerSideClose', 25, 'count'),
(7, 44, 4, 'tele', '10.00', '20.00', 'boilerSideMiddle', NULL, 'percent'),
(8, 44, 3, 'tele', '0.00', '10.00', 'loadingSideFar', NULL, 'percent'),
(9, 45, 6, 'tele', NULL, NULL, 'loadingSideClose', 15, 'count'),
(10, 57, 4, 'tele', NULL, NULL, 'returnFar', 50, 'count'),
(11, 58, 3, 'tele', NULL, NULL, 'boilerSideClose', 15, 'count'),
(12, 71, 1, 'tele', NULL, NULL, 'boilerSideClose', 25, 'count'),
(13, 77, 1, 'auto', NULL, NULL, 'boilerSideClose', 50, 'count'),
(14, 77, 1, 'tele', NULL, NULL, 'returnFar', 30, 'count'),
(15, 84, 4, 'tele', NULL, NULL, 'loadingSideClose', 1, 'count'),
(16, 90, 3, 'tele', NULL, NULL, 'loadingSideClose', 15, 'count'),
(17, 94, 4, 'tele', NULL, NULL, 'boilerSideMiddle', 25, 'count'),
(18, 107, 1, 'tele', NULL, NULL, 'boilerSideClose', 20, 'count'),
(19, 125, 1, 'tele', NULL, NULL, 'returnClose', 30, 'count'),
(20, 121, 2, 'tele', NULL, NULL, 'loadingSideFar', 100, 'count'),
(21, 145, 2, 'tele', NULL, NULL, 'loadingSideFar', 20, 'count'),
(22, 147, 4, 'tele', NULL, NULL, 'boilerSideMiddle', 50, 'count'),
(23, 188, 6, 'tele', NULL, NULL, 'boilerSideMiddle', 40, 'count'),
(24, 210, 3, 'tele', NULL, NULL, 'loadingSideFar', 5, 'count'),
(25, 212, 6, 'tele', '0.00', '50.00', 'loadingSideFar', NULL, 'percent'),
(26, 218, 3, 'tele', NULL, NULL, 'boilerSideFar', 7, 'count'),
(27, 218, 1, 'tele', NULL, NULL, 'boilerSideClose', 0, 'count'),
(28, 229, 1, 'tele', NULL, NULL, 'boilerSideMiddle', 10, 'count'),
(29, 239, 4, 'tele', NULL, NULL, 'loadingSideClose', 25, 'count'),
(30, 247, 3, 'tele', '0.00', '10.00', 'boilerSideMiddle', NULL, 'percent'),
(31, 268, 3, 'tele', NULL, NULL, 'boilerSideClose', 20, 'count'),
(32, 268, 2, 'tele', NULL, NULL, 'returnClose', 10, 'count'),
(33, 291, 1, 'tele', NULL, NULL, 'loadingSideClose', 100, 'count'),
(34, 300, 2, 'tele', NULL, NULL, 'loadingSideClose', 5, 'count');

-- --------------------------------------------------------

--
-- Table structure for table `matchclimbs`
--

CREATE TABLE IF NOT EXISTS `matchclimbs` (
  `id` int(10) unsigned NOT NULL AUTO_INCREMENT,
  `teamMatchID` int(10) unsigned NOT NULL,
  `touchpad` tinyint(1) NOT NULL,
  `duration` decimal(8,2) NOT NULL,
  PRIMARY KEY (`id`),
  UNIQUE KEY `matchclimbs_teammatchid_orderid_unique` (`teamMatchID`)
) ENGINE=InnoDB  DEFAULT CHARSET=latin1 AUTO_INCREMENT=241 ;

--
-- Dumping data for table `matchclimbs`
--

INSERT INTO `matchclimbs` (`id`, `teamMatchID`, `touchpad`, `duration`) VALUES
(1, 6, 0, '5.00'),
(2, 3, 1, '15.00'),
(3, 2, 0, '6.00'),
(4, 5, 1, '0.00'),
(5, 8, 0, '19.00'),
(6, 11, 1, '12.00'),
(7, 12, 1, '11.00'),
(8, 9, 0, '13.00'),
(9, 13, 0, '20.00'),
(10, 18, 1, '4.00'),
(11, 14, 0, '24.00'),
(12, 15, 0, '27.00'),
(13, 21, 0, '17.00'),
(14, 20, 0, '20.00'),
(15, 22, 0, '19.00'),
(16, 24, 1, '18.00'),
(17, 23, 0, '22.00'),
(18, 19, 1, '5.00'),
(19, 29, 0, '12.00'),
(20, 26, 1, '7.00'),
(21, 30, 1, '10.00'),
(22, 27, 1, '4.00'),
(23, 25, 1, '9.00'),
(25, 31, 1, '4.00'),
(26, 32, 0, '20.00'),
(27, 33, 1, '12.00'),
(28, 34, 1, '7.00'),
(29, 35, 1, '4.00'),
(30, 42, 0, '16.00'),
(31, 38, 0, '20.00'),
(32, 40, 0, '22.00'),
(33, 37, 1, '5.00'),
(34, 39, 0, '17.00'),
(35, 47, 1, '7.00'),
(36, 48, 1, '7.00'),
(37, 44, 1, '8.00'),
(38, 45, 0, '19.00'),
(39, 46, 0, '11.00'),
(40, 53, 1, '14.00'),
(41, 52, 0, '15.00'),
(42, 50, 1, '5.00'),
(43, 51, 0, '13.00'),
(44, 49, 1, '13.00'),
(45, 54, 1, '8.00'),
(46, 56, 0, '17.00'),
(47, 57, 1, '8.00'),
(48, 59, 0, '16.00'),
(49, 60, 1, '16.00'),
(50, 58, 0, '9.00'),
(51, 61, 1, '5.00'),
(52, 66, 1, '6.00'),
(53, 65, 1, '5.00'),
(54, 62, 0, '14.00'),
(55, 64, 0, '1.00'),
(56, 70, 0, '11.00'),
(57, 67, 1, '8.00'),
(58, 72, 1, '9.00'),
(59, 69, 1, '6.00'),
(60, 76, 1, '8.00'),
(61, 74, 0, '19.00'),
(62, 77, 1, '4.00'),
(63, 81, 1, '10.00'),
(64, 84, 0, '11.00'),
(65, 83, 1, '9.00'),
(66, 88, 1, '6.00'),
(67, 86, 1, '3.00'),
(68, 85, 0, '5.00'),
(69, 90, 0, '12.00'),
(70, 89, 0, '22.00'),
(71, 87, 0, '11.00'),
(72, 93, 1, '12.00'),
(73, 95, 0, '15.00'),
(74, 94, 1, '6.00'),
(75, 96, 0, '17.00'),
(76, 91, 1, '6.00'),
(77, 92, 1, '3.00'),
(78, 100, 1, '12.00'),
(79, 101, 1, '15.00'),
(80, 99, 1, '7.00'),
(81, 105, 1, '7.00'),
(82, 108, 1, '9.00'),
(83, 106, 0, '20.00'),
(84, 107, 0, '9.00'),
(85, 104, 0, '3.00'),
(86, 111, 0, '12.00'),
(87, 112, 1, '4.00'),
(88, 114, 1, '20.00'),
(89, 113, 0, '15.00'),
(90, 119, 1, '3.00'),
(91, 117, 0, '13.00'),
(92, 120, 0, '1.00'),
(93, 126, 1, '15.00'),
(94, 124, 0, '10.00'),
(95, 125, 1, '4.00'),
(96, 122, 0, '16.00'),
(97, 123, 0, '13.00'),
(98, 121, 1, '8.00'),
(99, 130, 1, '9.00'),
(100, 129, 1, '6.00'),
(101, 131, 0, '64.00'),
(102, 128, 0, '15.00'),
(103, 132, 1, '11.00'),
(104, 134, 0, '16.00'),
(105, 136, 1, '9.00'),
(106, 133, 1, '6.00'),
(107, 137, 1, '8.00'),
(108, 135, 0, '3.00'),
(109, 143, 0, '19.00'),
(110, 142, 0, '16.00'),
(111, 144, 0, '16.00'),
(112, 139, 1, '6.00'),
(113, 140, 0, '15.00'),
(114, 141, 0, '3.00'),
(115, 148, 1, '9.00'),
(116, 146, 1, '11.00'),
(117, 145, 1, '10.00'),
(118, 149, 1, '8.00'),
(119, 147, 1, '5.00'),
(120, 153, 0, '6.00'),
(121, 154, 0, '9.00'),
(122, 156, 0, '19.00'),
(123, 158, 0, '10.00'),
(124, 157, 0, '15.00'),
(125, 159, 0, '8.00'),
(126, 162, 0, '5.00'),
(127, 161, 1, '13.00'),
(128, 163, 1, '11.00'),
(129, 168, 0, '16.00'),
(130, 164, 0, '11.00'),
(131, 165, 1, '6.00'),
(132, 166, 1, '11.00'),
(133, 174, 0, '25.00'),
(134, 169, 1, '7.00'),
(135, 170, 1, '8.00'),
(136, 173, 0, '23.00'),
(137, 171, 1, '15.00'),
(138, 179, 1, '11.00'),
(139, 176, 1, '7.00'),
(140, 178, 0, '16.00'),
(141, 180, 1, '7.00'),
(142, 181, 1, '3.00'),
(143, 182, 1, '7.00'),
(144, 184, 1, '6.00'),
(145, 186, 0, '15.00'),
(146, 183, 1, '9.00'),
(147, 189, 1, '9.00'),
(148, 188, 1, '8.00'),
(149, 190, 1, '3.00'),
(150, 192, 1, '6.00'),
(151, 198, 1, '17.00'),
(152, 197, 0, '21.00'),
(153, 196, 0, '28.00'),
(154, 194, 0, '14.00'),
(155, 193, 0, '6.00'),
(156, 195, 1, '11.00'),
(157, 200, 1, '12.00'),
(158, 204, 0, '9.00'),
(159, 203, 1, '11.00'),
(160, 201, 1, '8.00'),
(161, 202, 0, '5.00'),
(162, 199, 0, '14.00'),
(163, 206, 1, '6.00'),
(164, 209, 1, '15.00'),
(165, 205, 1, '8.00'),
(166, 207, 0, '11.00'),
(167, 208, 1, '12.00'),
(168, 210, 0, '12.00'),
(169, 214, 0, '11.00'),
(170, 211, 1, '7.00'),
(171, 212, 1, '13.00'),
(172, 215, 1, '6.00'),
(173, 213, 1, '8.00'),
(174, 216, 0, '17.00'),
(175, 218, 1, '16.00'),
(176, 217, 0, '12.00'),
(177, 221, 0, '19.00'),
(178, 222, 1, '4.00'),
(179, 220, 1, '20.00'),
(180, 219, 1, '14.00'),
(181, 228, 1, '7.00'),
(182, 225, 1, '15.00'),
(183, 227, 1, '5.00'),
(184, 224, 0, '20.00'),
(185, 226, 1, '6.00'),
(186, 229, 1, '10.00'),
(187, 230, 1, '7.00'),
(188, 234, 0, '4.00'),
(189, 231, 0, '7.00'),
(190, 232, 1, '7.00'),
(191, 239, 1, '10.00'),
(192, 240, 0, '11.00'),
(193, 235, 0, '15.00'),
(194, 246, 1, '4.00'),
(195, 243, 0, '8.00'),
(196, 241, 0, '3.00'),
(197, 242, 1, '2.00'),
(198, 247, 1, '47.00'),
(199, 250, 1, '6.00'),
(200, 252, 1, '5.00'),
(201, 249, 1, '4.00'),
(202, 248, 0, '11.00'),
(203, 257, 1, '5.00'),
(204, 256, 1, '18.00'),
(205, 258, 1, '5.00'),
(206, 255, 0, '3.00'),
(207, 253, 1, '13.00'),
(208, 254, 1, '7.00'),
(209, 261, 1, '6.00'),
(210, 263, 1, '3.00'),
(211, 262, 1, '13.00'),
(212, 260, 1, '3.00'),
(213, 269, 0, '6.00'),
(214, 268, 1, '10.00'),
(215, 270, 1, '4.00'),
(216, 273, 1, '5.00'),
(217, 276, 1, '6.00'),
(218, 272, 1, '4.00'),
(219, 271, 0, '3.00'),
(220, 278, 1, '6.00'),
(221, 280, 1, '5.00'),
(222, 279, 1, '6.00'),
(223, 281, 1, '7.00'),
(224, 277, 1, '7.00'),
(225, 288, 1, '3.00'),
(226, 286, 1, '13.00'),
(227, 285, 1, '13.00'),
(228, 284, 0, '15.00'),
(229, 287, 1, '8.00'),
(230, 292, 1, '5.00'),
(231, 293, 0, '13.00'),
(232, 289, 1, '2.00'),
(233, 291, 1, '6.00'),
(234, 294, 0, '12.00'),
(235, 290, 0, '13.00'),
(236, 295, 1, '3.00'),
(237, 299, 0, '14.00'),
(238, 297, 1, '13.00'),
(239, 300, 0, '9.00'),
(240, 298, 1, '9.00');

-- --------------------------------------------------------

--
-- Table structure for table `matches`
--

CREATE TABLE IF NOT EXISTS `matches` (
  `id` int(10) unsigned NOT NULL AUTO_INCREMENT,
  `matchNumber` int(11) NOT NULL,
  `compID` int(10) unsigned NOT NULL,
  `lastUpdated` int(10) unsigned DEFAULT NULL,
  `lastExported` int(10) unsigned DEFAULT NULL,
  PRIMARY KEY (`id`),
  KEY `matches_compid_foreign` (`compID`)
) ENGINE=InnoDB  DEFAULT CHARSET=latin1 AUTO_INCREMENT=68 ;

--
-- Dumping data for table `matches`
--

INSERT INTO `matches` (`id`, `matchNumber`, `compID`, `lastUpdated`, `lastExported`) VALUES
(1, 1, 1, 1489759648, 0),
(2, 2, 1, 1489760232, 0),
(3, 3, 1, 1489760757, 0),
(4, 4, 1, 1489761683, 0),
(5, 5, 1, 1489762128, 0),
(6, 6, 1, 1489762601, 0),
(7, 7, 1, 1489763050, 0),
(8, 8, 1, 1489763547, 0),
(9, 9, 1, 1489763986, 0),
(10, 10, 1, 1489764642, 0),
(11, 11, 1, 1489765122, 0),
(12, 12, 1, 1489765570, 0),
(13, 13, 1, 1489766288, 0),
(14, 14, 1, 1489766530, 0),
(15, 15, 1, 1489767110, 0),
(16, 16, 1, 1489767572, 0),
(17, 17, 1, 1489768072, 0),
(18, 18, 1, 1489768659, 0),
(19, 19, 1, 1489769068, 0),
(20, 20, 1, 1489769438, 0),
(21, 21, 1, 1489773944, 0),
(22, 22, 1, 1489774287, 0),
(23, 23, 1, 1489774763, 0),
(24, 24, 1, 1489775155, 0),
(25, 25, 1, 1489775785, 0),
(26, 26, 1, 1489776438, 0),
(27, 27, 1, 1489776876, 0),
(28, 28, 1, 1489777267, 0),
(29, 29, 1, 1489777731, 0),
(30, 30, 1, 1489778143, 0),
(31, 31, 1, 1489778811, 0),
(32, 32, 1, 1489779752, 0),
(33, 33, 1, 1489780097, 0),
(34, 34, 1, 1489780537, 0),
(35, 35, 1, 1489780972, 0),
(36, 36, 1, 1489781613, 0),
(37, 37, 1, 1489782138, 0),
(38, 38, 1, 1489782617, 0),
(39, 39, 1, 1489783046, 0),
(40, 40, 1, 1489783648, 0),
(41, 41, 1, 1489784591, 0),
(42, 42, 1, 1489785052, 0),
(43, 43, 1, 1489785628, 0),
(44, 44, 1, 1489786066, 0),
(45, 45, 1, 1489786502, 0),
(46, 46, 1, 1489787227, 0),
(47, 47, 1, 1489787668, 0),
(48, 48, 1, 1489788244, 0),
(49, 49, 1, 1489788553, 0),
(50, 50, 1, 1489789041, 0),
(51, 51, 1, 0, 0),
(52, 52, 1, 0, 0),
(53, 53, 1, 0, 0),
(54, 54, 1, 0, 0),
(55, 55, 1, 0, 0),
(56, 56, 1, 0, 0),
(57, 57, 1, 0, 0),
(58, 58, 1, 0, 0),
(59, 59, 1, 0, 0),
(60, 60, 1, 0, 0),
(61, 61, 1, 0, 0),
(62, 62, 1, 0, 0),
(63, 63, 1, 0, 0),
(64, 64, 1, 0, 0),
(65, 65, 1, 0, 0),
(66, 66, 1, 0, 0),
(67, 67, 1, 0, 0);

-- --------------------------------------------------------

--
-- Table structure for table `matchgearfeeds`
--

CREATE TABLE IF NOT EXISTS `matchgearfeeds` (
  `id` int(10) unsigned NOT NULL AUTO_INCREMENT,
  `teamMatchID` int(10) unsigned NOT NULL,
  `orderID` int(10) unsigned NOT NULL,
  `mode` enum('auto','tele') NOT NULL,
  `result` tinyint(1) NOT NULL,
  `method` enum('dropped','ground') NOT NULL,
  PRIMARY KEY (`id`),
  UNIQUE KEY `matchgearfeeds_teammatchid_orderid_unique` (`teamMatchID`,`orderID`,`mode`)
) ENGINE=InnoDB  DEFAULT CHARSET=latin1 AUTO_INCREMENT=609 ;

--
-- Dumping data for table `matchgearfeeds`
--

INSERT INTO `matchgearfeeds` (`id`, `teamMatchID`, `orderID`, `mode`, `result`, `method`) VALUES
(1, 6, 6, 'tele', 1, 'dropped'),
(2, 6, 4, 'tele', 1, 'dropped'),
(3, 6, 2, 'tele', 1, 'dropped'),
(4, 2, 1, 'tele', 1, 'dropped'),
(5, 5, 5, 'tele', 1, 'dropped'),
(6, 5, 4, 'tele', 0, 'dropped'),
(7, 5, 3, 'tele', 0, 'dropped'),
(8, 5, 2, 'tele', 0, 'dropped'),
(9, 4, 2, 'tele', 0, 'dropped'),
(10, 8, 4, 'tele', 1, 'dropped'),
(11, 8, 2, 'tele', 1, 'dropped'),
(12, 11, 4, 'tele', 1, 'dropped'),
(13, 11, 2, 'tele', 1, 'dropped'),
(14, 12, 5, 'tele', 1, 'ground'),
(15, 12, 3, 'tele', 1, 'ground'),
(16, 12, 1, 'tele', 1, 'ground'),
(17, 9, 4, 'tele', 1, 'ground'),
(18, 9, 3, 'tele', 1, 'ground'),
(19, 10, 2, 'tele', 1, 'dropped'),
(20, 17, 5, 'tele', 0, 'dropped'),
(21, 17, 3, 'tele', 1, 'dropped'),
(22, 17, 2, 'tele', 0, 'dropped'),
(23, 13, 5, 'tele', 0, 'dropped'),
(24, 13, 4, 'tele', 0, 'dropped'),
(25, 13, 2, 'tele', 1, 'dropped'),
(26, 13, 1, 'tele', 0, 'dropped'),
(27, 18, 7, 'tele', 1, 'ground'),
(28, 18, 5, 'tele', 1, 'dropped'),
(29, 18, 3, 'tele', 1, 'ground'),
(30, 14, 3, 'tele', 1, 'dropped'),
(31, 14, 2, 'tele', 0, 'dropped'),
(32, 15, 3, 'tele', 1, 'dropped'),
(33, 15, 2, 'tele', 0, 'dropped'),
(34, 21, 4, 'tele', 1, 'dropped'),
(35, 21, 2, 'tele', 1, 'dropped'),
(36, 22, 5, 'tele', 1, 'dropped'),
(37, 22, 2, 'tele', 0, 'dropped'),
(38, 22, 1, 'tele', 1, 'dropped'),
(39, 23, 3, 'tele', 0, 'ground'),
(40, 23, 2, 'tele', 0, 'ground'),
(41, 19, 3, 'tele', 1, 'dropped'),
(42, 19, 1, 'tele', 1, 'dropped'),
(43, 26, 8, 'tele', 1, 'ground'),
(44, 26, 6, 'tele', 1, 'ground'),
(45, 26, 4, 'tele', 1, 'ground'),
(46, 26, 2, 'tele', 1, 'ground'),
(47, 30, 1, 'tele', 1, 'dropped'),
(48, 27, 6, 'tele', 1, 'dropped'),
(49, 27, 4, 'tele', 1, 'dropped'),
(50, 27, 2, 'tele', 1, 'dropped'),
(51, 27, 1, 'tele', 1, 'dropped'),
(52, 25, 7, 'tele', 1, 'dropped'),
(53, 25, 5, 'tele', 1, 'dropped'),
(54, 25, 3, 'tele', 1, 'dropped'),
(55, 25, 1, 'tele', 1, 'dropped'),
(56, 36, 4, 'tele', 1, 'dropped'),
(57, 36, 2, 'tele', 1, 'dropped'),
(58, 36, 1, 'tele', 0, 'dropped'),
(59, 31, 8, 'tele', 1, 'dropped'),
(60, 31, 6, 'tele', 1, 'dropped'),
(61, 31, 4, 'tele', 1, 'dropped'),
(62, 31, 2, 'tele', 1, 'dropped'),
(63, 32, 5, 'tele', 1, 'dropped'),
(64, 32, 3, 'tele', 1, 'dropped'),
(65, 32, 1, 'tele', 1, 'dropped'),
(66, 33, 4, 'tele', 1, 'dropped'),
(67, 33, 2, 'tele', 1, 'dropped'),
(68, 34, 5, 'tele', 1, 'dropped'),
(69, 34, 3, 'tele', 1, 'dropped'),
(70, 34, 1, 'tele', 1, 'dropped'),
(71, 35, 4, 'tele', 1, 'dropped'),
(72, 35, 2, 'tele', 1, 'dropped'),
(73, 42, 3, 'tele', 0, 'dropped'),
(74, 38, 5, 'tele', 1, 'ground'),
(75, 38, 3, 'tele', 1, 'dropped'),
(76, 37, 6, 'tele', 1, 'dropped'),
(77, 37, 2, 'tele', 1, 'dropped'),
(78, 37, 1, 'tele', 1, 'dropped'),
(79, 39, 5, 'tele', 1, 'dropped'),
(80, 39, 3, 'tele', 1, 'dropped'),
(81, 39, 1, 'tele', 1, 'dropped'),
(82, 47, 4, 'tele', 1, 'dropped'),
(83, 47, 2, 'tele', 1, 'dropped'),
(84, 48, 3, 'tele', 1, 'dropped'),
(85, 43, 4, 'tele', 0, 'dropped'),
(86, 43, 3, 'tele', 0, 'dropped'),
(87, 43, 2, 'tele', 0, 'dropped'),
(88, 43, 1, 'tele', 0, 'dropped'),
(89, 44, 1, 'tele', 1, 'dropped'),
(90, 45, 4, 'tele', 0, 'dropped'),
(91, 45, 2, 'tele', 0, 'dropped'),
(92, 45, 1, 'tele', 0, 'dropped'),
(93, 46, 2, 'tele', 0, 'dropped'),
(94, 46, 1, 'tele', 0, 'dropped'),
(95, 53, 1, 'tele', 1, 'dropped'),
(96, 52, 2, 'tele', 1, 'dropped'),
(97, 50, 6, 'tele', 1, 'dropped'),
(98, 50, 3, 'tele', 1, 'dropped'),
(99, 50, 1, 'tele', 1, 'dropped'),
(100, 51, 3, 'tele', 1, 'dropped'),
(101, 51, 2, 'tele', 0, 'dropped'),
(102, 54, 5, 'tele', 1, 'ground'),
(103, 54, 3, 'tele', 1, 'ground'),
(104, 56, 6, 'tele', 1, 'ground'),
(105, 56, 4, 'tele', 1, 'ground'),
(106, 56, 2, 'tele', 1, 'ground'),
(107, 57, 7, 'tele', 1, 'dropped'),
(108, 57, 6, 'tele', 0, 'dropped'),
(109, 57, 3, 'tele', 1, 'dropped'),
(110, 60, 4, 'tele', 1, 'dropped'),
(111, 60, 2, 'tele', 1, 'dropped'),
(112, 58, 7, 'tele', 1, 'dropped'),
(113, 58, 4, 'tele', 1, 'dropped'),
(114, 58, 1, 'tele', 1, 'dropped'),
(115, 66, 4, 'tele', 1, 'dropped'),
(116, 66, 2, 'tele', 1, 'dropped'),
(117, 63, 2, 'tele', 1, 'ground'),
(118, 65, 4, 'tele', 1, 'dropped'),
(119, 65, 2, 'tele', 1, 'dropped'),
(120, 62, 5, 'tele', 1, 'dropped'),
(121, 62, 3, 'tele', 1, 'dropped'),
(122, 62, 1, 'tele', 1, 'dropped'),
(123, 64, 3, 'tele', 1, 'dropped'),
(124, 64, 2, 'tele', 0, 'dropped'),
(125, 68, 3, 'auto', 1, 'dropped'),
(126, 68, 1, 'auto', 1, 'dropped'),
(127, 70, 6, 'tele', 1, 'dropped'),
(128, 70, 4, 'tele', 1, 'dropped'),
(129, 70, 3, 'tele', 0, 'dropped'),
(130, 67, 4, 'tele', 1, 'dropped'),
(131, 67, 2, 'tele', 1, 'dropped'),
(132, 72, 6, 'tele', 1, 'dropped'),
(133, 72, 4, 'tele', 1, 'dropped'),
(134, 72, 2, 'tele', 1, 'dropped'),
(135, 71, 3, 'tele', 1, 'dropped'),
(136, 69, 2, 'tele', 1, 'dropped'),
(137, 78, 6, 'tele', 1, 'dropped'),
(138, 78, 4, 'tele', 1, 'dropped'),
(139, 78, 2, 'tele', 1, 'dropped'),
(140, 76, 5, 'tele', 1, 'dropped'),
(141, 76, 3, 'tele', 0, 'dropped'),
(142, 76, 2, 'tele', 1, 'dropped'),
(143, 74, 3, 'tele', 1, 'dropped'),
(144, 74, 1, 'tele', 1, 'dropped'),
(145, 81, 3, 'tele', 1, 'dropped'),
(146, 81, 1, 'tele', 1, 'dropped'),
(147, 84, 3, 'tele', 0, 'dropped'),
(148, 84, 2, 'tele', 0, 'dropped'),
(149, 83, 8, 'tele', 0, 'dropped'),
(150, 83, 6, 'tele', 1, 'dropped'),
(151, 83, 4, 'tele', 1, 'dropped'),
(152, 83, 2, 'tele', 1, 'dropped'),
(153, 82, 3, 'tele', 1, 'dropped'),
(154, 82, 2, 'tele', 0, 'dropped'),
(155, 80, 2, 'auto', 1, 'dropped'),
(156, 80, 2, 'tele', 1, 'dropped'),
(157, 79, 5, 'tele', 1, 'dropped'),
(158, 79, 3, 'tele', 1, 'dropped'),
(159, 88, 5, 'tele', 1, 'ground'),
(160, 88, 3, 'tele', 1, 'ground'),
(161, 88, 1, 'tele', 1, 'dropped'),
(162, 86, 4, 'tele', 1, 'dropped'),
(163, 86, 2, 'tele', 1, 'dropped'),
(164, 85, 3, 'tele', 0, 'dropped'),
(165, 89, 4, 'tele', 0, 'dropped'),
(166, 89, 2, 'tele', 1, 'dropped'),
(167, 89, 1, 'tele', 1, 'dropped'),
(168, 87, 1, 'tele', 0, 'dropped'),
(169, 93, 5, 'tele', 0, 'dropped'),
(170, 93, 3, 'tele', 1, 'dropped'),
(171, 93, 2, 'tele', 0, 'dropped'),
(172, 95, 2, 'tele', 1, 'dropped'),
(173, 94, 5, 'tele', 0, 'dropped'),
(174, 94, 2, 'tele', 1, 'dropped'),
(175, 91, 5, 'tele', 1, 'dropped'),
(176, 91, 4, 'tele', 1, 'dropped'),
(177, 91, 2, 'tele', 1, 'dropped'),
(178, 92, 5, 'tele', 1, 'dropped'),
(179, 92, 3, 'tele', 1, 'dropped'),
(180, 92, 1, 'tele', 1, 'dropped'),
(181, 97, 1, 'tele', 1, 'dropped'),
(182, 100, 1, 'tele', 1, 'dropped'),
(183, 101, 1, 'tele', 1, 'dropped'),
(184, 98, 2, 'tele', 1, 'dropped'),
(185, 102, 2, 'tele', 1, 'dropped'),
(186, 99, 5, 'tele', 1, 'dropped'),
(187, 99, 2, 'tele', 1, 'dropped'),
(188, 105, 7, 'tele', 1, 'dropped'),
(189, 105, 5, 'tele', 1, 'dropped'),
(190, 105, 3, 'tele', 1, 'dropped'),
(192, 108, 4, 'tele', 1, 'ground'),
(193, 108, 2, 'tele', 1, 'ground'),
(194, 106, 6, 'tele', 1, 'dropped'),
(195, 106, 4, 'tele', 1, 'dropped'),
(196, 106, 2, 'tele', 1, 'dropped'),
(197, 103, 2, 'tele', 1, 'dropped'),
(198, 107, 3, 'tele', 1, 'dropped'),
(199, 104, 3, 'tele', 1, 'dropped'),
(200, 104, 2, 'tele', 0, 'dropped'),
(201, 111, 5, 'tele', 1, 'dropped'),
(202, 111, 3, 'tele', 1, 'dropped'),
(203, 111, 1, 'tele', 1, 'dropped'),
(204, 112, 8, 'tele', 1, 'dropped'),
(205, 112, 7, 'tele', 0, 'dropped'),
(206, 112, 5, 'tele', 1, 'dropped'),
(207, 112, 3, 'tele', 1, 'dropped'),
(208, 112, 1, 'tele', 1, 'dropped'),
(209, 114, 3, 'tele', 0, 'dropped'),
(210, 114, 2, 'tele', 0, 'dropped'),
(211, 110, 7, 'tele', 1, 'dropped'),
(212, 110, 5, 'tele', 1, 'dropped'),
(213, 110, 3, 'tele', 1, 'dropped'),
(214, 110, 1, 'tele', 1, 'dropped'),
(215, 113, 2, 'tele', 1, 'dropped'),
(216, 109, 4, 'tele', 1, 'dropped'),
(217, 109, 2, 'tele', 1, 'dropped'),
(218, 117, 4, 'tele', 0, 'dropped'),
(219, 117, 2, 'tele', 1, 'dropped'),
(220, 119, 1, 'tele', 0, 'dropped'),
(221, 118, 3, 'tele', 1, 'dropped'),
(222, 118, 2, 'tele', 0, 'dropped'),
(223, 115, 2, 'tele', 1, 'dropped'),
(224, 120, 3, 'tele', 0, 'dropped'),
(225, 120, 2, 'tele', 0, 'dropped'),
(226, 120, 1, 'tele', 0, 'dropped'),
(227, 116, 5, 'tele', 1, 'dropped'),
(228, 116, 3, 'tele', 1, 'dropped'),
(229, 116, 2, 'tele', 0, 'dropped'),
(230, 126, 6, 'tele', 1, 'ground'),
(231, 126, 4, 'tele', 1, 'ground'),
(232, 126, 2, 'tele', 1, 'ground'),
(233, 125, 3, 'tele', 1, 'dropped'),
(234, 122, 4, 'tele', 0, 'dropped'),
(235, 122, 3, 'tele', 0, 'dropped'),
(236, 122, 2, 'tele', 0, 'dropped'),
(237, 122, 1, 'tele', 0, 'dropped'),
(238, 121, 5, 'tele', 0, 'dropped'),
(239, 121, 3, 'tele', 1, 'dropped'),
(240, 130, 4, 'tele', 1, 'dropped'),
(241, 130, 2, 'tele', 1, 'dropped'),
(242, 129, 6, 'tele', 1, 'dropped'),
(243, 129, 4, 'tele', 1, 'dropped'),
(244, 129, 2, 'tele', 1, 'dropped'),
(245, 131, 3, 'tele', 1, 'dropped'),
(246, 131, 2, 'tele', 0, 'dropped'),
(247, 128, 4, 'tele', 1, 'dropped'),
(248, 128, 2, 'tele', 1, 'dropped'),
(249, 132, 2, 'tele', 1, 'dropped'),
(250, 132, 1, 'tele', 0, 'dropped'),
(251, 127, 5, 'tele', 1, 'dropped'),
(252, 127, 3, 'tele', 1, 'dropped'),
(253, 127, 2, 'tele', 1, 'dropped'),
(255, 138, 7, 'tele', 1, 'dropped'),
(256, 138, 6, 'tele', 0, 'dropped'),
(257, 138, 4, 'tele', 1, 'dropped'),
(258, 138, 2, 'tele', 1, 'dropped'),
(259, 134, 2, 'tele', 1, 'dropped'),
(260, 136, 1, 'tele', 0, 'dropped'),
(261, 133, 9, 'tele', 1, 'dropped'),
(262, 133, 8, 'tele', 0, 'dropped'),
(263, 133, 6, 'tele', 1, 'dropped'),
(264, 133, 4, 'tele', 1, 'dropped'),
(265, 133, 3, 'tele', 0, 'dropped'),
(266, 133, 1, 'tele', 1, 'dropped'),
(267, 137, 7, 'tele', 1, 'dropped'),
(268, 137, 5, 'tele', 1, 'dropped'),
(269, 137, 4, 'tele', 0, 'dropped'),
(270, 137, 2, 'tele', 1, 'dropped'),
(271, 135, 2, 'tele', 1, 'dropped'),
(272, 143, 4, 'tele', 1, 'dropped'),
(273, 143, 2, 'tele', 1, 'dropped'),
(274, 142, 2, 'tele', 1, 'dropped'),
(275, 142, 1, 'tele', 0, 'dropped'),
(276, 144, 4, 'tele', 1, 'dropped'),
(277, 144, 2, 'tele', 1, 'dropped'),
(278, 139, 5, 'tele', 1, 'dropped'),
(279, 139, 3, 'tele', 1, 'dropped'),
(280, 139, 1, 'tele', 1, 'dropped'),
(281, 141, 7, 'tele', 1, 'dropped'),
(282, 141, 6, 'tele', 1, 'dropped'),
(283, 141, 4, 'tele', 1, 'dropped'),
(284, 141, 2, 'tele', 1, 'dropped'),
(285, 148, 3, 'tele', 1, 'dropped'),
(286, 148, 1, 'tele', 1, 'dropped'),
(287, 146, 6, 'tele', 1, 'dropped'),
(288, 146, 4, 'tele', 1, 'dropped'),
(289, 146, 2, 'tele', 1, 'dropped'),
(290, 146, 1, 'tele', 0, 'dropped'),
(291, 145, 5, 'tele', 0, 'dropped'),
(292, 145, 3, 'tele', 1, 'dropped'),
(293, 149, 7, 'tele', 1, 'ground'),
(294, 149, 6, 'tele', 1, 'ground'),
(295, 149, 4, 'tele', 1, 'ground'),
(296, 149, 2, 'tele', 1, 'ground'),
(297, 150, 2, 'tele', 1, 'dropped'),
(298, 147, 5, 'tele', 1, 'dropped'),
(299, 147, 2, 'tele', 1, 'dropped'),
(300, 151, 4, 'tele', 1, 'dropped'),
(301, 151, 3, 'tele', 0, 'dropped'),
(302, 151, 2, 'tele', 0, 'dropped'),
(303, 153, 8, 'tele', 0, 'dropped'),
(304, 153, 6, 'tele', 1, 'dropped'),
(305, 153, 4, 'tele', 1, 'dropped'),
(306, 153, 2, 'tele', 1, 'dropped'),
(307, 154, 2, 'tele', 1, 'dropped'),
(308, 156, 2, 'tele', 1, 'dropped'),
(309, 158, 2, 'tele', 0, 'dropped'),
(310, 158, 1, 'tele', 0, 'dropped'),
(311, 157, 3, 'tele', 1, 'dropped'),
(312, 157, 1, 'tele', 1, 'dropped'),
(313, 159, 6, 'tele', 1, 'dropped'),
(314, 159, 4, 'tele', 1, 'dropped'),
(315, 159, 2, 'tele', 1, 'dropped'),
(316, 161, 3, 'tele', 1, 'ground'),
(317, 160, 6, 'tele', 1, 'dropped'),
(318, 160, 4, 'tele', 1, 'dropped'),
(319, 160, 2, 'tele', 1, 'dropped'),
(320, 163, 4, 'tele', 1, 'dropped'),
(321, 163, 2, 'tele', 1, 'dropped'),
(322, 165, 5, 'tele', 1, 'dropped'),
(323, 165, 3, 'tele', 1, 'dropped'),
(324, 165, 1, 'tele', 1, 'dropped'),
(325, 166, 6, 'tele', 1, 'dropped'),
(326, 166, 5, 'tele', 0, 'dropped'),
(327, 166, 4, 'tele', 0, 'dropped'),
(328, 166, 3, 'tele', 0, 'dropped'),
(329, 166, 1, 'tele', 1, 'dropped'),
(330, 167, 4, 'tele', 1, 'dropped'),
(331, 167, 2, 'tele', 1, 'dropped'),
(332, 174, 2, 'tele', 1, 'dropped'),
(333, 169, 4, 'tele', 1, 'dropped'),
(334, 169, 2, 'tele', 1, 'dropped'),
(335, 169, 1, 'tele', 0, 'dropped'),
(336, 172, 7, 'tele', 1, 'dropped'),
(337, 172, 5, 'tele', 1, 'dropped'),
(338, 172, 4, 'tele', 0, 'dropped'),
(339, 172, 2, 'tele', 1, 'dropped'),
(340, 170, 3, 'tele', 0, 'dropped'),
(341, 170, 1, 'tele', 1, 'dropped'),
(342, 173, 3, 'auto', 0, 'dropped'),
(343, 173, 2, 'auto', 0, 'dropped'),
(344, 173, 1, 'tele', 0, 'dropped'),
(345, 171, 8, 'tele', 1, 'ground'),
(346, 171, 6, 'tele', 1, 'ground'),
(347, 171, 4, 'tele', 1, 'dropped'),
(348, 171, 2, 'tele', 1, 'ground'),
(349, 179, 11, 'tele', 1, 'ground'),
(350, 179, 8, 'tele', 1, 'ground'),
(351, 179, 6, 'tele', 1, 'ground'),
(352, 179, 4, 'tele', 1, 'ground'),
(353, 179, 2, 'tele', 1, 'dropped'),
(354, 176, 3, 'tele', 0, 'dropped'),
(355, 176, 2, 'tele', 0, 'dropped'),
(356, 175, 3, 'auto', 1, 'dropped'),
(357, 175, 2, 'auto', 0, 'dropped'),
(358, 178, 4, 'tele', 1, 'dropped'),
(359, 178, 2, 'tele', 1, 'dropped'),
(360, 180, 3, 'tele', 1, 'dropped'),
(361, 180, 2, 'tele', 1, 'dropped'),
(362, 177, 2, 'tele', 0, 'dropped'),
(363, 181, 2, 'tele', 1, 'dropped'),
(364, 182, 5, 'tele', 1, 'ground'),
(365, 182, 3, 'tele', 1, 'ground'),
(366, 182, 1, 'tele', 1, 'dropped'),
(367, 184, 7, 'tele', 1, 'dropped'),
(368, 184, 5, 'tele', 1, 'dropped'),
(369, 184, 3, 'tele', 1, 'dropped'),
(370, 184, 1, 'tele', 1, 'dropped'),
(371, 186, 4, 'tele', 1, 'ground'),
(372, 186, 2, 'tele', 1, 'dropped'),
(373, 183, 3, 'tele', 1, 'dropped'),
(374, 183, 1, 'tele', 1, 'dropped'),
(375, 189, 6, 'tele', 0, 'dropped'),
(376, 189, 4, 'tele', 1, 'dropped'),
(377, 189, 2, 'tele', 1, 'dropped'),
(378, 188, 4, 'tele', 1, 'dropped'),
(379, 188, 2, 'tele', 1, 'dropped'),
(380, 191, 1, 'tele', 1, 'dropped'),
(381, 190, 4, 'tele', 1, 'dropped'),
(382, 190, 3, 'tele', 0, 'dropped'),
(383, 190, 1, 'tele', 1, 'dropped'),
(384, 192, 3, 'tele', 1, 'dropped'),
(385, 192, 2, 'tele', 0, 'dropped'),
(386, 197, 4, 'tele', 1, 'dropped'),
(387, 197, 2, 'tele', 1, 'dropped'),
(388, 196, 4, 'tele', 1, 'dropped'),
(389, 196, 2, 'tele', 1, 'dropped'),
(390, 194, 6, 'tele', 1, 'dropped'),
(391, 194, 4, 'tele', 1, 'dropped'),
(392, 194, 2, 'tele', 1, 'dropped'),
(393, 193, 4, 'tele', 1, 'dropped'),
(394, 193, 2, 'tele', 1, 'dropped'),
(395, 195, 5, 'tele', 1, 'dropped'),
(396, 195, 3, 'tele', 0, 'dropped'),
(397, 195, 1, 'tele', 1, 'dropped'),
(398, 200, 6, 'tele', 1, 'ground'),
(399, 200, 4, 'tele', 1, 'dropped'),
(400, 200, 2, 'tele', 1, 'dropped'),
(401, 200, 1, 'tele', 0, 'dropped'),
(402, 204, 4, 'tele', 1, 'dropped'),
(403, 204, 2, 'tele', 1, 'dropped'),
(404, 203, 3, 'tele', 1, 'dropped'),
(405, 203, 2, 'tele', 0, 'dropped'),
(406, 202, 5, 'tele', 1, 'dropped'),
(407, 202, 3, 'tele', 1, 'dropped'),
(408, 202, 2, 'tele', 0, 'dropped'),
(409, 199, 6, 'tele', 1, 'ground'),
(410, 199, 5, 'tele', 0, 'ground'),
(411, 199, 3, 'tele', 1, 'ground'),
(412, 199, 2, 'tele', 0, 'ground'),
(413, 206, 7, 'tele', 1, 'dropped'),
(414, 206, 5, 'tele', 1, 'dropped'),
(415, 206, 3, 'tele', 1, 'dropped'),
(416, 206, 1, 'tele', 1, 'dropped'),
(417, 209, 4, 'tele', 1, 'dropped'),
(418, 209, 3, 'tele', 0, 'dropped'),
(419, 209, 2, 'tele', 0, 'dropped'),
(420, 205, 1, 'auto', 1, 'dropped'),
(421, 205, 3, 'tele', 1, 'dropped'),
(422, 205, 1, 'tele', 1, 'dropped'),
(423, 207, 4, 'tele', 1, 'dropped'),
(424, 207, 2, 'tele', 1, 'dropped'),
(425, 208, 6, 'tele', 1, 'dropped'),
(426, 208, 4, 'tele', 1, 'dropped'),
(427, 208, 2, 'tele', 1, 'dropped'),
(428, 210, 4, 'tele', 1, 'dropped'),
(429, 210, 1, 'tele', 1, 'dropped'),
(430, 214, 8, 'tele', 0, 'dropped'),
(431, 214, 6, 'tele', 1, 'dropped'),
(432, 214, 4, 'tele', 1, 'dropped'),
(433, 214, 2, 'tele', 1, 'dropped'),
(434, 211, 9, 'tele', 1, 'ground'),
(435, 211, 7, 'tele', 1, 'ground'),
(436, 211, 5, 'tele', 1, 'ground'),
(437, 211, 3, 'tele', 1, 'dropped'),
(438, 211, 1, 'tele', 1, 'ground'),
(439, 212, 5, 'tele', 1, 'dropped'),
(440, 212, 3, 'tele', 1, 'dropped'),
(441, 212, 1, 'tele', 1, 'dropped'),
(442, 215, 5, 'tele', 1, 'dropped'),
(443, 215, 4, 'tele', 0, 'dropped'),
(444, 215, 3, 'tele', 1, 'dropped'),
(445, 215, 2, 'tele', 0, 'dropped'),
(446, 213, 3, 'tele', 1, 'dropped'),
(447, 213, 1, 'tele', 1, 'dropped'),
(448, 217, 2, 'tele', 1, 'dropped'),
(449, 221, 4, 'tele', 1, 'dropped'),
(450, 221, 3, 'tele', 1, 'dropped'),
(451, 222, 3, 'tele', 1, 'dropped'),
(452, 220, 4, 'tele', 1, 'dropped'),
(453, 220, 2, 'tele', 1, 'dropped'),
(454, 219, 3, 'tele', 1, 'dropped'),
(455, 219, 1, 'tele', 1, 'dropped'),
(456, 228, 13, 'tele', 1, 'ground'),
(457, 228, 11, 'tele', 1, 'dropped'),
(458, 228, 9, 'tele', 1, 'ground'),
(459, 228, 6, 'tele', 1, 'ground'),
(460, 228, 4, 'tele', 1, 'ground'),
(461, 228, 2, 'tele', 1, 'ground'),
(462, 225, 6, 'tele', 1, 'dropped'),
(463, 225, 4, 'tele', 1, 'dropped'),
(464, 225, 2, 'tele', 1, 'dropped'),
(465, 227, 6, 'tele', 1, 'dropped'),
(466, 227, 5, 'tele', 0, 'dropped'),
(467, 227, 3, 'tele', 1, 'dropped'),
(468, 227, 1, 'tele', 1, 'dropped'),
(469, 224, 6, 'tele', 1, 'ground'),
(470, 224, 4, 'tele', 1, 'ground'),
(471, 224, 3, 'tele', 0, 'ground'),
(472, 224, 1, 'tele', 1, 'ground'),
(473, 226, 2, 'tele', 0, 'dropped'),
(474, 226, 1, 'tele', 0, 'dropped'),
(475, 230, 4, 'tele', 0, 'dropped'),
(476, 230, 3, 'tele', 0, 'dropped'),
(477, 234, 3, 'tele', 1, 'dropped'),
(478, 234, 1, 'tele', 1, 'dropped'),
(479, 233, 5, 'tele', 1, 'dropped'),
(480, 233, 4, 'tele', 0, 'dropped'),
(481, 233, 3, 'tele', 1, 'dropped'),
(482, 239, 3, 'tele', 1, 'dropped'),
(483, 239, 1, 'tele', 1, 'dropped'),
(484, 237, 2, 'tele', 1, 'dropped'),
(485, 238, 7, 'tele', 1, 'dropped'),
(486, 238, 5, 'tele', 1, 'dropped'),
(487, 238, 4, 'tele', 0, 'dropped'),
(488, 238, 3, 'tele', 0, 'dropped'),
(489, 238, 2, 'tele', 0, 'dropped'),
(490, 235, 2, 'tele', 1, 'dropped'),
(491, 246, 2, 'tele', 1, 'dropped'),
(492, 243, 2, 'tele', 1, 'dropped'),
(494, 244, 4, 'tele', 1, 'ground'),
(495, 244, 3, 'tele', 0, 'ground'),
(496, 244, 2, 'tele', 0, 'dropped'),
(497, 241, 6, 'tele', 1, 'dropped'),
(498, 241, 5, 'tele', 0, 'dropped'),
(499, 241, 3, 'tele', 1, 'dropped'),
(500, 241, 1, 'tele', 1, 'dropped'),
(501, 242, 2, 'auto', 0, 'dropped'),
(502, 242, 1, 'auto', 1, 'dropped'),
(503, 250, 4, 'auto', 1, 'dropped'),
(504, 250, 2, 'auto', 1, 'dropped'),
(505, 250, 3, 'tele', 1, 'dropped'),
(506, 250, 2, 'tele', 0, 'dropped'),
(507, 251, 2, 'tele', 1, 'dropped'),
(508, 252, 4, 'tele', 1, 'dropped'),
(509, 252, 3, 'tele', 0, 'dropped'),
(510, 252, 2, 'tele', 0, 'dropped'),
(511, 249, 2, 'tele', 1, 'dropped'),
(512, 248, 3, 'auto', 1, 'dropped'),
(513, 248, 1, 'auto', 1, 'dropped'),
(514, 256, 8, 'tele', 1, 'dropped'),
(515, 256, 6, 'tele', 1, 'dropped'),
(516, 256, 4, 'tele', 1, 'dropped'),
(517, 256, 2, 'tele', 1, 'dropped'),
(518, 258, 8, 'tele', 1, 'dropped'),
(519, 258, 6, 'tele', 1, 'dropped'),
(520, 258, 4, 'tele', 1, 'dropped'),
(521, 258, 2, 'tele', 1, 'dropped'),
(522, 253, 6, 'tele', 1, 'dropped'),
(523, 253, 5, 'tele', 0, 'dropped'),
(524, 253, 3, 'tele', 1, 'dropped'),
(525, 253, 1, 'tele', 1, 'dropped'),
(526, 254, 7, 'auto', 1, 'dropped'),
(527, 254, 4, 'auto', 1, 'dropped'),
(528, 254, 3, 'auto', 0, 'dropped'),
(529, 254, 2, 'auto', 1, 'ground'),
(530, 254, 1, 'auto', 0, 'dropped'),
(531, 261, 4, 'tele', 1, 'ground'),
(532, 261, 2, 'tele', 1, 'dropped'),
(533, 263, 4, 'tele', 1, 'dropped'),
(534, 263, 2, 'tele', 1, 'dropped'),
(535, 262, 6, 'tele', 0, 'dropped'),
(536, 262, 4, 'tele', 1, 'dropped'),
(537, 262, 3, 'tele', 0, 'dropped'),
(538, 262, 1, 'tele', 1, 'dropped'),
(539, 260, 6, 'tele', 1, 'dropped'),
(540, 260, 4, 'tele', 1, 'dropped'),
(541, 260, 2, 'tele', 1, 'dropped'),
(542, 264, 3, 'auto', 1, 'dropped'),
(543, 264, 1, 'auto', 1, 'dropped'),
(544, 269, 5, 'tele', 1, 'dropped'),
(545, 269, 3, 'tele', 1, 'dropped'),
(546, 269, 1, 'tele', 1, 'dropped'),
(547, 268, 4, 'tele', 1, 'dropped'),
(548, 265, 4, 'tele', 1, 'dropped'),
(549, 265, 2, 'tele', 1, 'dropped'),
(550, 270, 6, 'tele', 1, 'dropped'),
(551, 270, 4, 'tele', 1, 'dropped'),
(552, 270, 2, 'tele', 1, 'dropped'),
(553, 270, 1, 'tele', 0, 'dropped'),
(554, 267, 1, 'auto', 0, 'dropped'),
(555, 273, 6, 'tele', 0, 'dropped'),
(556, 273, 5, 'tele', 0, 'dropped'),
(557, 273, 4, 'tele', 0, 'dropped'),
(558, 273, 2, 'tele', 1, 'dropped'),
(559, 276, 1, 'tele', 1, 'dropped'),
(560, 275, 6, 'tele', 0, 'dropped'),
(561, 275, 5, 'tele', 1, 'dropped'),
(562, 275, 3, 'tele', 1, 'dropped'),
(563, 275, 2, 'tele', 0, 'dropped'),
(564, 271, 2, 'tele', 1, 'dropped'),
(565, 278, 3, 'tele', 1, 'dropped'),
(566, 278, 1, 'tele', 1, 'dropped'),
(567, 280, 5, 'tele', 1, 'dropped'),
(568, 280, 3, 'tele', 1, 'dropped'),
(569, 279, 2, 'tele', 0, 'ground'),
(570, 281, 1, 'tele', 0, 'dropped'),
(571, 277, 2, 'auto', 1, 'dropped'),
(572, 288, 2, 'tele', 0, 'dropped'),
(573, 283, 4, 'tele', 1, 'dropped'),
(574, 283, 2, 'tele', 1, 'dropped'),
(575, 286, 6, 'tele', 1, 'dropped'),
(576, 286, 5, 'tele', 0, 'dropped'),
(577, 286, 3, 'tele', 1, 'dropped'),
(578, 286, 1, 'tele', 1, 'dropped'),
(579, 285, 3, 'tele', 1, 'ground'),
(580, 284, 4, 'tele', 1, 'dropped'),
(581, 284, 2, 'tele', 1, 'dropped'),
(582, 287, 2, 'tele', 0, 'dropped'),
(583, 292, 7, 'tele', 0, 'dropped'),
(584, 292, 6, 'tele', 0, 'dropped'),
(585, 292, 5, 'tele', 0, 'dropped'),
(586, 292, 3, 'tele', 1, 'dropped'),
(587, 292, 1, 'tele', 1, 'dropped'),
(588, 293, 3, 'tele', 0, 'dropped'),
(589, 293, 2, 'tele', 0, 'dropped'),
(590, 289, 5, 'auto', 0, 'dropped'),
(591, 289, 4, 'auto', 0, 'dropped'),
(592, 289, 2, 'auto', 1, 'dropped'),
(593, 294, 3, 'tele', 1, 'dropped'),
(594, 294, 2, 'tele', 0, 'dropped'),
(595, 290, 5, 'tele', 1, 'dropped'),
(596, 290, 3, 'tele', 0, 'dropped'),
(597, 290, 1, 'tele', 1, 'dropped'),
(598, 295, 5, 'tele', 1, 'dropped'),
(599, 295, 4, 'tele', 0, 'dropped'),
(600, 295, 2, 'tele', 1, 'dropped'),
(601, 299, 2, 'tele', 0, 'dropped'),
(602, 299, 1, 'tele', 0, 'dropped'),
(603, 297, 5, 'tele', 1, 'dropped'),
(604, 297, 3, 'tele', 1, 'dropped'),
(605, 297, 1, 'tele', 1, 'dropped'),
(606, 300, 1, 'tele', 1, 'dropped'),
(607, 298, 3, 'tele', 1, 'dropped'),
(608, 298, 2, 'tele', 0, 'dropped');

-- --------------------------------------------------------

--
-- Table structure for table `matchgears`
--

CREATE TABLE IF NOT EXISTS `matchgears` (
  `id` int(10) unsigned NOT NULL AUTO_INCREMENT,
  `teamMatchID` int(10) unsigned NOT NULL,
  `orderID` int(10) unsigned NOT NULL,
  `mode` enum('auto','tele') NOT NULL,
  `location` enum('left','right','center') NOT NULL,
  `result` tinyint(1) NOT NULL,
  PRIMARY KEY (`id`),
  UNIQUE KEY `matchgears_teammatchid_orderid_unique` (`teamMatchID`,`orderID`,`mode`)
) ENGINE=InnoDB  DEFAULT CHARSET=latin1 AUTO_INCREMENT=682 ;

--
-- Dumping data for table `matchgears`
--

INSERT INTO `matchgears` (`id`, `teamMatchID`, `orderID`, `mode`, `location`, `result`) VALUES
(1, 6, 7, 'tele', '', 0),
(2, 6, 5, 'tele', '', 1),
(3, 6, 3, 'tele', '', 1),
(4, 6, 1, 'tele', '', 1),
(5, 3, 4, 'tele', '', 0),
(6, 3, 2, 'tele', '', 1),
(7, 2, 2, 'tele', '', 1),
(8, 5, 6, 'tele', '', 1),
(9, 5, 1, 'tele', '', 1),
(10, 4, 1, 'tele', '', 1),
(11, 8, 3, 'tele', '', 1),
(12, 8, 1, 'tele', '', 1),
(13, 11, 6, 'tele', '', 1),
(14, 11, 3, 'tele', '', 1),
(15, 11, 1, 'tele', '', 1),
(16, 12, 6, 'tele', '', 1),
(17, 12, 4, 'tele', '', 1),
(18, 12, 2, 'tele', '', 1),
(19, 9, 5, 'tele', '', 1),
(20, 9, 2, 'tele', '', 1),
(21, 9, 1, 'tele', '', 1),
(22, 10, 3, 'tele', '', 1),
(23, 10, 1, 'tele', '', 0),
(24, 7, 1, 'tele', '', 0),
(25, 17, 4, 'tele', '', 1),
(26, 17, 1, 'tele', '', 0),
(27, 13, 3, 'tele', '', 1),
(28, 18, 8, 'tele', '', 1),
(29, 18, 6, 'tele', '', 0),
(30, 18, 4, 'tele', '', 1),
(31, 18, 2, 'tele', '', 0),
(32, 18, 1, 'tele', '', 0),
(33, 16, 1, 'auto', '', 0),
(34, 14, 4, 'tele', '', 1),
(35, 14, 1, 'tele', '', 1),
(36, 15, 4, 'tele', '', 1),
(37, 15, 1, 'tele', '', 1),
(38, 21, 5, 'tele', '', 0),
(39, 21, 3, 'tele', '', 1),
(40, 21, 1, 'tele', '', 1),
(41, 20, 2, 'tele', '', 1),
(42, 20, 1, 'tele', '', 0),
(43, 22, 4, 'tele', '', 1),
(44, 22, 3, 'tele', '', 1),
(45, 23, 1, 'tele', '', 1),
(46, 19, 4, 'tele', '', 1),
(47, 19, 2, 'tele', '', 1),
(48, 28, 1, 'tele', '', 1),
(49, 29, 1, 'tele', '', 0),
(50, 26, 9, 'tele', '', 1),
(51, 26, 7, 'tele', '', 1),
(52, 26, 5, 'tele', '', 0),
(53, 26, 3, 'tele', '', 0),
(54, 26, 1, 'tele', '', 0),
(55, 30, 1, 'auto', '', 0),
(56, 30, 3, 'tele', '', 1),
(57, 30, 2, 'tele', '', 0),
(58, 27, 1, 'auto', '', 0),
(59, 27, 7, 'tele', '', 1),
(60, 27, 5, 'tele', '', 1),
(61, 27, 3, 'tele', '', 1),
(62, 25, 1, 'auto', '', 1),
(63, 25, 8, 'tele', '', 1),
(64, 25, 6, 'tele', '', 1),
(65, 25, 4, 'tele', '', 1),
(66, 25, 2, 'tele', '', 1),
(67, 36, 1, 'auto', '', 1),
(68, 36, 3, 'tele', '', 1),
(69, 31, 7, 'tele', '', 1),
(70, 31, 5, 'tele', '', 1),
(71, 31, 3, 'tele', '', 1),
(72, 31, 1, 'tele', '', 1),
(73, 32, 6, 'tele', '', 1),
(74, 32, 4, 'tele', '', 1),
(75, 32, 2, 'tele', '', 1),
(76, 33, 5, 'tele', '', 1),
(77, 33, 3, 'tele', '', 1),
(78, 34, 1, 'auto', '', 1),
(79, 34, 7, 'tele', '', 1),
(80, 34, 4, 'tele', '', 1),
(81, 34, 2, 'tele', '', 1),
(82, 35, 5, 'tele', '', 1),
(83, 35, 3, 'tele', '', 1),
(84, 35, 1, 'tele', '', 1),
(85, 41, 1, 'tele', '', 1),
(86, 42, 2, 'tele', '', 0),
(87, 42, 1, 'tele', '', 0),
(88, 38, 7, 'tele', '', 1),
(89, 38, 6, 'tele', '', 0),
(90, 38, 4, 'tele', '', 1),
(91, 38, 2, 'tele', '', 1),
(92, 38, 1, 'tele', '', 0),
(93, 37, 7, 'tele', '', 1),
(94, 37, 5, 'tele', '', 1),
(95, 37, 4, 'tele', '', 1),
(96, 37, 3, 'tele', '', 0),
(97, 39, 1, 'auto', '', 1),
(98, 39, 4, 'tele', '', 0),
(99, 39, 2, 'tele', '', 1),
(100, 47, 3, 'tele', '', 1),
(101, 47, 1, 'tele', '', 1),
(102, 48, 4, 'tele', '', 1),
(103, 48, 2, 'tele', '', 1),
(104, 48, 1, 'tele', '', 1),
(105, 43, 9, 'tele', '', 0),
(106, 43, 8, 'tele', '', 0),
(107, 43, 7, 'tele', '', 0),
(108, 43, 6, 'tele', '', 0),
(109, 43, 5, 'tele', '', 0),
(110, 44, 1, 'auto', '', 1),
(111, 44, 2, 'tele', '', 1),
(112, 45, 5, 'tele', '', 1),
(113, 46, 1, 'auto', '', 1),
(115, 53, 1, 'auto', '', 1),
(116, 53, 2, 'tele', '', 0),
(117, 52, 3, 'tele', '', 1),
(118, 52, 1, 'tele', '', 1),
(119, 50, 1, 'auto', '', 0),
(120, 50, 5, 'tele', '', 0),
(121, 50, 4, 'tele', '', 0),
(122, 50, 2, 'tele', '', 1),
(123, 51, 1, 'auto', '', 0),
(124, 51, 4, 'tele', '', 1),
(125, 51, 1, 'tele', '', 1),
(126, 49, 1, 'tele', '', 1),
(127, 54, 4, 'tele', '', 1),
(128, 54, 2, 'tele', '', 1),
(129, 54, 1, 'tele', '', 1),
(130, 56, 7, 'tele', '', 1),
(131, 56, 5, 'tele', '', 1),
(132, 56, 3, 'tele', '', 1),
(133, 56, 1, 'tele', '', 1),
(134, 57, 1, 'auto', '', 0),
(135, 57, 8, 'tele', '', 1),
(136, 57, 5, 'tele', '', 1),
(137, 57, 2, 'tele', '', 1),
(138, 57, 1, 'tele', '', 0),
(139, 59, 1, 'auto', '', 1),
(140, 60, 5, 'tele', '', 1),
(141, 60, 3, 'tele', '', 0),
(142, 60, 1, 'tele', '', 0),
(143, 58, 1, 'auto', '', 1),
(144, 58, 5, 'tele', '', 1),
(145, 58, 2, 'tele', '', 1),
(146, 66, 5, 'tele', '', 1),
(147, 66, 3, 'tele', '', 1),
(148, 66, 1, 'tele', '', 1),
(149, 63, 1, 'auto', '', 1),
(150, 63, 3, 'tele', '', 1),
(151, 63, 1, 'tele', '', 1),
(152, 65, 5, 'tele', '', 1),
(153, 65, 3, 'tele', '', 1),
(154, 65, 1, 'tele', '', 1),
(155, 62, 4, 'tele', '', 1),
(156, 62, 2, 'tele', '', 0),
(157, 64, 1, 'tele', '', 1),
(158, 68, 2, 'auto', '', 1),
(159, 70, 7, 'tele', '', 1),
(160, 70, 5, 'tele', '', 1),
(161, 70, 2, 'tele', '', 1),
(162, 70, 1, 'tele', '', 0),
(163, 67, 5, 'tele', '', 1),
(164, 67, 3, 'tele', '', 1),
(165, 67, 1, 'tele', '', 1),
(166, 72, 7, 'tele', '', 1),
(167, 72, 5, 'tele', '', 1),
(168, 72, 3, 'tele', '', 1),
(169, 72, 1, 'tele', '', 1),
(170, 71, 1, 'auto', '', 0),
(171, 71, 4, 'tele', '', 0),
(172, 69, 1, 'tele', '', 1),
(173, 78, 5, 'tele', '', 1),
(174, 78, 3, 'tele', '', 1),
(175, 78, 1, 'tele', '', 1),
(176, 76, 1, 'auto', '', 0),
(177, 76, 6, 'tele', '', 1),
(178, 76, 4, 'tele', '', 1),
(179, 76, 1, 'tele', '', 1),
(180, 73, 1, 'tele', '', 0),
(181, 74, 4, 'tele', '', 0),
(182, 74, 2, 'tele', '', 0),
(183, 77, 2, 'auto', '', 1),
(184, 77, 2, 'tele', '', 1),
(185, 81, 4, 'tele', '', 1),
(186, 81, 2, 'tele', '', 1),
(187, 84, 1, 'tele', '', 1),
(188, 83, 7, 'tele', '', 1),
(189, 83, 5, 'tele', '', 1),
(190, 83, 3, 'tele', '', 1),
(191, 83, 1, 'tele', '', 1),
(192, 82, 1, 'tele', '', 1),
(193, 80, 1, 'auto', '', 1),
(194, 80, 1, 'tele', '', 1),
(195, 79, 4, 'tele', '', 1),
(196, 79, 2, 'tele', '', 1),
(197, 79, 1, 'tele', '', 0),
(198, 88, 1, 'auto', '', 1),
(199, 88, 7, 'tele', '', 1),
(200, 88, 6, 'tele', '', 0),
(201, 88, 4, 'tele', '', 1),
(202, 88, 2, 'tele', '', 1),
(203, 86, 3, 'tele', '', 1),
(204, 86, 1, 'tele', '', 1),
(205, 85, 1, 'auto', '', 0),
(206, 85, 2, 'tele', '', 1),
(207, 85, 1, 'tele', '', 0),
(208, 90, 1, 'tele', '', 0),
(209, 89, 3, 'tele', '', 1),
(210, 87, 1, 'auto', '', 1),
(211, 93, 4, 'tele', '', 1),
(212, 93, 1, 'tele', '', 1),
(213, 95, 1, 'tele', '', 1),
(214, 94, 3, 'tele', '', 1),
(215, 94, 1, 'tele', '', 1),
(216, 96, 1, 'tele', '', 0),
(217, 91, 6, 'tele', '', 1),
(218, 91, 3, 'tele', '', 1),
(219, 91, 1, 'tele', '', 1),
(220, 92, 1, 'auto', '', 1),
(221, 92, 6, 'tele', '', 1),
(222, 92, 4, 'tele', '', 1),
(223, 92, 2, 'tele', '', 1),
(224, 97, 1, 'auto', '', 1),
(225, 97, 2, 'tele', '', 1),
(226, 100, 1, 'auto', '', 0),
(227, 100, 2, 'tele', '', 0),
(228, 101, 1, 'auto', '', 0),
(229, 101, 2, 'tele', '', 0),
(230, 98, 3, 'tele', '', 1),
(231, 98, 1, 'tele', '', 1),
(232, 102, 3, 'tele', '', 0),
(233, 102, 1, 'tele', '', 1),
(234, 99, 4, 'tele', '', 1),
(235, 99, 3, 'tele', '', 1),
(236, 99, 1, 'tele', '', 1),
(237, 105, 1, 'auto', '', 0),
(238, 105, 8, 'tele', '', 1),
(239, 105, 6, 'tele', '', 1),
(240, 105, 4, 'tele', '', 1),
(241, 105, 2, 'tele', '', 1),
(242, 105, 1, 'tele', '', 0),
(245, 108, 5, 'tele', '', 1),
(246, 108, 3, 'tele', '', 1),
(247, 108, 1, 'tele', '', 0),
(248, 106, 7, 'tele', '', 0),
(249, 106, 5, 'tele', '', 1),
(250, 106, 3, 'tele', '', 1),
(251, 106, 1, 'tele', '', 1),
(252, 103, 3, 'tele', '', 1),
(253, 103, 1, 'tele', '', 1),
(254, 107, 1, 'auto', '', 1),
(255, 107, 4, 'tele', '', 0),
(256, 104, 5, 'tele', '', 0),
(257, 104, 4, 'tele', '', 0),
(258, 104, 1, 'tele', '', 0),
(259, 111, 6, 'tele', '', 1),
(260, 111, 4, 'tele', '', 1),
(261, 111, 2, 'tele', '', 1),
(262, 112, 1, 'auto', '', 1),
(263, 112, 6, 'tele', '', 1),
(264, 112, 4, 'tele', '', 1),
(265, 112, 2, 'tele', '', 1),
(266, 114, 1, 'tele', '', 0),
(267, 110, 1, 'auto', '', 1),
(268, 110, 8, 'tele', '', 1),
(269, 110, 6, 'tele', '', 1),
(270, 110, 4, 'tele', '', 1),
(271, 110, 2, 'tele', '', 1),
(272, 113, 3, 'tele', '', 0),
(273, 113, 1, 'tele', '', 0),
(274, 109, 5, 'tele', '', 1),
(275, 109, 3, 'tele', '', 0),
(276, 109, 1, 'tele', '', 0),
(277, 117, 3, 'tele', '', 1),
(278, 117, 1, 'tele', '', 1),
(279, 118, 4, 'tele', '', 1),
(280, 118, 1, 'tele', '', 1),
(281, 115, 3, 'tele', '', 1),
(282, 115, 1, 'tele', '', 1),
(283, 116, 4, 'tele', '', 0),
(284, 116, 1, 'tele', '', 1),
(285, 126, 7, 'tele', '', 0),
(286, 126, 5, 'tele', '', 1),
(287, 126, 3, 'tele', '', 1),
(288, 126, 1, 'tele', '', 1),
(289, 124, 1, 'tele', '', 1),
(290, 125, 4, 'tele', '', 1),
(291, 122, 1, 'auto', '', 0),
(292, 123, 1, 'tele', '', 1),
(293, 121, 4, 'tele', '', 0),
(294, 121, 1, 'tele', '', 1),
(295, 130, 5, 'tele', '', 1),
(296, 130, 3, 'tele', '', 0),
(297, 130, 1, 'tele', '', 1),
(298, 129, 5, 'tele', '', 1),
(299, 129, 3, 'tele', '', 1),
(300, 129, 1, 'tele', '', 1),
(301, 131, 4, 'tele', '', 1),
(302, 131, 1, 'tele', '', 1),
(303, 128, 1, 'auto', '', 0),
(304, 128, 5, 'tele', '', 1),
(305, 128, 3, 'tele', '', 1),
(306, 128, 1, 'tele', '', 1),
(308, 132, 3, 'tele', '', 1),
(309, 127, 4, 'tele', '', 0),
(310, 127, 1, 'tele', '', 0),
(311, 138, 8, 'tele', '', 1),
(312, 138, 5, 'tele', '', 1),
(313, 138, 3, 'tele', '', 1),
(314, 138, 1, 'tele', '', 1),
(315, 134, 3, 'tele', '', 1),
(316, 134, 1, 'tele', '', 1),
(317, 136, 1, 'auto', '', 1),
(318, 133, 1, 'auto', '', 1),
(319, 133, 7, 'tele', '', 1),
(320, 133, 5, 'tele', '', 1),
(321, 133, 2, 'tele', '', 1),
(322, 137, 8, 'tele', '', 1),
(323, 137, 6, 'tele', '', 1),
(324, 137, 3, 'tele', '', 1),
(325, 137, 1, 'tele', '', 1),
(326, 135, 3, 'tele', '', 0),
(327, 135, 1, 'tele', '', 1),
(328, 143, 5, 'tele', '', 1),
(329, 143, 3, 'tele', '', 1),
(330, 143, 1, 'tele', '', 1),
(331, 142, 1, 'auto', '', 1),
(332, 144, 1, 'auto', '', 0),
(333, 144, 3, 'tele', '', 1),
(334, 144, 1, 'tele', '', 1),
(335, 139, 1, 'auto', '', 1),
(336, 139, 6, 'tele', '', 1),
(337, 139, 4, 'tele', '', 1),
(338, 139, 2, 'tele', '', 1),
(339, 140, 1, 'tele', '', 0),
(340, 141, 5, 'tele', '', 1),
(341, 141, 3, 'tele', '', 1),
(342, 141, 1, 'tele', '', 0),
(343, 148, 4, 'tele', '', 0),
(344, 148, 2, 'tele', '', 0),
(345, 146, 8, 'tele', '', 1),
(346, 146, 7, 'tele', '', 0),
(347, 146, 5, 'tele', '', 1),
(348, 146, 3, 'tele', '', 1),
(349, 145, 4, 'tele', '', 1),
(350, 145, 1, 'tele', '', 1),
(351, 149, 1, 'auto', '', 1),
(352, 149, 8, 'tele', '', 1),
(353, 149, 5, 'tele', '', 1),
(354, 149, 3, 'tele', '', 1),
(355, 149, 1, 'tele', '', 1),
(356, 150, 1, 'tele', '', 1),
(357, 147, 3, 'tele', '', 1),
(358, 147, 1, 'tele', '', 1),
(359, 151, 5, 'tele', '', 0),
(360, 151, 1, 'tele', '', 1),
(361, 153, 1, 'auto', '', 0),
(362, 153, 7, 'tele', '', 1),
(363, 153, 5, 'tele', '', 1),
(364, 153, 3, 'tele', '', 1),
(365, 153, 1, 'tele', '', 1),
(366, 154, 1, 'tele', '', 1),
(367, 156, 5, 'tele', '', 1),
(368, 156, 4, 'tele', '', 0),
(369, 156, 3, 'tele', '', 0),
(370, 156, 1, 'tele', '', 1),
(371, 157, 4, 'tele', '', 1),
(372, 157, 2, 'tele', '', 1),
(373, 159, 5, 'tele', '', 1),
(374, 159, 3, 'tele', '', 1),
(375, 159, 1, 'tele', '', 1),
(376, 161, 2, 'tele', '', 0),
(377, 161, 1, 'tele', '', 1),
(378, 160, 5, 'tele', '', 0),
(379, 160, 3, 'tele', '', 1),
(380, 160, 1, 'tele', '', 1),
(381, 163, 5, 'tele', '', 0),
(382, 163, 3, 'tele', '', 1),
(383, 163, 1, 'tele', '', 1),
(384, 168, 1, 'auto', '', 0),
(385, 164, 1, 'tele', '', 0),
(386, 165, 6, 'tele', '', 1),
(387, 165, 4, 'tele', '', 1),
(388, 165, 2, 'tele', '', 1),
(389, 166, 1, 'auto', '', 1),
(390, 166, 7, 'tele', '', 1),
(391, 166, 2, 'tele', '', 1),
(392, 167, 5, 'tele', '', 1),
(393, 167, 3, 'tele', '', 1),
(394, 167, 1, 'tele', '', 1),
(395, 174, 3, 'tele', '', 1),
(396, 174, 1, 'tele', '', 1),
(397, 169, 5, 'tele', '', 1),
(398, 169, 3, 'tele', '', 1),
(399, 172, 8, 'tele', '', 0),
(400, 172, 6, 'tele', '', 1),
(401, 172, 3, 'tele', '', 1),
(402, 172, 1, 'tele', '', 1),
(403, 170, 2, 'tele', '', 1),
(404, 173, 1, 'auto', '', 1),
(405, 171, 7, 'tele', '', 1),
(406, 171, 5, 'tele', '', 1),
(407, 171, 3, 'tele', '', 1),
(408, 171, 1, 'tele', '', 1),
(409, 179, 12, 'tele', '', 1),
(410, 179, 10, 'tele', '', 1),
(411, 179, 9, 'tele', '', 1),
(412, 179, 7, 'tele', '', 1),
(413, 179, 5, 'tele', '', 1),
(414, 179, 3, 'tele', '', 1),
(415, 179, 1, 'tele', '', 1),
(416, 176, 1, 'tele', '', 1),
(417, 175, 1, 'auto', '', 1),
(418, 178, 1, 'auto', '', 0),
(419, 178, 3, 'tele', '', 1),
(420, 178, 1, 'tele', '', 1),
(421, 180, 5, 'tele', '', 1),
(422, 180, 4, 'tele', '', 0),
(423, 180, 1, 'tele', '', 1),
(424, 177, 1, 'tele', '', 1),
(425, 185, 1, 'auto', '', 0),
(426, 181, 3, 'tele', '', 0),
(427, 181, 1, 'tele', '', 1),
(428, 182, 1, 'auto', '', 1),
(429, 182, 6, 'tele', '', 1),
(430, 182, 4, 'tele', '', 1),
(431, 182, 2, 'tele', '', 0),
(432, 184, 1, 'auto', '', 1),
(433, 184, 8, 'tele', '', 0),
(434, 184, 6, 'tele', '', 1),
(435, 184, 4, 'tele', '', 1),
(436, 184, 2, 'tele', '', 1),
(437, 186, 5, 'tele', '', 1),
(438, 186, 3, 'tele', '', 0),
(439, 186, 1, 'tele', '', 1),
(440, 183, 4, 'tele', '', 1),
(441, 183, 2, 'tele', '', 1),
(442, 189, 5, 'tele', '', 1),
(443, 189, 3, 'tele', '', 1),
(444, 189, 1, 'tele', '', 1),
(445, 187, 1, 'tele', '', 1),
(446, 188, 5, 'tele', '', 1),
(447, 188, 3, 'tele', '', 1),
(448, 188, 1, 'tele', '', 1),
(449, 191, 1, 'auto', '', 1),
(450, 191, 2, 'tele', '', 1),
(451, 190, 5, 'tele', '', 1),
(452, 190, 2, 'tele', '', 1),
(453, 192, 1, 'tele', '', 1),
(454, 198, 1, 'tele', '', 0),
(455, 197, 3, 'tele', '', 1),
(456, 197, 1, 'tele', '', 1),
(457, 196, 5, 'tele', '', 1),
(458, 196, 3, 'tele', '', 1),
(459, 196, 1, 'tele', '', 1),
(460, 194, 7, 'tele', '', 1),
(461, 194, 5, 'tele', '', 1),
(462, 194, 3, 'tele', '', 1),
(463, 194, 1, 'tele', '', 1),
(464, 193, 3, 'tele', '', 1),
(465, 193, 1, 'tele', '', 1),
(466, 195, 6, 'tele', '', 1),
(467, 195, 4, 'tele', '', 1),
(468, 195, 2, 'tele', '', 1),
(469, 200, 1, 'auto', '', 1),
(470, 200, 7, 'tele', '', 1),
(471, 200, 5, 'tele', '', 1),
(472, 200, 3, 'tele', '', 1),
(473, 204, 5, 'tele', '', 1),
(474, 204, 3, 'tele', '', 1),
(475, 204, 1, 'tele', '', 0),
(476, 203, 4, 'tele', '', 0),
(477, 203, 1, 'tele', '', 1),
(478, 201, 1, 'tele', '', 1),
(479, 202, 6, 'tele', '', 1),
(480, 202, 4, 'tele', '', 1),
(481, 202, 1, 'tele', '', 1),
(482, 199, 7, 'tele', '', 1),
(483, 199, 4, 'tele', '', 1),
(484, 199, 1, 'tele', '', 0),
(485, 206, 1, 'auto', '', 1),
(486, 206, 8, 'tele', '', 0),
(487, 206, 6, 'tele', '', 1),
(488, 206, 4, 'tele', '', 1),
(489, 206, 2, 'tele', '', 1),
(490, 209, 5, 'tele', '', 1),
(491, 209, 1, 'tele', '', 1),
(492, 205, 2, 'tele', '', 1),
(493, 207, 3, 'tele', '', 1),
(494, 207, 1, 'tele', '', 1),
(495, 208, 5, 'tele', '', 1),
(496, 208, 3, 'tele', '', 1),
(497, 208, 1, 'tele', '', 1),
(498, 210, 1, 'auto', '', 1),
(499, 210, 2, 'tele', '', 1),
(500, 214, 7, 'tele', '', 1),
(501, 214, 5, 'tele', '', 1),
(502, 214, 3, 'tele', '', 1),
(503, 214, 1, 'tele', '', 1),
(504, 211, 1, 'auto', '', 0),
(505, 211, 10, 'tele', '', 1),
(506, 211, 8, 'tele', '', 1),
(507, 211, 6, 'tele', '', 1),
(508, 211, 4, 'tele', '', 1),
(509, 211, 2, 'tele', '', 1),
(510, 212, 1, 'auto', '', 1),
(511, 212, 4, 'tele', '', 1),
(512, 212, 2, 'tele', '', 1),
(513, 215, 1, 'tele', '', 1),
(514, 213, 1, 'auto', '', 1),
(515, 213, 4, 'tele', '', 1),
(516, 213, 2, 'tele', '', 0),
(517, 216, 1, 'auto', '', 0),
(518, 217, 1, 'tele', '', 1),
(519, 221, 5, 'tele', '', 1),
(520, 221, 2, 'tele', '', 1),
(521, 221, 1, 'tele', '', 0),
(522, 222, 4, 'tele', '', 0),
(523, 222, 2, 'tele', '', 0),
(524, 222, 1, 'tele', '', 0),
(525, 220, 3, 'tele', '', 1),
(526, 220, 1, 'tele', '', 1),
(527, 219, 2, 'tele', '', 1),
(528, 228, 12, 'tele', '', 1),
(529, 228, 10, 'tele', '', 0),
(530, 228, 8, 'tele', '', 0),
(531, 228, 7, 'tele', '', 1),
(532, 228, 5, 'tele', '', 1),
(533, 228, 3, 'tele', '', 1),
(534, 228, 1, 'tele', '', 1),
(535, 225, 7, 'tele', '', 0),
(536, 225, 5, 'tele', '', 1),
(537, 225, 3, 'tele', '', 1),
(538, 225, 1, 'tele', '', 1),
(539, 227, 7, 'tele', '', 1),
(540, 227, 4, 'tele', '', 1),
(541, 227, 2, 'tele', '', 1),
(542, 224, 1, 'auto', '', 0),
(543, 224, 7, 'tele', '', 1),
(544, 224, 5, 'tele', '', 1),
(545, 224, 2, 'tele', '', 1),
(546, 226, 1, 'auto', '', 1),
(547, 230, 1, 'tele', '', 1),
(548, 234, 4, 'tele', '', 1),
(549, 234, 2, 'tele', '', 1),
(550, 231, 1, 'auto', '', 1),
(551, 232, 1, 'tele', '', 1),
(552, 233, 6, 'tele', '', 1),
(553, 233, 2, 'tele', '', 1),
(554, 233, 1, 'tele', '', 1),
(555, 239, 2, 'tele', '', 1),
(556, 240, 1, 'tele', '', 1),
(557, 237, 1, 'auto', '', 0),
(558, 237, 1, 'tele', '', 0),
(559, 238, 8, 'tele', '', 0),
(560, 238, 6, 'tele', '', 1),
(561, 238, 1, 'tele', '', 1),
(562, 235, 3, 'tele', '', 0),
(563, 235, 1, 'tele', '', 1),
(564, 246, 1, 'auto', '', 0),
(565, 246, 3, 'tele', '', 0),
(566, 246, 1, 'tele', '', 1),
(567, 243, 1, 'tele', '', 1),
(568, 244, 1, 'auto', '', 0),
(569, 244, 1, 'tele', '', 0),
(570, 241, 4, 'tele', '', 1),
(571, 241, 2, 'tele', '', 1),
(572, 245, 1, 'tele', '', 0),
(574, 247, 1, 'tele', '', 1),
(575, 250, 3, 'auto', '', 1),
(576, 250, 1, 'auto', '', 1),
(577, 250, 4, 'tele', '', 1),
(578, 250, 1, 'tele', '', 1),
(579, 251, 3, 'tele', '', 1),
(580, 251, 1, 'tele', '', 1),
(581, 252, 1, 'auto', '', 0),
(582, 252, 5, 'tele', '', 1),
(583, 252, 1, 'tele', '', 1),
(584, 249, 3, 'tele', '', 1),
(585, 249, 1, 'tele', '', 1),
(586, 248, 2, 'auto', '', 1),
(587, 256, 9, 'tele', '', 1),
(588, 256, 7, 'tele', '', 1),
(589, 256, 5, 'tele', '', 1),
(590, 256, 3, 'tele', '', 1),
(591, 256, 1, 'tele', '', 1),
(592, 258, 7, 'tele', '', 1),
(593, 258, 5, 'tele', '', 1),
(594, 258, 3, 'tele', '', 1),
(595, 258, 1, 'tele', '', 1),
(596, 255, 1, 'tele', '', 1),
(597, 253, 1, 'auto', '', 1),
(598, 253, 4, 'tele', '', 1),
(599, 253, 2, 'tele', '', 1),
(600, 254, 6, 'auto', '', 1),
(601, 254, 5, 'auto', '', 1),
(602, 261, 5, 'tele', '', 1),
(603, 261, 3, 'tele', '', 1),
(604, 261, 1, 'tele', '', 1),
(605, 263, 3, 'tele', '', 1),
(606, 263, 1, 'tele', '', 1),
(607, 262, 1, 'auto', '', 1),
(608, 262, 5, 'tele', '', 1),
(609, 262, 2, 'tele', '', 1),
(610, 259, 1, 'tele', '', 1),
(611, 260, 5, 'tele', '', 1),
(612, 260, 3, 'tele', '', 1),
(613, 260, 1, 'tele', '', 1),
(614, 264, 2, 'auto', '', 1),
(615, 269, 6, 'tele', '', 1),
(616, 269, 4, 'tele', '', 1),
(617, 269, 2, 'tele', '', 1),
(618, 268, 1, 'auto', '', 1),
(619, 268, 5, 'tele', '', 1),
(620, 265, 5, 'tele', '', 1),
(621, 265, 3, 'tele', '', 1),
(622, 265, 1, 'tele', '', 1),
(623, 270, 7, 'tele', '', 1),
(624, 270, 5, 'tele', '', 1),
(625, 270, 3, 'tele', '', 1),
(626, 273, 3, 'tele', '', 0),
(627, 273, 1, 'tele', '', 0),
(628, 276, 1, 'auto', '', 1),
(629, 276, 2, 'tele', '', 1),
(630, 275, 4, 'tele', '', 1),
(631, 275, 1, 'tele', '', 1),
(632, 272, 1, 'tele', '', 1),
(633, 271, 5, 'tele', '', 0),
(634, 271, 4, 'tele', '', 0),
(635, 271, 3, 'tele', '', 1),
(636, 271, 1, 'tele', '', 1),
(637, 278, 4, 'tele', '', 0),
(638, 278, 2, 'tele', '', 1),
(639, 280, 6, 'tele', '', 1),
(640, 280, 4, 'tele', '', 1),
(641, 280, 1, 'tele', '', 1),
(642, 279, 1, 'tele', '', 0),
(643, 281, 1, 'auto', '', 1),
(644, 277, 3, 'auto', '', 1),
(645, 277, 1, 'auto', '', 1),
(646, 288, 1, 'tele', '', 1),
(647, 283, 1, 'auto', '', 0),
(648, 283, 3, 'tele', '', 0),
(649, 283, 1, 'tele', '', 1),
(650, 286, 1, 'auto', '', 1),
(651, 286, 7, 'tele', '', 1),
(652, 286, 4, 'tele', '', 1),
(653, 286, 2, 'tele', '', 1),
(654, 285, 4, 'tele', '', 1),
(655, 285, 2, 'tele', '', 1),
(656, 285, 1, 'tele', '', 0),
(657, 284, 1, 'auto', '', 0),
(658, 284, 5, 'tele', '', 1),
(659, 284, 3, 'tele', '', 1),
(660, 284, 1, 'tele', '', 1),
(661, 287, 1, 'tele', '', 1),
(662, 292, 1, 'auto', '', 1),
(663, 292, 4, 'tele', '', 1),
(664, 292, 2, 'tele', '', 1),
(665, 293, 1, 'tele', '', 1),
(666, 289, 3, 'auto', '', 1),
(667, 289, 1, 'auto', '', 1),
(668, 291, 2, 'tele', '', 1),
(669, 294, 4, 'tele', '', 0),
(670, 294, 1, 'tele', '', 1),
(671, 290, 1, 'auto', '', 1),
(672, 290, 4, 'tele', '', 1),
(673, 290, 2, 'tele', '', 1),
(674, 295, 3, 'tele', '', 1),
(675, 295, 1, 'tele', '', 0),
(676, 296, 1, 'tele', '', 0),
(677, 297, 6, 'tele', '', 1),
(678, 297, 4, 'tele', '', 1),
(679, 297, 2, 'tele', '', 1),
(680, 298, 4, 'tele', '', 1),
(681, 298, 1, 'tele', '', 1);

-- --------------------------------------------------------

--
-- Table structure for table `matchratings`
--

CREATE TABLE IF NOT EXISTS `matchratings` (
  `id` int(10) unsigned NOT NULL AUTO_INCREMENT,
  `teamMatchID` int(10) unsigned NOT NULL,
  `ballGroundFeeding` int(11) NOT NULL,
  `ballLoadingLaneFeeding` int(11) NOT NULL,
  `ballShootingSpeed` int(11) NOT NULL,
  `gearGroundFeeding` int(11) NOT NULL,
  `gearLoadingLaneFeeding` int(11) NOT NULL,
  `gearPlacingSpeed` int(11) NOT NULL,
  `abilityToDefend` int(11) NOT NULL,
  `abilityToEscapeDefense` int(11) NOT NULL,
  `notes` text,
  PRIMARY KEY (`id`),
  UNIQUE KEY `matchratings_teammatchid_unique` (`teamMatchID`)
) ENGINE=InnoDB  DEFAULT CHARSET=latin1 AUTO_INCREMENT=296 ;

--
-- Dumping data for table `matchratings`
--

INSERT INTO `matchratings` (`id`, `teamMatchID`, `ballGroundFeeding`, `ballLoadingLaneFeeding`, `ballShootingSpeed`, `gearGroundFeeding`, `gearLoadingLaneFeeding`, `gearPlacingSpeed`, `abilityToDefend`, `abilityToEscapeDefense`, `notes`) VALUES
(1, 6, 0, 0, 0, 0, 4, 5, 0, 0, ''),
(2, 3, 0, 2, 1, 0, 0, 2, 0, 0, ''),
(3, 2, 0, 0, 0, 0, 5, 3, 0, 1, ''),
(4, 5, 0, 0, 0, 0, 1, 1, 0, 0, ''),
(5, 4, 2, 0, 0, 0, 1, 0, 3, 3, ''),
(6, 8, 0, 0, 0, 0, 4, 3, 0, 0, ''),
(7, 11, 0, 0, 3, 0, 4, 3, 0, 0, ''),
(8, 12, 0, 0, 0, 5, 0, 5, 0, 0, ''),
(9, 9, 0, 0, 0, 4, 0, 4, 0, 0, ''),
(10, 10, 0, 0, 0, 0, 4, 1, 0, 0, ''),
(11, 7, 0, 1, 1, 0, 0, 1, 0, 0, ''),
(12, 17, 0, 0, 0, 0, 2, 2, 0, 0, ''),
(13, 13, 0, 0, 0, 0, 2, 3, 0, 0, ''),
(14, 18, 0, 0, 0, 4, 2, 3, 0, 0, ''),
(15, 16, 0, 0, 0, 0, 0, 0, 4, 3, ''),
(16, 14, 0, 0, 0, 0, 2, 4, 0, 0, ''),
(17, 15, 0, 0, 0, 0, 4, 3, 0, 3, ''),
(18, 21, 4, 0, 0, 0, 4, 3, 0, 3, ''),
(19, 20, 0, 0, 0, 0, 0, 3, 0, 2, ''),
(20, 22, 0, 0, 0, 0, 3, 4, 0, 0, ''),
(21, 24, 0, 0, 0, 0, 0, 0, 0, 0, ''),
(22, 23, 0, 0, 0, 1, 0, 4, 4, 0, ''),
(23, 19, 0, 0, 0, 0, 4, 4, 0, 2, ''),
(24, 28, 0, 0, 0, 0, 0, 4, 0, 0, ''),
(25, 29, 0, 2, 0, 0, 0, 0, 4, 0, ''),
(26, 26, 0, 0, 0, 5, 0, 2, 0, 2, ''),
(27, 30, 0, 0, 0, 0, 0, 0, 3, 0, ''),
(28, 27, 0, 0, 0, 0, 5, 5, 0, 0, ''),
(29, 25, 0, 0, 0, 0, 5, 5, 0, 0, ''),
(30, 36, 0, 0, 0, 0, 4, 5, 3, 1, ''),
(31, 31, 0, 0, 0, 0, 4, 4, 0, 0, ''),
(32, 32, 0, 0, 0, 0, 4, 3, 0, 0, ''),
(33, 33, 0, 4, 2, 0, 5, 4, 0, 0, ''),
(34, 34, 0, 0, 1, 0, 4, 5, 0, 0, ''),
(35, 35, 0, 0, 4, 0, 4, 3, 0, 0, ''),
(36, 41, 4, 3, 0, 0, 1, 2, 0, 0, ''),
(37, 42, 0, 0, 0, 0, 2, 3, 2, 0, ''),
(38, 38, 0, 0, 0, 5, 5, 1, 0, 0, ''),
(39, 40, 0, 0, 0, 0, 0, 0, 0, 0, ''),
(40, 37, 0, 0, 0, 0, 5, 4, 0, 0, ''),
(41, 39, 0, 0, 0, 0, 5, 4, 0, 4, ''),
(42, 47, 0, 0, 0, 0, 3, 5, 0, 0, ''),
(43, 48, 0, 0, 0, 0, 4, 4, 0, 0, ''),
(44, 43, 0, 0, 0, 1, 1, 1, 0, 0, ''),
(45, 44, 0, 3, 4, 0, 4, 4, 0, 3, ''),
(46, 45, 0, 3, 5, 0, 1, 2, 0, 0, ''),
(47, 46, 3, 0, 1, 0, 1, 3, 0, 0, ''),
(48, 53, 0, 0, 0, 0, 4, 3, 1, 3, ''),
(49, 52, 0, 0, 0, 0, 4, 2, 0, 1, ''),
(50, 50, 0, 0, 0, 0, 4, 2, 0, 0, ''),
(51, 51, 0, 0, 0, 0, 4, 3, 5, 0, ''),
(52, 49, 0, 0, 0, 0, 0, 0, 2, 0, ''),
(53, 54, 0, 0, 0, 5, 0, 5, 0, 0, ''),
(54, 55, 0, 0, 0, 0, 0, 0, 0, 0, ''),
(55, 56, 0, 0, 0, 5, 0, 4, 0, 0, ''),
(56, 57, 0, 0, 0, 0, 3, 3, 0, 0, ''),
(57, 59, 0, 0, 0, 0, 0, 3, 0, 0, ''),
(58, 60, 0, 0, 0, 0, 5, 2, 0, 4, ''),
(59, 58, 0, 2, 3, 0, 4, 4, 0, 0, ''),
(60, 61, 0, 0, 0, 0, 0, 0, 4, 0, ''),
(61, 66, 0, 0, 5, 0, 5, 5, 0, 5, ''),
(62, 63, 0, 0, 0, 4, 0, 2, 0, 0, ''),
(63, 65, 0, 0, 0, 0, 4, 4, 0, 0, ''),
(64, 62, 0, 0, 0, 0, 4, 3, 0, 0, ''),
(65, 64, 0, 0, 0, 0, 3, 3, 3, 0, ''),
(66, 68, 0, 0, 0, 0, 0, 0, 0, 0, ''),
(67, 70, 0, 0, 0, 0, 4, 5, 0, 0, ''),
(68, 67, 0, 0, 0, 0, 5, 4, 0, 0, ''),
(69, 72, 0, 0, 0, 0, 5, 4, 0, 4, ''),
(70, 71, 0, 0, 1, 0, 3, 2, 1, 0, ''),
(71, 69, 0, 0, 0, 0, 3, 2, 0, 0, ''),
(72, 75, 0, 0, 0, 0, 0, 0, 0, 0, ''),
(73, 78, 0, 0, 0, 0, 5, 4, 0, 4, ''),
(74, 76, 0, 0, 0, 0, 4, 5, 0, 0, ''),
(75, 73, 0, 0, 0, 0, 1, 2, 0, 0, ''),
(76, 74, 0, 0, 0, 0, 5, 1, 0, 0, ''),
(77, 77, 5, 3, 5, 0, 0, 4, 0, 0, ''),
(78, 81, 0, 0, 0, 0, 5, 5, 0, 0, ''),
(79, 84, 0, 0, 0, 0, 2, 3, 3, 0, ''),
(80, 83, 0, 0, 0, 0, 4, 3, 0, 4, ''),
(81, 82, 0, 0, 0, 0, 2, 1, 0, 0, ''),
(82, 80, 0, 0, 0, 0, 0, 2, 0, 0, ''),
(83, 79, 0, 0, 0, 0, 4, 3, 0, 2, ''),
(84, 88, 0, 0, 0, 4, 0, 5, 0, 0, ''),
(85, 86, 0, 0, 0, 0, 5, 0, 3, 2, ''),
(86, 85, 0, 0, 0, 0, 2, 4, 0, 0, ''),
(87, 90, 0, 2, 1, 0, 0, 1, 5, 0, ''),
(88, 89, 0, 0, 0, 0, 4, 4, 0, 0, ''),
(89, 87, 0, 0, 0, 0, 1, 2, 0, 0, ''),
(90, 93, 0, 0, 0, 0, 1, 4, 0, 3, ''),
(91, 95, 0, 0, 0, 0, 0, 0, 0, 0, ''),
(92, 94, 0, 3, 4, 0, 4, 4, 0, 3, ''),
(93, 96, 0, 0, 0, 0, 0, 1, 0, 0, ''),
(94, 91, 0, 0, 0, 0, 4, 4, 0, 0, ''),
(95, 92, 0, 0, 0, 0, 4, 4, 0, 0, ''),
(96, 97, 0, 0, 0, 0, 3, 3, 0, 0, ''),
(97, 100, 4, 0, 3, 0, 0, 2, 0, 0, ''),
(98, 101, 0, 0, 0, 0, 4, 1, 0, 2, ''),
(99, 98, 0, 0, 0, 0, 0, 0, 4, 0, ''),
(100, 102, 0, 0, 0, 0, 3, 2, 0, 3, ''),
(101, 99, 3, 0, 1, 0, 4, 3, 0, 0, ''),
(102, 105, 0, 0, 0, 0, 4, 4, 0, 0, ''),
(103, 108, 0, 0, 0, 4, 0, 1, 0, 0, ''),
(104, 106, 0, 0, 0, 0, 4, 4, 0, 0, ''),
(105, 103, 0, 0, 0, 0, 3, 3, 0, 0, ''),
(106, 107, 4, 0, 0, 0, 4, 3, 0, 2, ''),
(107, 104, 4, 0, 4, 0, 3, 2, 0, 0, ''),
(108, 111, 0, 0, 0, 0, 5, 5, 0, 4, ''),
(109, 112, 0, 0, 0, 0, 4, 5, 0, 2, ''),
(110, 114, 0, 0, 0, 0, 2, 1, 0, 0, ''),
(111, 110, 0, 0, 0, 0, 5, 5, 0, 0, ''),
(112, 113, 0, 0, 0, 0, 3, 3, 0, 1, ''),
(113, 109, 0, 0, 0, 0, 2, 1, 0, 0, ''),
(114, 119, 0, 1, 3, 0, 0, 0, 0, 0, ''),
(115, 117, 0, 0, 0, 0, 4, 4, 0, 0, ''),
(116, 118, 4, 0, 0, 0, 3, 4, 0, 3, ''),
(117, 115, 0, 0, 0, 0, 3, 3, 0, 0, ''),
(118, 120, 0, 0, 0, 0, 1, 0, 3, 0, ''),
(119, 116, 0, 0, 0, 0, 2, 1, 0, 0, ''),
(120, 126, 0, 0, 0, 5, 0, 4, 0, 0, ''),
(121, 124, 0, 0, 0, 0, 0, 0, 5, 0, ''),
(122, 125, 0, 5, 5, 0, 5, 5, 0, 0, ''),
(123, 122, 3, 2, 0, 0, 1, 2, 5, 4, ''),
(124, 123, 0, 0, 0, 0, 0, 2, 3, 0, ''),
(125, 121, 0, 0, 0, 0, 3, 3, 0, 3, ''),
(126, 130, 0, 0, 0, 0, 5, 4, 0, 0, ''),
(127, 129, 0, 0, 0, 0, 5, 4, 0, 3, ''),
(128, 131, 0, 0, 0, 0, 3, 2, 0, 0, ''),
(129, 128, 0, 0, 0, 0, 3, 2, 0, 3, ''),
(130, 132, 0, 0, 3, 0, 3, 4, 0, 0, ''),
(131, 127, 0, 0, 0, 0, 4, 2, 0, 3, ''),
(132, 138, 0, 0, 0, 0, 3, 5, 0, 0, ''),
(133, 134, 0, 0, 0, 0, 5, 2, 0, 0, ''),
(134, 136, 4, 0, 3, 0, 0, 0, 0, 0, ''),
(135, 133, 0, 0, 0, 0, 4, 5, 0, 4, ''),
(136, 137, 0, 0, 0, 0, 4, 5, 5, 0, ''),
(137, 135, 0, 0, 4, 0, 3, 3, 0, 0, 'They went for the low goal during autonomous and they did well. They were quick and scored all of them. Their climbing was insanely fast but they did not activate the touchpad (they were right under it, like maybe a centimeter off). A gear went into their body as it fell off the hook'),
(138, 143, 0, 0, 0, 0, 5, 3, 0, 0, 'good communication between drivers and the gear feeders they fed it into the robot very quickly.'),
(139, 142, 0, 0, 0, 0, 2, 3, 0, 1, 'careless drivers: rammed into a lot of robots from their own team, and took them a while to escape any defense'),
(140, 144, 0, 0, 0, 1, 3, 4, 3, 3, 'when run into, will drop gear (happened twice), good strafing'),
(141, 139, 0, 0, 0, 0, 5, 5, 0, 4, ''),
(142, 140, 0, 0, 0, 0, 0, 0, 0, 0, 'They did quite literally nothing. Didn''t attempt anything except for one pre-loaded tele gear and 30 seconds of climbing in which they didn''t even latch. '),
(143, 141, 0, 0, 0, 0, 4, 4, 0, 0, 'They were relatively quick with gears. However, they did not get anywhere in autonomous (just crossed the line), fouled robot on other team by driving into it during climbing section'),
(144, 148, 0, 0, 0, 0, 4, 1, 0, 0, ''),
(145, 146, 0, 0, 0, 0, 5, 4, 0, 0, 'Very agile'),
(146, 145, 0, 0, 0, 0, 4, 3, 0, 0, 'There wasn''t very clear communication between the driver and the gear feeders.'),
(147, 149, 0, 0, 0, 5, 0, 5, 0, 4, 'MY LORD'),
(148, 150, 4, 0, 2, 0, 3, 2, 0, 2, 'speed and strafing are ok, shooting is innacurate'),
(149, 147, 4, 0, 0, 0, 3, 4, 0, 0, 'Sucked up a lot of balls, didn''t do anything with them. Successful with gears'),
(150, 155, 0, 0, 0, 0, 0, 0, 0, 0, 'The gear that was put into the robot initially fell out, and the bumper also fell off early in the game before they could do anything.'),
(151, 151, 0, 0, 0, 0, 2, 2, 0, 0, 'Ok. they had lots of problems with retrieving gears and didn''t successfully place them either. '),
(152, 153, 0, 0, 0, 0, 5, 5, 3, 0, 'fell off the rope but were fast climbers'),
(153, 154, 0, 0, 0, 0, 3, 3, 0, 0, 'Average. Did not go anywhere. '),
(154, 156, 0, 0, 0, 0, 3, 1, 0, 0, 'gear is very difficult to place onto hook - the thing holding the gear is very loose'),
(155, 158, 0, 0, 0, 0, 1, 0, 2, 0, ''),
(156, 157, 0, 0, 0, 0, 3, 3, 0, 1, 'slow'),
(157, 159, 0, 0, 0, 0, 4, 4, 0, 0, 'They were fast, didn''t do much during autonomous. No defense played'),
(158, 162, 0, 0, 0, 0, 0, 1, 0, 1, 'got deactivated but came back after 10 seconds, got pushed around A LOT, didnt do anything helpful'),
(159, 161, 0, 0, 0, 4, 0, 3, 0, 0, ''),
(160, 160, 0, 0, 0, 0, 5, 4, 0, 2, 'Great Job team!! Really good job getting gears fast and placing them in airship. Escaped some defense!!!! '),
(161, 163, 0, 0, 0, 0, 5, 5, 0, 4, ''),
(162, 168, 4, 0, 0, 0, 0, 0, 5, 4, 'couldnt pull self up full way, strong defense, good strafing'),
(163, 164, 0, 0, 0, 0, 0, 2, 0, 3, 'Was defended by 171 for a long time'),
(164, 165, 0, 0, 0, 0, 5, 4, 0, 0, 'Speedy at retrieving and placing gears. nothing but a small movement forward in autonomous. had some trouble with defense, but managed to escape it. '),
(165, 166, 0, 0, 0, 0, 1, 4, 3, 0, 'reckless driving - ran into a lot of own teammates and also almost ran into a few walls'),
(166, 167, 0, 0, 0, 0, 2, 4, 0, 3, 'Did not do anything during autonomous, did not climb at all (spent half of the climb time to get a gear which did not happen).'),
(167, 174, 0, 0, 0, 0, 4, 5, 0, 2, ''),
(168, 169, 0, 0, 5, 0, 2, 3, 0, 0, ''),
(169, 172, 0, 0, 0, 0, 5, 5, 0, 4, 'really fast driving and strafing, cant climb or shoot balls'),
(170, 170, 0, 0, 0, 0, 3, 3, 0, 0, 'Positioned themselves well during autonomous, did not score. Place gear on hook but pilot let it fall. Relatively quick on scoring with gears'),
(171, 173, 0, 0, 0, 0, 2, 2, 0, 0, 'Not a very efficient robot. Had trouble feeding gears. Tried a few times, failed, and went back to ship and waited to climb. Got hold of the rope, but couldn''t climb even a little bit. '),
(172, 171, 0, 0, 0, 5, 4, 4, 0, 0, ''),
(173, 179, 0, 0, 0, 5, 5, 5, 0, 0, 'very fast '),
(174, 176, 0, 0, 0, 0, 1, 3, 0, 0, ''),
(175, 175, 0, 0, 0, 0, 2, 4, 0, 0, 'Very good at placing gears at ship but not good at feeding gears. Can climb'),
(176, 178, 0, 0, 0, 0, 4, 1, 0, 0, 'slow climber, slow gear placement-takes too long to let go of gear'),
(177, 180, 0, 0, 0, 0, 3, 2, 4, 4, 'very aggressive actions - ripped the gear hook off after placing hook '),
(178, 177, 0, 0, 0, 0, 3, 3, 3, 0, 'Moved almost to halfway line in autonomous. After intense contact, their robot sorta just broke down. It didn''t do anything and the drivers look frustrated and struggled to control it'),
(179, 185, 0, 0, 0, 0, 0, 0, 0, 0, 'did nothing but stand at the airship after missing the gear.  '),
(180, 181, 0, 0, 0, 0, 4, 3, 4, 0, 'Defended a lot'),
(181, 182, 0, 0, 0, 5, 5, 4, 0, 0, 'fast climbing'),
(182, 184, 0, 0, 0, 0, 5, 4, 0, 0, ''),
(183, 186, 0, 0, 0, 4, 5, 2, 0, 2, ''),
(184, 183, 4, 0, 4, 0, 4, 4, 3, 3, 'shooter is pretty bad, but they try'),
(185, 189, 0, 0, 0, 0, 4, 4, 0, 0, ''),
(186, 187, 0, 0, 0, 0, 0, 0, 3, 0, 'focused the entire game on defense.'),
(187, 188, 0, 4, 3, 0, 3, 3, 0, 0, ''),
(188, 191, 0, 0, 0, 0, 4, 4, 0, 0, 'scored during auto'),
(189, 190, 0, 0, 3, 0, 2, 4, 0, 0, 'innacurate shooting'),
(190, 192, 0, 0, 0, 0, 2, 4, 0, 2, 'Good Job!!! Trouble feeding gear, which resulted in no time to place gear in airship. Good job climbing!'),
(191, 198, 0, 0, 0, 0, 0, 0, 0, 0, ''),
(192, 197, 0, 0, 0, 0, 4, 1, 0, 0, 'drivers arent great. gear is wobbly going onto hook'),
(193, 196, 0, 0, 0, 0, 5, 4, 0, 0, 'moved very fast around the field, rope didn''t wrap around their climber at all.'),
(194, 194, 0, 0, 0, 0, 5, 5, 3, 0, 'started climbing but not fast enough/didnt get up at all, good strafing and speed'),
(195, 193, 0, 3, 2, 0, 3, 1, 0, 0, 'It took quite a while to place the gear'),
(196, 195, 0, 0, 0, 0, 2, 3, 0, 0, 'Nothing much in autonomous except for crossing the line. They struggled a little with feeding the gear, but easily placed it in the airship. Climbed really smooth'),
(197, 200, 0, 0, 0, 4, 5, 5, 0, 0, ''),
(198, 204, 0, 0, 0, 0, 5, 4, 0, 3, 'they fell when they were climbing.'),
(199, 203, 0, 0, 0, 0, 3, 2, 0, 0, 'Slow at placing gears on airship, but decently quick at getting gears'),
(200, 201, 0, 0, 0, 0, 0, 1, 0, 0, 'they just hung out in the middle, twirling around. Something happened with drivetrain or drive team maybe. Idk, they weren''t productive at all tho'),
(201, 202, 0, 0, 0, 0, 4, 4, 3, 0, 'efficient, but faulty gear intake due to slit in feeder'),
(202, 199, 0, 0, 0, 4, 0, 5, 0, 0, 'There was ground gear feeding trouble due to balls on the ground'),
(203, 206, 0, 0, 0, 0, 5, 4, 0, 0, ''),
(204, 209, 0, 0, 0, 0, 1, 4, 0, 3, ''),
(205, 205, 0, 0, 0, 0, 4, 4, 0, 0, 'wasn''t able to see whole game. Might wanna discard this data'),
(206, 207, 0, 0, 0, 0, 3, 3, 0, 1, 'very slow overall'),
(207, 208, 0, 0, 0, 0, 5, 4, 0, 0, 'The human pilot player dropped multiple gears after the robot had put them on the spike.'),
(208, 210, 0, 0, 0, 0, 5, 4, 3, 3, 'tried to climb but didnt start or get up at all'),
(209, 214, 0, 0, 0, 0, 4, 5, 3, 3, ''),
(210, 211, 0, 0, 0, 5, 5, 5, 0, 3, 'not very fast, but very effective'),
(211, 212, 0, 4, 0, 0, 5, 5, 0, 0, 'trouble catching the rope when climbing'),
(212, 215, 0, 0, 0, 0, 0, 0, 0, 0, 'the gear fell out of holding once. poor communication between the gear feeder and the drivers.'),
(213, 213, 0, 0, 0, 0, 3, 3, 0, 0, 'Struggled slightly to place on the gear'),
(214, 216, 0, 0, 0, 0, 0, 0, 0, 0, 'When it missed a gear in auto, the gear got stuck out of place in the robot and it couldn''t do anything after that'),
(215, 218, 0, 0, 0, 0, 0, 0, 0, 0, ''),
(216, 217, 0, 0, 0, 0, 4, 3, 0, 3, ''),
(217, 221, 0, 0, 0, 0, 4, 1, 0, 0, 'slow'),
(218, 222, 0, 0, 0, 0, 3, 1, 0, 0, 'took forever to place gears and didnt even get them placed, didnt really do much '),
(219, 220, 0, 0, 0, 0, 4, 3, 0, 0, ''),
(220, 219, 0, 0, 0, 0, 5, 2, 0, 0, 'gear that they started with fell out right after tele started.'),
(221, 223, 0, 0, 0, 0, 0, 0, 0, 0, 'robot was unresponsive for the entire match'),
(222, 228, 0, 0, 0, 5, 4, 3, 0, 0, 'gr8 at ground feedin'),
(223, 225, 0, 0, 0, 0, 5, 3, 0, 4, ''),
(224, 227, 0, 0, 0, 0, 5, 5, 0, 0, 'fast manuevering and strafing, very efficient'),
(225, 224, 0, 0, 0, 3, 0, 0, 0, 0, ''),
(226, 226, 0, 0, 0, 0, 0, 0, 0, 0, 'They took the gears they failed to successfully drop in to their alliance mate, who could feed them off the ground.'),
(227, 229, 0, 4, 0, 0, 0, 0, 2, 0, 'tried to play defense but sucked'),
(228, 230, 0, 0, 0, 0, 3, 3, 0, 4, 'very agile. problems with balls in the way of feeding'),
(229, 234, 0, 0, 0, 0, 4, 3, 0, 0, ''),
(230, 231, 0, 0, 0, 0, 0, 0, 0, 0, 'didnt really do much, balls near feeding stations really screwed them up.'),
(231, 232, 0, 0, 1, 0, 0, 3, 3, 3, 'kind of slow moving, can defend well if needed, slow shooter-missed most shots'),
(232, 233, 0, 0, 0, 0, 3, 4, 0, 0, 'at the end of the match got stuck near a wall and just wiggled around for like 40 seconds'),
(233, 236, 1, 1, 1, 1, 1, 1, 1, 1, 'Did nothing after autonomous mode.'),
(234, 239, 0, 3, 2, 0, 5, 4, 0, 0, ''),
(235, 240, 4, 0, 0, 0, 0, 4, 0, 0, ''),
(236, 237, 0, 0, 0, 0, 2, 3, 0, 1, 'bumper fell off, bad at avoiding defense'),
(237, 238, 0, 0, 0, 0, 2, 4, 3, 0, 'very fast. good at movin in the feild. tried to defend for like a sec'),
(238, 235, 0, 0, 0, 0, 3, 3, 0, 0, ''),
(239, 246, 0, 0, 0, 0, 4, 1, 0, 0, 'fast climber, slow gear placement'),
(240, 243, 0, 0, 0, 0, 3, 4, 4, 3, ''),
(241, 244, 1, 0, 0, 2, 1, 1, 0, 0, 'ignore ball feeding :/'),
(242, 241, 0, 0, 0, 0, 4, 4, 0, 0, 'ONLY WENT for gears'),
(243, 242, 0, 0, 0, 0, 1, 2, 0, 0, 'It moved around a lot but didn''t do anything so i think it was because there were a lot of robots surrounding it that it couldn''t get to where it wanted to go.'),
(244, 245, 0, 0, 0, 0, 0, 0, 0, 0, 'They tried to put on a gear, after that, they activated a hopper and the balls got into their body. Then they stopped doing things'),
(245, 247, 3, 2, 3, 0, 3, 4, 5, 4, ''),
(246, 250, 0, 0, 0, 0, 4, 5, 0, 0, 'the whole thing should be in tele'),
(247, 251, 0, 0, 0, 0, 3, 2, 0, 0, 'Did not do much. It seemed like the drivers were struggling to control their robot as it was driving around pointlessly'),
(248, 252, 0, 0, 3, 0, 1, 2, 0, 0, 'good strafing and fast movement, slow climbing, innacurate shot'),
(249, 249, 0, 0, 0, 0, 3, 3, 0, 3, 'just went for gears, kind of slow at getting them.\n'),
(250, 248, 0, 0, 0, 0, 4, 4, 0, 0, 'It started to go very well in the beginning but near the middle, it looked like something got stuck in the robot and it was malfunctioning and the people tried to get it out but ran out of time before attempting to climb the rope.'),
(251, 257, 0, 0, 0, 0, 0, 0, 5, 4, ''),
(252, 256, 0, 0, 0, 0, 5, 5, 3, 5, ''),
(253, 258, 0, 0, 0, 0, 5, 5, 3, 0, 'really fast and efficient, fast climber'),
(254, 255, 0, 0, 0, 0, 0, 3, 0, 0, 'did not move until haflway of the match'),
(255, 253, 0, 0, 0, 0, 4, 5, 0, 1, 'They scored on autonomous. But they were stopped by CTRL Z and were not able to score more gears. Good job team'),
(256, 254, 0, 0, 0, 4, 4, 3, 0, 0, 'It had a bit of  trouble getting on the rope but it was decent'),
(257, 261, 0, 0, 0, 5, 0, 4, 0, 4, ''),
(258, 263, 0, 0, 4, 0, 4, 4, 3, 3, 'strong, can push robots back-possibly good defender, fast climber, fast strafing and drivetrain'),
(259, 262, 0, 0, 0, 0, 3, 3, 0, 0, 'The robot movement was overall kind of jerky. However, when they got a gear stuck in their drive train, the driver was extremely good of rushing off and slamming into defense mode, and still getting a climb in. '),
(260, 259, 0, 0, 0, 0, 0, 3, 0, 0, 'seems like comms dropping from time to time... sometimes just sits there.'),
(261, 260, 0, 0, 0, 0, 3, 3, 0, 2, 'They got pinned down. Enemy robot rammed them in the corner and they couldn''t fight back'),
(262, 264, 0, 0, 0, 0, 1, 4, 0, 0, 'It had a lot of trouble with gear feeding. During the time, it stood there doing nothing and when there was like 15 seconds left it tried to grab the rope but fail horribly'),
(263, 269, 0, 0, 0, 0, 5, 5, 0, 0, 'gears gears gears'),
(264, 268, 3, 3, 3, 0, 3, 4, 0, 0, 'Shooting was quite mediocre, everything else quite good.'),
(265, 265, 0, 0, 0, 0, 0, 0, 0, 0, ''),
(266, 270, 0, 0, 0, 0, 3, 5, 0, 0, 'extremely effective, and fast. In feeding, gear will fall into body of robot-wastes time approx. 4 secs, fast drivetrain and good straffing'),
(267, 267, 0, 0, 0, 0, 1, 0, 0, 0, 'I don''t even know what it was trying to accomplish. It was moving around the middle of the field at first and then failed at feeding the gear and it started to fight with another robot of the same team as them for the rope.'),
(268, 273, 0, 0, 0, 0, 2, 2, 0, 3, ''),
(269, 276, 0, 0, 0, 0, 3, 3, 5, 3, 'Defended whole game - very good marking and held down other alliance very well.'),
(270, 275, 0, 0, 0, 0, 3, 3, 2, 2, 'robot ran into them, dropped gear, ran over gear and got it stuck under the vehicle. fast driving and strafing, didnt attempt to climb'),
(271, 272, 0, 0, 0, 0, 0, 2, 0, 0, 'They just placed the gear and stood under their rope. Their rope drops directly into their robot through a hole on the wall. Possible strategy could be to knock them off center to prevent the string from going through the hole.'),
(272, 271, 0, 0, 0, 0, 5, 2, 0, 0, 'They were very accurate at feeding gears but missed placing the gears a few times. '),
(273, 278, 0, 0, 0, 0, 0, 0, 0, 0, 'They were good at feeding gears but they didn''t do anything and stood still for a while. I think the driver was confused or couldn''t move. Nothing in autonomous. '),
(274, 280, 0, 0, 5, 0, 5, 5, 0, 3, ''),
(275, 279, 0, 0, 0, 0, 3, 3, 0, 0, 'They stood in the middle of the field for part of the match. They picked up a gear from the ground but it went up too fast and flew out. '),
(276, 281, 0, 0, 0, 0, 1, 4, 5, 5, 'They are the reason their alliance won. They got a gear stuck in them immediately, and they defended SO WELL the entire game. '),
(277, 277, 0, 0, 0, 0, 5, 5, 4, 3, 'it lost a lot of time because another robot was getting in the way to defend, didnt really have good strategies to get out of it.'),
(278, 288, 0, 0, 0, 0, 0, 0, 0, 0, 'Couldn''t get much done because was constantly pushed by 5022. Only placed in beginning and thats it. Shot al balls in low goal in autonomous but didn''t move. '),
(279, 283, 0, 0, 0, 0, 3, 3, 0, 0, ''),
(280, 286, 0, 0, 0, 0, 3, 3, 0, 0, ''),
(281, 285, 0, 0, 0, 4, 0, 3, 0, 0, ''),
(282, 284, 0, 0, 0, 0, 5, 4, 0, 0, 'fast gear feeding + placing'),
(283, 287, 0, 0, 0, 0, 2, 3, 3, 0, 'They scored the gear. Then they failed to get a gear as it fell in the body of their robot. After this, they played defense for a little bit but were not able to stop the teams and eventually just stood there'),
(284, 292, 0, 0, 0, 0, 3, 4, 0, 3, ''),
(285, 293, 0, 0, 0, 0, 1, 3, 0, 2, ''),
(286, 289, 0, 0, 0, 0, 2, 3, 0, 0, ''),
(287, 291, 0, 0, 0, 0, 2, 3, 2, 0, 'Tried to get gears but they took too long trying to adjust and just left to climb rope'),
(288, 294, 0, 0, 0, 0, 0, 0, 0, 0, 'Wasn''t very good at feeding gears or placing them in the airship. Got blocked off by defense in one bit. '),
(289, 290, 0, 0, 0, 0, 4, 4, 0, 0, ''),
(290, 295, 4, 0, 0, 0, 3, 2, 1, 0, ''),
(291, 299, 0, 0, 0, 0, 1, 1, 0, 3, 'It climbed to the top but the color didn''t come up. Not very good at feeding balls but can get past defense easily. '),
(292, 296, 0, 0, 0, 0, 0, 2, 2, 0, 'Failed to put on gear in the beginning. Afterward they just played defense (not very good tho) and failed to even climb the rope'),
(293, 297, 0, 0, 3, 0, 5, 5, 0, 0, ''),
(294, 300, 3, 0, 4, 0, 4, 0, 4, 0, 'good high goal accuracy, fast and good strafing '),
(295, 298, 5, 0, 5, 0, 3, 4, 0, 0, '');

-- --------------------------------------------------------

--
-- Table structure for table `matchshoots`
--

CREATE TABLE IF NOT EXISTS `matchshoots` (
  `id` int(10) unsigned NOT NULL AUTO_INCREMENT,
  `teamMatchID` int(10) unsigned NOT NULL,
  `orderID` int(10) unsigned NOT NULL,
  `mode` enum('auto','tele') NOT NULL,
  `coordX` decimal(8,2) NOT NULL,
  `coordY` decimal(8,2) NOT NULL,
  `highLow` tinyint(1) NOT NULL,
  `scored` int(11) NOT NULL,
  `missed` int(11) NOT NULL,
  PRIMARY KEY (`id`),
  UNIQUE KEY `matchshoots_teammatchid_orderid_unique` (`teamMatchID`,`orderID`,`mode`)
) ENGINE=InnoDB  DEFAULT CHARSET=latin1 AUTO_INCREMENT=63 ;

--
-- Dumping data for table `matchshoots`
--

INSERT INTO `matchshoots` (`id`, `teamMatchID`, `orderID`, `mode`, `coordX`, `coordY`, `highLow`, `scored`, `missed`) VALUES
(1, 3, 3, 'tele', '355.35', '264.94', 1, 3, 1),
(2, 11, 7, 'tele', '437.68', '318.48', 0, 5, 5),
(3, 25, 2, 'auto', '367.75', '314.12', 1, 0, 10),
(4, 34, 6, 'tele', '434.55', '315.96', 1, 0, 4),
(5, 35, 1, 'auto', '439.28', '310.47', 1, 9, 1),
(6, 37, 1, 'auto', '319.01', '323.06', 1, 5, 25),
(7, 47, 1, 'auto', '365.55', '326.11', 1, 2, 8),
(8, 44, 2, 'auto', '439.55', '322.90', 0, 0, 0),
(9, 44, 5, 'tele', '440.80', '317.85', 0, 0, 0),
(10, 45, 3, 'tele', '431.51', '306.07', 0, 15, 0),
(11, 46, 3, 'tele', '340.30', '261.32', 0, 0, 10),
(12, 58, 6, 'tele', '429.86', '313.64', 1, 14, 11),
(13, 66, 1, 'auto', '353.63', '291.63', 1, 15, 30),
(14, 71, 2, 'tele', '409.40', '322.17', 1, 5, 20),
(15, 74, 5, 'tele', '384.59', '309.65', 1, 20, 10),
(16, 77, 3, 'tele', '448.31', '250.34', 1, 25, 5),
(17, 77, 4, 'tele', '447.68', '247.19', 1, 25, 5),
(18, 77, 5, 'tele', '438.93', '244.04', 1, 20, 5),
(19, 90, 2, 'tele', '394.16', '279.61', 1, 0, 5),
(20, 94, 6, 'tele', '433.89', '318.10', 0, 15, 0),
(21, 100, 2, 'auto', '392.66', '167.07', 1, 0, 10),
(22, 100, 3, 'tele', '381.40', '177.16', 1, 15, 20),
(23, 99, 6, 'tele', '330.53', '264.05', 1, 3, 5),
(24, 107, 2, 'tele', '389.53', '320.37', 1, 4, 10),
(25, 104, 6, 'tele', '404.40', '278.53', 1, 9, 10),
(26, 119, 1, 'auto', '334.97', '291.77', 1, 12, 9),
(27, 125, 1, 'auto', '380.28', '313.94', 1, 29, 5),
(28, 125, 2, 'tele', '367.47', '324.71', 1, 11, 4),
(29, 132, 4, 'tele', '364.62', '328.30', 1, 0, 2),
(30, 136, 2, 'tele', '417.38', '298.03', 1, 0, 0),
(31, 136, 3, 'tele', '417.38', '288.19', 1, 0, 0),
(32, 135, 1, 'auto', '440.80', '312.17', 0, 10, 0),
(33, 150, 3, 'tele', '410.16', '285.22', 1, 2, 12),
(34, 151, 1, 'auto', '403.70', '310.08', 1, 6, 6),
(35, 164, 2, 'tele', '395.16', '285.04', 1, 0, 10),
(36, 169, 1, 'auto', '437.76', '289.98', 0, 10, 0),
(37, 184, 2, 'auto', '364.52', '239.62', 1, 10, 5),
(38, 183, 1, 'auto', '427.12', '263.16', 1, 0, 10),
(39, 183, 5, 'tele', '387.25', '307.86', 1, 0, 2),
(40, 188, 1, 'auto', '370.41', '306.97', 1, 8, 2),
(41, 188, 7, 'tele', '377.50', '305.18', 1, 6, 34),
(42, 190, 1, 'auto', '364.62', '329.02', 1, 0, 10),
(43, 193, 5, 'tele', '458.44', '330.98', 1, 0, 10),
(44, 206, 2, 'auto', '364.52', '239.62', 1, 10, 0),
(45, 218, 2, 'tele', '448.55', '257.36', 1, 2, 8),
(46, 220, 1, 'auto', '429.78', '315.02', 1, 8, 2),
(47, 227, 1, 'auto', '342.57', '217.01', 1, 7, 3),
(48, 230, 2, 'tele', '445.18', '205.55', 1, 10, 30),
(49, 232, 2, 'tele', '389.53', '263.68', 1, 1, 9),
(50, 239, 5, 'tele', '379.27', '289.09', 1, 10, 15),
(51, 240, 1, 'auto', '435.18', '321.00', 1, 0, 1),
(52, 240, 2, 'tele', '432.68', '312.80', 1, 0, 0),
(53, 247, 2, 'tele', '427.12', '260.47', 1, 0, 0),
(54, 252, 6, 'tele', '374.48', '181.11', 1, 0, 5),
(55, 263, 1, 'auto', '455.89', '233.97', 1, 4, 6),
(56, 268, 1, 'tele', '452.06', '212.49', 1, 2, 15),
(57, 270, 1, 'auto', '335.55', '245.40', 1, 10, 10),
(58, 280, 1, 'auto', '345.60', '330.22', 1, 65, 12),
(59, 280, 2, 'tele', '363.32', '306.07', 1, 35, 8),
(60, 297, 1, 'auto', '388.14', '295.25', 1, 2, 8),
(61, 300, 1, 'auto', '455.18', '245.93', 1, 20, 0),
(62, 298, 5, 'tele', '435.10', '316.80', 0, 0, 0);

-- --------------------------------------------------------

--
-- Table structure for table `matchshoots_preprocess`
--

CREATE TABLE IF NOT EXISTS `matchshoots_preprocess` (
  `id` int(10) unsigned NOT NULL AUTO_INCREMENT,
  `teamMatchID` int(10) unsigned NOT NULL,
  `orderID` int(10) unsigned NOT NULL,
  `mode` enum('auto','tele') NOT NULL,
  `coordX` decimal(8,2) NOT NULL,
  `coordY` decimal(8,2) NOT NULL,
  `scored` int(11) DEFAULT NULL,
  `missed` int(11) DEFAULT NULL,
  `leftover` int(11) DEFAULT NULL,
  `before` decimal(8,2) DEFAULT NULL,
  `after` decimal(8,2) DEFAULT NULL,
  `accuracy` decimal(8,2) DEFAULT NULL,
  `highLow` int(11) NOT NULL,
  `inputMethod` enum('percent','count') NOT NULL,
  PRIMARY KEY (`id`),
  UNIQUE KEY `matchshoots_preprocess_teammatchid_orderid_unique` (`teamMatchID`,`orderID`,`mode`)
) ENGINE=InnoDB  DEFAULT CHARSET=latin1 AUTO_INCREMENT=69 ;

--
-- Dumping data for table `matchshoots_preprocess`
--

INSERT INTO `matchshoots_preprocess` (`id`, `teamMatchID`, `orderID`, `mode`, `coordX`, `coordY`, `scored`, `missed`, `leftover`, `before`, `after`, `accuracy`, `highLow`, `inputMethod`) VALUES
(1, 3, 3, 'tele', '355.35', '264.94', 3, 1, 55, NULL, NULL, NULL, 1, 'count'),
(2, 11, 7, 'tele', '437.68', '318.48', 5, 5, 0, NULL, NULL, NULL, 0, 'count'),
(3, 7, 2, 'tele', '347.37', '235.44', 0, 5, 15, NULL, NULL, NULL, 1, 'count'),
(4, 25, 2, 'auto', '367.75', '314.12', 0, 10, 0, NULL, NULL, NULL, 1, 'count'),
(5, 34, 6, 'tele', '434.55', '315.96', 0, 4, 25, NULL, NULL, NULL, 1, 'count'),
(6, 35, 1, 'auto', '439.28', '310.47', 9, 1, 0, NULL, NULL, NULL, 1, 'count'),
(7, 37, 1, 'auto', '319.01', '323.06', 5, 25, 20, NULL, NULL, NULL, 1, 'count'),
(8, 47, 1, 'auto', '365.55', '326.11', 2, 8, 0, NULL, NULL, NULL, 1, 'count'),
(9, 44, 2, 'auto', '439.55', '322.90', NULL, NULL, NULL, '50.00', '0.00', '100.00', 0, 'percent'),
(10, 44, 5, 'tele', '440.80', '317.85', NULL, NULL, NULL, '20.00', '0.00', '100.00', 0, 'percent'),
(11, 45, 3, 'tele', '431.51', '306.07', 15, 0, 0, NULL, NULL, NULL, 0, 'count'),
(12, 46, 3, 'tele', '340.30', '261.32', 0, 10, 0, NULL, NULL, NULL, 0, 'count'),
(13, 58, 6, 'tele', '429.86', '313.64', 14, 11, 0, NULL, NULL, NULL, 1, 'count'),
(14, 66, 1, 'auto', '353.63', '291.63', 15, 30, 0, NULL, NULL, NULL, 1, 'count'),
(15, 71, 2, 'tele', '409.40', '322.17', 5, 20, 7, NULL, NULL, NULL, 1, 'count'),
(16, 74, 5, 'tele', '384.59', '309.65', 20, 10, 0, NULL, NULL, NULL, 1, 'count'),
(17, 77, 5, 'tele', '438.93', '244.04', 20, 5, 0, NULL, NULL, NULL, 1, 'count'),
(18, 77, 4, 'tele', '447.68', '247.19', 25, 5, 0, NULL, NULL, NULL, 1, 'count'),
(19, 77, 3, 'tele', '448.31', '250.34', 25, 5, 0, NULL, NULL, NULL, 1, 'count'),
(20, 90, 2, 'tele', '394.16', '279.61', 0, 5, 25, NULL, NULL, NULL, 1, 'count'),
(21, 94, 6, 'tele', '433.89', '318.10', 15, 0, 5, NULL, NULL, NULL, 0, 'count'),
(23, 100, 2, 'auto', '392.66', '167.07', 0, 10, 0, NULL, NULL, NULL, 1, 'count'),
(24, 100, 3, 'tele', '381.40', '177.16', 15, 20, 0, NULL, NULL, NULL, 1, 'count'),
(25, 99, 6, 'tele', '330.53', '264.05', 3, 5, 20, NULL, NULL, NULL, 1, 'count'),
(26, 107, 2, 'tele', '389.53', '320.37', 4, 10, 0, NULL, NULL, NULL, 1, 'count'),
(27, 104, 6, 'tele', '404.40', '278.53', 9, 10, 0, NULL, NULL, NULL, 1, 'count'),
(28, 119, 1, 'auto', '334.97', '291.77', 12, 9, 0, NULL, NULL, NULL, 1, 'count'),
(29, 125, 1, 'auto', '380.28', '313.94', 29, 5, 0, NULL, NULL, NULL, 1, 'count'),
(30, 125, 2, 'tele', '367.47', '324.71', 11, 4, 0, NULL, NULL, NULL, 1, 'count'),
(31, 132, 4, 'tele', '364.62', '328.30', 0, 2, 0, NULL, NULL, NULL, 1, 'count'),
(32, 136, 3, 'tele', '417.38', '288.19', NULL, NULL, NULL, '50.00', '0.00', '50.00', 1, 'percent'),
(33, 136, 2, 'tele', '417.38', '298.03', NULL, NULL, NULL, '80.00', '0.00', '60.00', 1, 'percent'),
(34, 135, 1, 'auto', '440.80', '312.17', 10, 0, 0, NULL, NULL, NULL, 0, 'count'),
(35, 150, 3, 'tele', '410.16', '285.22', 2, 12, 0, NULL, NULL, NULL, 1, 'count'),
(36, 151, 1, 'auto', '403.70', '310.08', 6, 6, 0, NULL, NULL, NULL, 1, 'count'),
(37, 164, 2, 'tele', '395.16', '285.04', 0, 10, 0, NULL, NULL, NULL, 1, 'count'),
(38, 169, 1, 'auto', '437.76', '289.98', 10, 0, 0, NULL, NULL, NULL, 0, 'count'),
(39, 184, 2, 'auto', '364.52', '239.62', 10, 5, 0, NULL, NULL, NULL, 1, 'count'),
(40, 183, 1, 'auto', '427.12', '263.16', 0, 10, 0, NULL, NULL, NULL, 1, 'count'),
(41, 183, 5, 'tele', '387.25', '307.86', 0, 2, 0, NULL, NULL, NULL, 1, 'count'),
(42, 188, 1, 'auto', '370.41', '306.97', 8, 2, 0, NULL, NULL, NULL, 1, 'count'),
(43, 188, 7, 'tele', '377.50', '305.18', 6, 34, 0, NULL, NULL, NULL, 1, 'count'),
(44, 190, 1, 'auto', '364.62', '329.02', 0, 10, 0, NULL, NULL, NULL, 1, 'count'),
(45, 193, 5, 'tele', '458.44', '330.98', 0, 10, 0, NULL, NULL, NULL, 1, 'count'),
(48, 206, 2, 'auto', '364.52', '239.62', 10, 0, 0, NULL, NULL, NULL, 1, 'count'),
(49, 218, 2, 'tele', '448.55', '257.36', 2, 8, 0, NULL, NULL, NULL, 1, 'count'),
(50, 217, 3, 'tele', '379.53', '254.76', 2, 12, 40, NULL, NULL, NULL, 1, 'count'),
(51, 220, 1, 'auto', '429.78', '315.02', 8, 2, 0, NULL, NULL, NULL, 1, 'count'),
(52, 227, 1, 'auto', '342.57', '217.01', 7, 3, 0, NULL, NULL, NULL, 1, 'count'),
(53, 230, 2, 'tele', '445.18', '205.55', 10, 30, 0, NULL, NULL, NULL, 1, 'count'),
(54, 232, 2, 'tele', '389.53', '263.68', 1, 9, 0, NULL, NULL, NULL, 1, 'count'),
(55, 239, 5, 'tele', '379.27', '289.09', 10, 15, 5, NULL, NULL, NULL, 1, 'count'),
(56, 240, 1, 'auto', '435.18', '321.00', 0, 1, 20, NULL, NULL, NULL, 1, 'count'),
(57, 240, 2, 'tele', '432.68', '312.80', NULL, NULL, NULL, '75.00', '5.00', '15.00', 1, 'percent'),
(58, 247, 2, 'tele', '427.12', '260.47', NULL, NULL, NULL, '20.00', '0.00', '80.00', 1, 'percent'),
(59, 252, 6, 'tele', '374.48', '181.11', 0, 5, 0, NULL, NULL, NULL, 1, 'count'),
(60, 263, 1, 'auto', '455.89', '233.97', 4, 6, 0, NULL, NULL, NULL, 1, 'count'),
(61, 269, 1, 'auto', '440.42', '206.82', 0, 8, 0, NULL, NULL, NULL, 1, 'count'),
(62, 268, 1, 'tele', '452.06', '212.49', 2, 15, 35, NULL, NULL, NULL, 1, 'count'),
(63, 270, 1, 'auto', '335.55', '245.40', 10, 10, 0, NULL, NULL, NULL, 1, 'count'),
(64, 280, 1, 'auto', '345.60', '330.22', 65, 12, 0, NULL, NULL, NULL, 1, 'count'),
(65, 280, 2, 'tele', '363.32', '306.07', 35, 8, 0, NULL, NULL, NULL, 1, 'count'),
(66, 297, 1, 'auto', '388.14', '295.25', 2, 8, 0, NULL, NULL, NULL, 1, 'count'),
(67, 300, 1, 'auto', '455.18', '245.93', 20, 0, 0, NULL, NULL, NULL, 1, 'count'),
(68, 298, 5, 'tele', '435.10', '316.80', NULL, NULL, NULL, '95.00', '5.00', '95.00', 0, 'percent');

-- --------------------------------------------------------

--
-- Table structure for table `postprocessdiscrepancies`
--

CREATE TABLE IF NOT EXISTS `postprocessdiscrepancies` (
  `id` int(11) NOT NULL AUTO_INCREMENT,
  `teamMatchID` int(11) NOT NULL,
  `eventType` varchar(255) NOT NULL,
  `orderID` int(11) NOT NULL,
  `mode` enum('auto','tele') NOT NULL,
  `time` enum('before','after') NOT NULL,
  `expected` int(11) NOT NULL,
  `relationship` enum('equal to','less than','greater than','not equal to') NOT NULL,
  `received` int(11) NOT NULL,
  `discrepancyType` varchar(255) NOT NULL,
  PRIMARY KEY (`id`)
) ENGINE=InnoDB  DEFAULT CHARSET=latin1 AUTO_INCREMENT=33 ;

--
-- Dumping data for table `postprocessdiscrepancies`
--

INSERT INTO `postprocessdiscrepancies` (`id`, `teamMatchID`, `eventType`, `orderID`, `mode`, `time`, `expected`, `relationship`, `received`, `discrepancyType`) VALUES
(1, 340, 'shoot', 1, 'tele', 'before', 80, 'less than', 118, 'Before > Capacity'),
(2, 340, 'shoot', 1, 'tele', 'before', 50, 'equal to', 80, 'Before != Capacity'),
(3, 3, 'shoot', 3, 'tele', 'before', 10, 'equal to', 26, 'Before != Expected'),
(4, 3, 'feedBall', 6, 'tele', 'after', 40, 'less than', 42, 'Feed > Capacity'),
(5, 11, 'shoot', 7, 'tele', 'before', 50, 'equal to', 10, 'Before != Expected'),
(6, 25, 'shoot', 2, 'auto', 'before', 0, 'equal to', 10, 'Before != Expected'),
(7, 37, 'shoot', 1, 'auto', 'before', 0, 'equal to', 40, 'Before != Expected'),
(8, 47, 'shoot', 1, 'auto', 'before', 0, 'equal to', 10, 'Before != Expected'),
(9, 66, 'shoot', 1, 'auto', 'before', 0, 'equal to', 45, 'Before != Expected'),
(10, 77, 'feedBall', 1, 'tele', 'after', 70, 'less than', 80, 'Feed > Capacity'),
(11, 77, 'shoot', 3, 'tele', 'before', 70, 'equal to', 30, 'Before != Expected'),
(12, 84, 'feedBall', 4, 'tele', 'after', 0, 'less than', 1, 'Feed > Capacity'),
(13, 90, 'shoot', 2, 'tele', 'before', 0, 'equal to', 15, 'Before != Expected'),
(14, 94, 'shoot', 6, 'tele', 'before', 25, 'equal to', 19, 'Before != Expected'),
(15, 107, 'shoot', 2, 'tele', 'before', 20, 'equal to', 14, 'Before != Expected'),
(16, 125, 'shoot', 1, 'auto', 'before', 0, 'equal to', 34, 'Before != Expected'),
(17, 125, 'shoot', 2, 'tele', 'before', 30, 'equal to', 15, 'Before != Expected'),
(18, 121, 'feedBall', 2, 'tele', 'after', 11, 'less than', 100, 'Feed > Capacity'),
(19, 132, 'shoot', 4, 'tele', 'before', 0, 'equal to', 2, 'Before != Expected'),
(20, 151, 'shoot', 1, 'auto', 'before', 0, 'equal to', 12, 'Before != Expected'),
(21, 164, 'shoot', 2, 'tele', 'before', 0, 'equal to', 10, 'Before != Expected'),
(22, 184, 'shoot', 2, 'auto', 'before', 0, 'equal to', 15, 'Before != Expected'),
(23, 188, 'shoot', 1, 'auto', 'before', 0, 'equal to', 10, 'Before != Expected'),
(24, 227, 'shoot', 1, 'auto', 'before', 0, 'equal to', 10, 'Before != Expected'),
(25, 232, 'shoot', 2, 'tele', 'before', 0, 'equal to', 10, 'Before != Expected'),
(26, 247, 'shoot', 2, 'tele', 'before', 0, 'equal to', 7, 'Before != Expected'),
(27, 270, 'shoot', 1, 'auto', 'before', 0, 'equal to', 20, 'Before != Expected'),
(28, 280, 'shoot', 1, 'auto', 'before', 50, 'less than', 77, 'Before > Capacity'),
(29, 280, 'shoot', 1, 'auto', 'before', 0, 'equal to', 50, 'Before != Expected'),
(30, 280, 'shoot', 2, 'tele', 'before', 0, 'equal to', 43, 'Before != Expected'),
(31, 291, 'feedBall', 1, 'tele', 'after', 30, 'less than', 100, 'Feed > Capacity'),
(32, 297, 'shoot', 1, 'auto', 'before', 0, 'equal to', 10, 'Before != Expected');

-- --------------------------------------------------------

--
-- Table structure for table `scouters`
--

CREATE TABLE IF NOT EXISTS `scouters` (
  `id` int(10) unsigned NOT NULL AUTO_INCREMENT,
  `name` varchar(255) DEFAULT NULL,
  PRIMARY KEY (`id`),
  UNIQUE KEY `scouters_name_unique` (`name`)
) ENGINE=InnoDB  DEFAULT CHARSET=latin1 AUTO_INCREMENT=47 ;

--
-- Dumping data for table `scouters`
--

INSERT INTO `scouters` (`id`, `name`) VALUES
(11, 'Alexandre G.'),
(30, 'Anna O.'),
(28, 'Anusha M.'),
(45, 'Asante W.'),
(32, 'Chloe P.'),
(4, 'Connor A.'),
(41, 'David S.'),
(20, 'Edward K.'),
(38, 'Elizabeth S.'),
(19, 'Ella K.'),
(6, 'Emi B.'),
(7, 'Evan C.'),
(3, 'Grant A.'),
(43, 'Ha T.'),
(10, 'Isaac F.'),
(23, 'Isandro M.'),
(29, 'Jan O.'),
(34, 'Jared R.'),
(22, 'Jasmine L.'),
(39, 'Jay S.'),
(21, 'Jeremy L.'),
(35, 'Josh S.'),
(12, 'Kyle G.'),
(9, 'Liam F.'),
(42, 'Magena T.'),
(14, 'Mayank H.'),
(37, 'Mikhail S.'),
(40, 'Nathalie S.'),
(5, 'Neha A.'),
(36, 'Nishant S.'),
(31, 'Nolan P.'),
(26, 'Omeed M.'),
(44, 'Philip W.'),
(27, 'Rahi M.'),
(33, 'Rima R.'),
(1, 'Romaisa A.'),
(25, 'Roman M.'),
(17, 'Sadie K.'),
(13, 'Sarah H.'),
(24, 'Sarah M.'),
(15, 'Shashank H.'),
(16, 'Shreya J.'),
(8, 'Solomia D.'),
(2, 'Tori A.'),
(18, 'Victoria K.'),
(46, 'Yichen Y.');

-- --------------------------------------------------------

--
-- Table structure for table `teammatches`
--

CREATE TABLE IF NOT EXISTS `teammatches` (
  `id` int(10) unsigned NOT NULL AUTO_INCREMENT,
  `matchID` int(10) unsigned NOT NULL,
  `side` enum('red','blue') NOT NULL,
  `position` int(10) unsigned NOT NULL,
  `teamNumber` int(10) unsigned NOT NULL,
  `deviceID` varchar(255) DEFAULT NULL,
  `collectionStarted` tinyint(1) NOT NULL DEFAULT '0',
  `collectionEnded` tinyint(1) NOT NULL DEFAULT '0',
  `scouterID` int(10) unsigned DEFAULT NULL,
  `postprocessed` tinyint(1) NOT NULL DEFAULT '0',
  `ready` tinyint(1) NOT NULL DEFAULT '0',
  PRIMARY KEY (`id`),
  UNIQUE KEY `teammatches_teamnumber_matchid_unique` (`teamNumber`,`matchID`),
  KEY `teammatches_matchid_foreign` (`matchID`),
  KEY `teammatches_scouterid_foreign` (`scouterID`),
  KEY `teammatches_deviceid_foreign` (`deviceID`)
) ENGINE=InnoDB  DEFAULT CHARSET=latin1 AUTO_INCREMENT=403 ;

--
-- Dumping data for table `teammatches`
--

INSERT INTO `teammatches` (`id`, `matchID`, `side`, `position`, `teamNumber`, `deviceID`, `collectionStarted`, `collectionEnded`, `scouterID`, `postprocessed`, `ready`) VALUES
(1, 1, 'red', 1, 2704, NULL, 0, 0, NULL, 0, 0),
(2, 1, 'red', 2, 4645, 'XvLpKS', 1, 1, 35, 1, 1),
(3, 1, 'red', 3, 3352, 'PPjFZw', 1, 1, 23, 1, 1),
(4, 1, 'blue', 1, 81, 'QJXE2l', 1, 1, 34, 1, 1),
(5, 1, 'blue', 2, 2338, 'PSl2Xk', 1, 1, 8, 1, 1),
(6, 1, 'blue', 3, 1756, 'ViYzSV', 1, 1, 42, 0, 0),
(7, 2, 'red', 1, 2709, 'PPjFZw', 1, 1, 23, 0, 0),
(8, 2, 'red', 2, 171, 'qoMTbl', 1, 1, 39, 1, 1),
(9, 2, 'red', 3, 3184, 'XvLpKS', 1, 1, 35, 1, 1),
(10, 2, 'blue', 1, 2039, 'QJXE2l', 1, 1, 34, 1, 1),
(11, 2, 'blue', 2, 4655, 'ViYzSV', 1, 1, 42, 1, 1),
(12, 2, 'blue', 3, 4500, 'PSl2Xk', 1, 1, 8, 1, 1),
(13, 3, 'red', 1, 2220, 'qoMTbl', 1, 1, 39, 1, 1),
(14, 3, 'red', 2, 5442, 'PSl2Xk', 1, 1, 8, 1, 1),
(15, 3, 'red', 3, 4156, 'XvLpKS', 1, 1, 35, 1, 1),
(16, 3, 'blue', 1, 4296, 'QJXE2l', 1, 1, 34, 1, 1),
(17, 3, 'blue', 2, 4787, 'ViYzSV', 1, 1, 42, 1, 1),
(18, 3, 'blue', 3, 706, 'PPjFZw', 1, 1, 11, 1, 1),
(19, 4, 'red', 1, 2826, 'PPjFZw', 1, 1, 23, 1, 1),
(20, 4, 'red', 2, 4212, 'ViYzSV', 1, 1, 42, 1, 1),
(21, 4, 'red', 3, 4096, 'QJXE2l', 1, 1, 34, 1, 1),
(22, 4, 'blue', 1, 3692, 'PSl2Xk', 1, 1, 8, 1, 1),
(23, 4, 'blue', 2, 4241, 'XvLpKS', 1, 1, 35, 1, 1),
(24, 4, 'blue', 3, 1625, 'qoMTbl', 1, 1, 39, 1, 1),
(25, 5, 'red', 1, 4143, 'qoMTbl', 1, 1, 39, 1, 1),
(26, 5, 'red', 2, 2169, 'XvLpKS', 1, 1, 35, 1, 1),
(27, 5, 'red', 3, 1736, 'PPjFZw', 1, 1, 29, 1, 1),
(28, 5, 'blue', 1, 2040, 'PSl2Xk', 1, 1, 8, 1, 1),
(29, 5, 'blue', 2, 1329, 'ViYzSV', 1, 1, 42, 1, 1),
(30, 5, 'blue', 3, 2022, 'QJXE2l', 1, 1, 18, 1, 1),
(31, 6, 'red', 1, 2081, 'PPjFZw', 1, 1, 23, 1, 1),
(32, 6, 'red', 2, 5847, 'qoMTbl', 1, 1, 39, 1, 1),
(33, 6, 'red', 3, 4213, 'XvLpKS', 1, 1, 35, 1, 1),
(34, 6, 'blue', 1, 4646, 'ViYzSV', 1, 1, 42, 1, 1),
(35, 6, 'blue', 2, 5822, 'QJXE2l', 1, 1, 28, 1, 1),
(36, 6, 'blue', 3, 3695, 'PSl2Xk', 1, 1, 8, 0, 0),
(37, 7, 'red', 1, 2481, 'PPjFZw', 1, 1, 23, 1, 1),
(38, 7, 'red', 2, 706, 'qoMTbl', 1, 1, 8, 1, 1),
(39, 7, 'red', 3, 111, 'XvLpKS', 1, 1, 35, 1, 1),
(40, 7, 'blue', 1, 2358, 'QJXE2l', 1, 1, 34, 1, 1),
(41, 7, 'blue', 2, 81, 'PSl2Xk', 1, 1, 18, 1, 1),
(42, 7, 'blue', 3, 6237, 'ViYzSV', 1, 1, 42, 1, 1),
(43, 8, 'red', 1, 2039, 'PPjFZw', 1, 1, 11, 1, 1),
(44, 8, 'red', 2, 1625, 'SDAeop', 1, 1, 32, 1, 1),
(45, 8, 'red', 3, 5442, 'XvLpKS', 1, 1, 35, 1, 1),
(46, 8, 'blue', 1, 4296, 'QJXE2l', 1, 1, 34, 1, 1),
(47, 8, 'blue', 2, 4143, 'qoMTbl', 1, 1, 8, 1, 1),
(48, 8, 'blue', 3, 3352, 'PSl2Xk', 1, 1, 18, 1, 1),
(49, 9, 'red', 1, 2704, 'SDAeop', 1, 1, 32, 1, 1),
(50, 9, 'red', 2, 1756, 'PPjFZw', 1, 1, 9, 0, 0),
(51, 9, 'red', 3, 3695, 'oN6MNQ', 1, 1, 18, 0, 0),
(52, 9, 'blue', 1, 3692, 'XvLpKS', 1, 1, 35, 1, 1),
(53, 9, 'blue', 2, 5822, 'QJXE2l', 1, 1, 34, 1, 1),
(54, 9, 'blue', 3, 2169, 'qoMTbl', 1, 1, 8, 1, 1),
(55, 10, 'red', 1, 4787, 'qoMTbl', 1, 1, 8, 1, 1),
(56, 10, 'red', 2, 3184, 'SDAeop', 1, 1, 32, 1, 1),
(57, 10, 'red', 3, 4655, 'PPjFZw', 1, 1, 11, 1, 1),
(58, 10, 'blue', 1, 111, 'QJXE2l', 1, 1, 34, 1, 1),
(59, 10, 'blue', 2, 4241, 'oN6MNQ', 1, 1, 18, 1, 1),
(60, 10, 'blue', 3, 2081, 'XvLpKS', 1, 1, 35, 1, 1),
(61, 11, 'red', 1, 2022, 'SDAeop', 1, 1, 32, 1, 1),
(62, 11, 'red', 2, 2338, 'qoMTbl', 1, 1, 39, 1, 1),
(63, 11, 'red', 3, 4500, 'PPjFZw', 1, 1, 11, 1, 1),
(64, 11, 'blue', 1, 4212, 'QJXE2l', 1, 1, 11, 1, 1),
(65, 11, 'blue', 2, 1329, 'oN6MNQ', 1, 1, 18, 1, 1),
(66, 11, 'blue', 3, 2481, 'XvLpKS', 1, 1, 35, 1, 1),
(67, 12, 'red', 1, 4096, 'SDAeop', 1, 1, 32, 1, 1),
(68, 12, 'red', 2, 4156, 'QJXE2l', 1, 1, 5, 1, 1),
(69, 12, 'red', 3, 6237, 'PPjFZw', 1, 1, 11, 1, 1),
(70, 12, 'blue', 1, 171, 'oN6MNQ', 1, 1, 18, 1, 1),
(71, 12, 'blue', 2, 4213, 'qoMTbl', 1, 1, 34, 1, 1),
(72, 12, 'blue', 3, 2040, 'XvLpKS', 1, 1, 35, 1, 1),
(73, 13, 'red', 1, 4645, 'PPjFZw', 1, 1, 11, 1, 1),
(74, 13, 'red', 2, 2220, 'qoMTbl', 1, 1, 8, 1, 1),
(75, 13, 'red', 3, 2358, 'QJXE2l', 1, 1, 5, 1, 1),
(76, 13, 'blue', 1, 5847, 'oN6MNQ', 1, 1, 18, 1, 1),
(77, 13, 'blue', 2, 2826, 'SDAeop', 1, 1, 42, 1, 1),
(78, 13, 'blue', 3, 4646, 'XvLpKS', 1, 1, 35, 1, 1),
(79, 14, 'red', 1, 1329, 'SDAeop', 1, 1, 42, 1, 1),
(80, 14, 'red', 2, 4296, 'PSl2Xk', 1, 1, 5, 1, 1),
(81, 14, 'red', 3, 1736, 'qoMTbl', 1, 1, 8, 1, 1),
(82, 14, 'blue', 1, 2709, 'PPjFZw', 1, 1, 11, 0, 0),
(83, 14, 'blue', 2, 111, 'XvLpKS', 1, 1, 35, 1, 1),
(84, 14, 'blue', 3, 4212, 'oN6MNQ', 1, 1, 18, 1, 1),
(85, 15, 'red', 1, 5822, 'PPjFZw', 1, 1, 11, 1, 1),
(86, 15, 'red', 2, 4096, 'oN6MNQ', 1, 1, 18, 1, 1),
(87, 15, 'red', 3, 706, 'PSl2Xk', 1, 1, 5, 1, 1),
(88, 15, 'blue', 1, 4500, 'SDAeop', 1, 1, 42, 1, 1),
(89, 15, 'blue', 2, 171, 'qoMTbl', 1, 1, 8, 1, 1),
(90, 15, 'blue', 3, 3352, 'XvLpKS', 1, 1, 35, 1, 1),
(91, 16, 'red', 1, 1756, 'qoMTbl', 1, 1, 11, 0, 0),
(92, 16, 'red', 2, 2481, 'PSl2Xk', 1, 1, 5, 1, 1),
(93, 16, 'red', 3, 2022, 'PPjFZw', 1, 1, 34, 1, 1),
(94, 16, 'blue', 1, 4655, 'XvLpKS', 1, 1, 35, 1, 1),
(95, 16, 'blue', 2, 5442, 'SDAeop', 1, 1, 42, 1, 1),
(96, 16, 'blue', 3, 2358, 'oN6MNQ', 1, 1, 18, 1, 1),
(97, 17, 'red', 1, 4646, 'PPjFZw', 1, 1, 9, 1, 1),
(98, 17, 'red', 2, 3184, 'PSl2Xk', 1, 1, 5, 1, 1),
(99, 17, 'red', 3, 1625, 'qoMTbl', 1, 1, 23, 1, 1),
(100, 17, 'blue', 1, 2338, 'SDAeop', 1, 1, 42, 1, 1),
(101, 17, 'blue', 2, 3695, 'XvLpKS', 1, 1, 35, 0, 0),
(102, 17, 'blue', 3, 5847, 'oN6MNQ', 1, 1, 41, 1, 1),
(103, 18, 'red', 1, 2039, 'PSl2Xk', 1, 1, 5, 1, 1),
(104, 18, 'red', 2, 2220, 'oN6MNQ', 1, 1, 41, 1, 1),
(105, 18, 'red', 3, 2169, 'PPjFZw', 1, 1, 9, 1, 1),
(106, 18, 'blue', 1, 2704, 'qoMTbl', 1, 1, 23, 1, 1),
(107, 18, 'blue', 2, 4213, 'SDAeop', 1, 1, 42, 1, 1),
(108, 18, 'blue', 3, 4241, 'XvLpKS', 1, 1, 35, 1, 1),
(109, 19, 'red', 1, 3692, 'PPjFZw', 1, 1, 11, 1, 1),
(110, 19, 'red', 2, 1736, 'PSl2Xk', 1, 1, 5, 1, 1),
(111, 19, 'red', 3, 2081, 'qoMTbl', 1, 1, 23, 1, 1),
(112, 19, 'blue', 1, 4143, 'XvLpKS', 1, 1, 35, 1, 1),
(113, 19, 'blue', 2, 4645, 'oN6MNQ', 1, 1, 41, 1, 1),
(114, 19, 'blue', 3, 6237, 'SDAeop', 1, 1, 42, 1, 1),
(115, 20, 'red', 1, 4156, 'PSl2Xk', 1, 1, 5, 1, 1),
(116, 20, 'red', 2, 4787, 'XvLpKS', 1, 1, 35, 1, 1),
(117, 20, 'red', 3, 2040, 'qoMTbl', 1, 1, 39, 1, 1),
(118, 20, 'blue', 1, 81, 'SDAeop', 1, 1, 42, 1, 1),
(119, 20, 'blue', 2, 2826, 'PPjFZw', 1, 1, 11, 1, 1),
(120, 20, 'blue', 3, 2709, 'oN6MNQ', 1, 1, 18, 0, 0),
(121, 21, 'red', 1, 5847, 'SDAeop', 1, 1, 5, 1, 1),
(122, 21, 'red', 2, 111, 'XvLpKS', 1, 1, 34, 1, 1),
(123, 21, 'red', 3, 2704, 'qoMTbl', 1, 1, 42, 1, 1),
(124, 21, 'blue', 1, 5442, 'PPjFZw', 1, 1, 35, 1, 1),
(125, 21, 'blue', 2, 2481, 'oN6MNQ', 1, 1, 18, 1, 1),
(126, 21, 'blue', 3, 4500, 'PSl2Xk', 1, 1, 8, 1, 1),
(127, 22, 'red', 1, 4645, 'SDAeop', 1, 1, 41, 1, 1),
(128, 22, 'red', 2, 4212, 'XvLpKS', 1, 1, 34, 1, 1),
(129, 22, 'red', 3, 5822, 'qoMTbl', 1, 1, 42, 1, 1),
(130, 22, 'blue', 1, 706, 'PSl2Xk', 1, 1, 8, 1, 1),
(131, 22, 'blue', 2, 2039, 'PPjFZw', 1, 1, 35, 1, 1),
(132, 22, 'blue', 3, 3352, 'oN6MNQ', 1, 1, 18, 1, 1),
(133, 23, 'red', 1, 1736, 'XvLpKS', 1, 1, 34, 1, 1),
(134, 23, 'red', 2, 171, 'PPjFZw', 1, 1, 35, 1, 1),
(135, 23, 'red', 3, 1625, 'SDAeop', 1, 1, 41, 1, 1),
(136, 23, 'blue', 1, 2220, 'qoMTbl', 1, 1, 42, 1, 1),
(137, 23, 'blue', 2, 2081, 'PSl2Xk', 1, 1, 8, 1, 1),
(138, 23, 'blue', 3, 4787, 'oN6MNQ', 1, 1, 18, 1, 1),
(139, 24, 'red', 1, 1756, 'qoMTbl', 1, 1, 39, 0, 0),
(140, 24, 'red', 2, 2358, 'XvLpKS', 1, 1, 42, 1, 1),
(141, 24, 'red', 3, 1329, 'SDAeop', 1, 1, 41, 1, 1),
(142, 24, 'blue', 1, 4296, 'PSl2Xk', 1, 1, 8, 1, 1),
(143, 24, 'blue', 2, 2040, 'PPjFZw', 1, 1, 35, 1, 1),
(144, 24, 'blue', 3, 3184, 'oN6MNQ', 1, 1, 18, 1, 1),
(145, 25, 'red', 1, 4655, 'PPjFZw', 1, 1, 35, 1, 1),
(146, 25, 'red', 2, 2338, 'qoMTbl', 1, 1, 42, 1, 1),
(147, 25, 'red', 3, 2826, 'SDAeop', 1, 1, 41, 1, 1),
(148, 25, 'blue', 1, 4213, 'PSl2Xk', 1, 1, 8, 1, 1),
(149, 25, 'blue', 2, 2169, 'XvLpKS', 1, 1, 34, 1, 1),
(150, 25, 'blue', 3, 81, 'oN6MNQ', 1, 1, 18, 1, 1),
(151, 26, 'red', 1, 4143, 'XvLpKS', 1, 1, 5, 1, 1),
(152, 26, 'red', 2, 2022, NULL, 0, 0, NULL, 0, 0),
(153, 26, 'red', 3, 4646, 'oN6MNQ', 1, 1, 18, 1, 1),
(154, 26, 'blue', 1, 3692, 'qoMTbl', 1, 1, 42, 1, 1),
(155, 26, 'blue', 2, 2709, 'PPjFZw', 1, 1, 35, 0, 0),
(156, 26, 'blue', 3, 4156, 'PSl2Xk', 1, 1, 8, 1, 1),
(157, 27, 'red', 1, 3695, 'PSl2Xk', 1, 1, 8, 0, 0),
(158, 27, 'red', 2, 6237, 'ViYzSV', 1, 1, 42, 1, 1),
(159, 27, 'red', 3, 5442, 'qoMTbl', 1, 1, 41, 1, 1),
(160, 27, 'blue', 1, 4096, 'XvLpKS', 1, 1, 5, 1, 1),
(161, 27, 'blue', 2, 4241, 'PPjFZw', 1, 1, 35, 1, 1),
(162, 27, 'blue', 3, 2039, 'oN6MNQ', 1, 1, 18, 1, 1),
(163, 28, 'red', 1, 111, 'PPjFZw', 1, 1, 35, 1, 1),
(164, 28, 'red', 2, 3352, 'ViYzSV', 1, 1, 42, 1, 1),
(165, 28, 'red', 3, 1756, 'XvLpKS', 1, 1, 5, 0, 0),
(166, 28, 'blue', 1, 5847, 'PSl2Xk', 1, 1, 8, 1, 1),
(167, 28, 'blue', 2, 171, 'qoMTbl', 1, 1, 41, 1, 1),
(168, 28, 'blue', 3, 2220, 'oN6MNQ', 1, 1, 18, 1, 1),
(169, 29, 'red', 1, 1625, 'PSl2Xk', 1, 1, 8, 1, 1),
(170, 29, 'red', 2, 2040, 'qoMTbl', 1, 1, 41, 1, 1),
(171, 29, 'red', 3, 706, 'ViYzSV', 1, 1, 42, 1, 1),
(172, 29, 'blue', 1, 4787, 'oN6MNQ', 1, 1, 18, 1, 1),
(173, 29, 'blue', 2, 2022, 'XvLpKS', 1, 1, 5, 1, 1),
(174, 29, 'blue', 3, 3692, 'PPjFZw', 1, 1, 35, 1, 1),
(175, 30, 'red', 1, 4296, 'XvLpKS', 1, 1, 5, 1, 1),
(176, 30, 'red', 2, 6237, 'ViYzSV', 1, 1, 42, 1, 1),
(177, 30, 'red', 3, 2709, 'qoMTbl', 1, 1, 41, 0, 0),
(178, 30, 'blue', 1, 4645, 'oN6MNQ', 1, 1, 18, 1, 1),
(179, 30, 'blue', 2, 2169, 'PPjFZw', 1, 1, 35, 1, 1),
(180, 30, 'blue', 3, 2338, 'PSl2Xk', 1, 1, 8, 1, 1),
(181, 31, 'red', 1, 4213, 'qoMTbl', 1, 1, 41, 1, 1),
(182, 31, 'red', 2, 4500, 'oN6MNQ', 1, 1, 18, 1, 1),
(183, 31, 'red', 3, 5822, 'PSl2Xk', 1, 1, 8, 1, 1),
(184, 31, 'blue', 1, 4143, 'ViYzSV', 1, 1, 42, 1, 1),
(185, 31, 'blue', 2, 2358, 'XvLpKS', 1, 1, 5, 1, 1),
(186, 31, 'blue', 3, 4241, 'PPjFZw', 1, 1, 35, 1, 1),
(187, 32, 'red', 1, 81, 'PPjFZw', 1, 1, 35, 1, 1),
(188, 32, 'red', 2, 2481, 'PSl2Xk', 1, 1, 8, 1, 1),
(189, 32, 'red', 3, 4655, 'ViYzSV', 1, 1, 42, 1, 1),
(190, 32, 'blue', 1, 1736, 'oN6MNQ', 1, 1, 18, 1, 1),
(191, 32, 'blue', 2, 4646, 'qoMTbl', 1, 1, 41, 1, 1),
(192, 32, 'blue', 3, 4096, 'XvLpKS', 1, 1, 5, 1, 1),
(193, 33, 'red', 1, 2081, 'qoMTbl', 1, 1, 41, 1, 1),
(194, 33, 'red', 2, 4212, 'oN6MNQ', 1, 1, 18, 1, 1),
(195, 33, 'red', 3, 3695, 'XvLpKS', 1, 1, 5, 0, 0),
(196, 33, 'blue', 1, 1329, 'PPjFZw', 1, 1, 35, 1, 1),
(197, 33, 'blue', 2, 4156, 'PSl2Xk', 1, 1, 8, 1, 1),
(198, 33, 'blue', 3, 2704, 'ViYzSV', 1, 1, 42, 1, 1),
(199, 34, 'red', 1, 3184, 'ViYzSV', 1, 1, 42, 1, 1),
(200, 34, 'red', 2, 4500, 'XvLpKS', 1, 1, 30, 1, 1),
(201, 34, 'red', 3, 6237, 'SDAeop', 1, 1, 8, 1, 1),
(202, 34, 'blue', 1, 2022, 'oN6MNQ', 1, 1, 18, 1, 1),
(203, 34, 'blue', 2, 4645, 'qoMTbl', 1, 1, 41, 1, 1),
(204, 34, 'blue', 3, 2826, 'PPjFZw', 1, 1, 35, 1, 1),
(205, 35, 'red', 1, 4646, 'QkRM4M', 1, 1, 30, 1, 1),
(206, 35, 'red', 2, 3692, 'ViYzSV', 1, 1, 42, 1, 1),
(207, 35, 'red', 3, 81, 'SDAeop', 1, 1, 8, 1, 1),
(208, 35, 'blue', 1, 171, 'PPjFZw', 1, 1, 35, 1, 1),
(209, 35, 'blue', 2, 5442, 'qoMTbl', 1, 1, 41, 1, 1),
(210, 35, 'blue', 3, 4296, 'oN6MNQ', 1, 1, 18, 1, 1),
(211, 36, 'red', 1, 2169, 'oN6MNQ', 1, 1, 18, 1, 1),
(212, 36, 'red', 2, 4655, 'QkRM4M', 1, 1, 30, 1, 1),
(213, 36, 'red', 3, 2704, 'SDAeop', 1, 1, 41, 1, 1),
(214, 36, 'blue', 1, 4212, 'qoMTbl', 1, 1, 29, 1, 1),
(215, 36, 'blue', 2, 1625, 'PPjFZw', 1, 1, 35, 1, 1),
(216, 36, 'blue', 3, 2358, 'ViYzSV', 1, 1, 42, 1, 1),
(217, 37, 'red', 1, 2709, 'ViYzSV', 1, 1, 42, 0, 0),
(218, 37, 'red', 2, 4096, 'QkRM4M', 1, 1, 30, 1, 1),
(219, 37, 'red', 3, 2040, 'PPjFZw', 1, 1, 35, 1, 1),
(220, 37, 'blue', 1, 5822, 'qoMTbl', 1, 1, 34, 1, 1),
(221, 37, 'blue', 2, 5847, 'SDAeop', 1, 1, 8, 1, 1),
(222, 37, 'blue', 3, 1756, 'oN6MNQ', 1, 1, 18, 0, 0),
(223, 38, 'red', 1, 1329, 'PPjFZw', 1, 1, 35, 1, 1),
(224, 38, 'red', 2, 3184, 'qoMTbl', 1, 1, 39, 1, 1),
(225, 38, 'red', 3, 3695, 'SDAeop', 1, 1, 8, 0, 0),
(226, 38, 'blue', 1, 2220, 'ViYzSV', 1, 1, 42, 1, 1),
(227, 38, 'blue', 2, 4143, 'oN6MNQ', 1, 1, 18, 1, 1),
(228, 38, 'blue', 3, 706, 'QkRM4M', 1, 1, 30, 1, 1),
(229, 39, 'red', 1, 2481, 'QkRM4M', 1, 1, 30, 1, 1),
(230, 39, 'red', 2, 2826, 'ViYzSV', 1, 1, 42, 1, 1),
(231, 39, 'red', 3, 4241, 'qoMTbl', 1, 1, 39, 1, 1),
(232, 39, 'blue', 1, 3352, 'oN6MNQ', 1, 1, 18, 1, 1),
(233, 39, 'blue', 2, 2081, 'SDAeop', 1, 1, 8, 1, 1),
(234, 39, 'blue', 3, 4156, 'PPjFZw', 1, 1, 35, 1, 1),
(235, 40, 'red', 1, 2039, 'qoMTbl', 1, 1, 39, 1, 1),
(236, 40, 'red', 2, 2338, 'SDAeop', 1, 1, 14, 1, 1),
(237, 40, 'red', 3, 4213, 'oN6MNQ', 1, 1, 18, 1, 1),
(238, 40, 'blue', 1, 4787, 'QkRM4M', 1, 1, 30, 1, 1),
(239, 40, 'blue', 2, 1736, 'PPjFZw', 1, 1, 35, 1, 1),
(240, 40, 'blue', 3, 111, 'ViYzSV', 1, 1, 42, 1, 1),
(241, 41, 'red', 1, 4655, 'SDAeop', 1, 1, 15, 1, 1),
(242, 41, 'red', 2, 2022, 'ViYzSV', 1, 1, 42, 1, 1),
(243, 41, 'red', 3, 2709, 'PPjFZw', 1, 1, 14, 0, 0),
(244, 41, 'blue', 1, 3184, 'qoMTbl', 1, 1, 39, 1, 1),
(245, 41, 'blue', 2, 2704, 'QkRM4M', 1, 1, 41, 1, 1),
(246, 41, 'blue', 3, 5822, 'oN6MNQ', 1, 1, 18, 1, 1),
(247, 42, 'red', 1, 1329, 'PPjFZw', 1, 1, 14, 1, 1),
(248, 42, 'red', 2, 171, 'ViYzSV', 1, 1, 28, 1, 1),
(249, 42, 'red', 3, 4241, 'SDAeop', 1, 1, 15, 1, 1),
(250, 42, 'blue', 1, 1625, 'qoMTbl', 1, 1, 2, 1, 1),
(251, 42, 'blue', 2, 81, 'QkRM4M', 1, 1, 41, 1, 1),
(252, 42, 'blue', 3, 4645, 'oN6MNQ', 1, 1, 18, 1, 1),
(253, 43, 'red', 1, 4646, 'QkRM4M', 1, 1, 41, 1, 1),
(254, 43, 'red', 2, 706, 'ViYzSV', 1, 1, 28, 1, 1),
(255, 43, 'red', 3, 4156, 'SDAeop', 1, 1, 15, 1, 1),
(256, 43, 'blue', 1, 2169, 'XvLpKS', 1, 1, 14, 1, 1),
(257, 43, 'blue', 2, 4096, 'qoMTbl', 1, 1, 2, 1, 1),
(258, 43, 'blue', 3, 111, 'oN6MNQ', 1, 1, 18, 1, 1),
(259, 44, 'red', 1, 2358, 'XvLpKS', 1, 1, 39, 1, 1),
(260, 44, 'red', 2, 2081, 'QkRM4M', 1, 1, 41, 1, 1),
(261, 44, 'red', 3, 4500, 'qoMTbl', 1, 1, 2, 1, 1),
(262, 44, 'blue', 1, 2338, 'SDAeop', 1, 1, 15, 1, 1),
(263, 44, 'blue', 2, 2220, 'oN6MNQ', 1, 1, 18, 1, 1),
(264, 44, 'blue', 3, 3692, 'ViYzSV', 1, 1, 28, 1, 1),
(265, 45, 'red', 1, 4212, 'qoMTbl', 1, 1, 2, 1, 1),
(266, 45, 'red', 2, 4296, NULL, 0, 0, NULL, 0, 0),
(267, 45, 'red', 3, 2039, 'ViYzSV', 1, 1, 28, 1, 1),
(268, 45, 'blue', 1, 2826, 'SDAeop', 1, 1, 34, 1, 1),
(269, 45, 'blue', 2, 1756, 'XvLpKS', 1, 1, 39, 0, 0),
(270, 45, 'blue', 3, 4143, 'oN6MNQ', 1, 1, 18, 1, 1),
(271, 46, 'red', 1, 5847, 'QkRM4M', 1, 1, 5, 1, 1),
(272, 46, 'red', 2, 6237, 'XvLpKS', 1, 1, 39, 1, 1),
(273, 46, 'red', 3, 2040, 'qoMTbl', 1, 1, 42, 1, 1),
(274, 46, 'blue', 1, 5442, 'ViYzSV', 1, 0, 28, 0, 0),
(275, 46, 'blue', 2, 4787, 'oN6MNQ', 1, 1, 18, 1, 1),
(276, 46, 'blue', 3, 4213, 'SDAeop', 1, 1, 34, 1, 1),
(277, 47, 'red', 1, 3695, 'm5zUDt', 1, 1, 28, 0, 0),
(278, 47, 'red', 2, 3352, 'fN08Ew', 1, 1, 5, 1, 1),
(279, 47, 'red', 3, 2169, 'XvLpKS', 1, 1, 41, 1, 1),
(280, 47, 'blue', 1, 2481, 'qoMTbl', 1, 1, 42, 1, 1),
(281, 47, 'blue', 2, 1736, 'SDAeop', 1, 1, 34, 1, 1),
(282, 47, 'blue', 3, 3184, NULL, 0, 0, NULL, 0, 0),
(283, 48, 'red', 1, 5822, 'm5zUDt', 1, 1, 9, 1, 1),
(284, 48, 'red', 2, 4156, 'oN6MNQ', 1, 1, 39, 1, 1),
(285, 48, 'red', 3, 4241, 'qoMTbl', 1, 1, 42, 1, 1),
(286, 48, 'blue', 1, 2338, 'SDAeop', 1, 1, 34, 1, 1),
(287, 48, 'blue', 2, 111, 'XvLpKS', 1, 1, 41, 1, 1),
(288, 48, 'blue', 3, 1625, 'fN08Ew', 1, 1, 5, 1, 1),
(289, 49, 'red', 1, 81, 'm5zUDt', 1, 1, 9, 1, 1),
(290, 49, 'red', 2, 5847, 'oN6MNQ', 1, 1, 39, 1, 1),
(291, 49, 'red', 3, 2022, 'XvLpKS', 1, 1, 41, 1, 1),
(292, 49, 'blue', 1, 2081, 'SDAeop', 1, 1, 34, 1, 1),
(293, 49, 'blue', 2, 2039, 'qoMTbl', 1, 1, 42, 1, 1),
(294, 49, 'blue', 3, 171, 'fN08Ew', 1, 1, 5, 1, 1),
(295, 50, 'red', 1, 2040, 'm5zUDt', 1, 1, 28, 1, 1),
(296, 50, 'red', 2, 3692, 'XvLpKS', 1, 1, 41, 1, 1),
(297, 50, 'red', 3, 4143, 'oN6MNQ', 1, 1, 39, 1, 1),
(298, 50, 'blue', 1, 4655, 'qoMTbl', 1, 1, 42, 1, 1),
(299, 50, 'blue', 2, 3352, 'fN08Ew', 1, 1, 5, 1, 1),
(300, 50, 'blue', 3, 2220, 'SDAeop', 1, 1, 18, 1, 1),
(301, 51, 'red', 1, 4787, NULL, 0, 0, NULL, 0, 0),
(302, 51, 'red', 2, 2709, NULL, 0, 0, NULL, 0, 0),
(303, 51, 'red', 3, 4645, NULL, 0, 0, NULL, 0, 0),
(304, 51, 'blue', 1, 2358, NULL, 0, 0, NULL, 0, 0),
(305, 51, 'blue', 2, 3695, NULL, 0, 0, NULL, 0, 0),
(306, 51, 'blue', 3, 4096, NULL, 0, 0, NULL, 0, 0),
(307, 52, 'red', 1, 6237, NULL, 0, 0, NULL, 0, 0),
(308, 52, 'red', 2, 4213, NULL, 0, 0, NULL, 0, 0),
(309, 52, 'red', 3, 2481, NULL, 0, 0, NULL, 0, 0),
(310, 52, 'blue', 1, 4212, NULL, 0, 0, NULL, 0, 0),
(311, 52, 'blue', 2, 1756, NULL, 0, 0, NULL, 0, 0),
(312, 52, 'blue', 3, 706, NULL, 0, 0, NULL, 0, 0),
(313, 53, 'red', 1, 1329, NULL, 0, 0, NULL, 0, 0),
(314, 53, 'red', 2, 4500, NULL, 0, 0, NULL, 0, 0),
(315, 53, 'red', 3, 2826, NULL, 0, 0, NULL, 0, 0),
(316, 53, 'blue', 1, 2704, NULL, 0, 0, NULL, 0, 0),
(317, 53, 'blue', 2, 4646, NULL, 0, 0, NULL, 0, 0),
(318, 53, 'blue', 3, 5442, NULL, 0, 0, NULL, 0, 0),
(319, 54, 'red', 1, 4296, NULL, 0, 0, NULL, 0, 0),
(320, 54, 'red', 2, 2358, NULL, 0, 0, NULL, 0, 0),
(321, 54, 'red', 3, 4156, NULL, 0, 0, NULL, 0, 0),
(322, 54, 'blue', 1, 1736, NULL, 0, 0, NULL, 0, 0),
(323, 54, 'blue', 2, 5847, NULL, 0, 0, NULL, 0, 0),
(324, 54, 'blue', 3, 4655, NULL, 0, 0, NULL, 0, 0),
(325, 55, 'red', 1, 3692, NULL, 0, 0, NULL, 0, 0),
(326, 55, 'red', 2, 4213, NULL, 0, 0, NULL, 0, 0),
(327, 55, 'red', 3, 4645, NULL, 0, 0, NULL, 0, 0),
(328, 55, 'blue', 1, 2481, NULL, 0, 0, NULL, 0, 0),
(329, 55, 'blue', 2, 2709, NULL, 0, 0, NULL, 0, 0),
(330, 55, 'blue', 3, 1625, NULL, 0, 0, NULL, 0, 0),
(331, 56, 'red', 1, 2338, NULL, 0, 0, NULL, 0, 0),
(332, 56, 'red', 2, 706, NULL, 0, 0, NULL, 0, 0),
(333, 56, 'red', 3, 2081, NULL, 0, 0, NULL, 0, 0),
(334, 56, 'blue', 1, 2039, NULL, 0, 0, NULL, 0, 0),
(335, 56, 'blue', 2, 2704, NULL, 0, 0, NULL, 0, 0),
(336, 56, 'blue', 3, 2040, NULL, 0, 0, NULL, 0, 0),
(337, 57, 'red', 1, 1736, NULL, 0, 0, NULL, 0, 0),
(338, 57, 'red', 2, 3695, NULL, 0, 0, NULL, 0, 0),
(339, 57, 'red', 3, 4241, NULL, 0, 0, NULL, 0, 0),
(340, 57, 'blue', 1, 1756, NULL, 0, 0, NULL, 0, 0),
(341, 57, 'blue', 2, 4296, NULL, 0, 0, NULL, 0, 0),
(342, 57, 'blue', 3, 4500, NULL, 0, 0, NULL, 0, 0),
(343, 58, 'red', 1, 5822, NULL, 0, 0, NULL, 0, 0),
(344, 58, 'red', 2, 4787, NULL, 0, 0, NULL, 0, 0),
(345, 58, 'red', 3, 3352, NULL, 0, 0, NULL, 0, 0),
(346, 58, 'blue', 1, 1329, NULL, 0, 0, NULL, 0, 0),
(347, 58, 'blue', 2, 4646, NULL, 0, 0, NULL, 0, 0),
(348, 58, 'blue', 3, 6237, NULL, 0, 0, NULL, 0, 0),
(349, 59, 'red', 1, 2220, NULL, 0, 0, NULL, 0, 0),
(350, 59, 'red', 2, 81, NULL, 0, 0, NULL, 0, 0),
(351, 59, 'red', 3, 4096, NULL, 0, 0, NULL, 0, 0),
(352, 59, 'blue', 1, 4212, NULL, 0, 0, NULL, 0, 0),
(353, 59, 'blue', 2, 3184, NULL, 0, 0, NULL, 0, 0),
(354, 59, 'blue', 3, 2022, NULL, 0, 0, NULL, 0, 0),
(355, 60, 'red', 1, 5442, NULL, 0, 0, NULL, 0, 0),
(356, 60, 'red', 2, 4143, NULL, 0, 0, NULL, 0, 0),
(357, 60, 'red', 3, 111, NULL, 0, 0, NULL, 0, 0),
(358, 60, 'blue', 1, 171, NULL, 0, 0, NULL, 0, 0),
(359, 60, 'blue', 2, 2169, NULL, 0, 0, NULL, 0, 0),
(360, 60, 'blue', 3, 2826, NULL, 0, 0, NULL, 0, 0),
(361, 61, 'red', 1, 706, NULL, 0, 0, NULL, 0, 0),
(362, 61, 'red', 2, 1329, NULL, 0, 0, NULL, 0, 0),
(363, 61, 'red', 3, 5847, NULL, 0, 0, NULL, 0, 0),
(364, 61, 'blue', 1, 6237, NULL, 0, 0, NULL, 0, 0),
(365, 61, 'blue', 2, 4655, NULL, 0, 0, NULL, 0, 0),
(366, 61, 'blue', 3, 4241, NULL, 0, 0, NULL, 0, 0),
(367, 62, 'red', 1, 4213, NULL, 0, 0, NULL, 0, 0),
(368, 62, 'red', 2, 3352, NULL, 0, 0, NULL, 0, 0),
(369, 62, 'red', 3, 2709, NULL, 0, 0, NULL, 0, 0),
(370, 62, 'blue', 1, 2022, NULL, 0, 0, NULL, 0, 0),
(371, 62, 'blue', 2, 2081, NULL, 0, 0, NULL, 0, 0),
(372, 62, 'blue', 3, 4296, NULL, 0, 0, NULL, 0, 0),
(373, 63, 'red', 1, 5442, NULL, 0, 0, NULL, 0, 0),
(374, 63, 'red', 2, 3692, NULL, 0, 0, NULL, 0, 0),
(375, 63, 'red', 3, 3184, NULL, 0, 0, NULL, 0, 0),
(376, 63, 'blue', 1, 2220, NULL, 0, 0, NULL, 0, 0),
(377, 63, 'blue', 2, 5822, NULL, 0, 0, NULL, 0, 0),
(378, 63, 'blue', 3, 1736, NULL, 0, 0, NULL, 0, 0),
(379, 64, 'red', 1, 171, NULL, 0, 0, NULL, 0, 0),
(380, 64, 'red', 2, 4143, NULL, 0, 0, NULL, 0, 0),
(381, 64, 'red', 3, 4096, NULL, 0, 0, NULL, 0, 0),
(382, 64, 'blue', 1, 2481, NULL, 0, 0, NULL, 0, 0),
(383, 64, 'blue', 2, 2704, NULL, 0, 0, NULL, 0, 0),
(384, 64, 'blue', 3, 2338, NULL, 0, 0, NULL, 0, 0),
(385, 65, 'red', 1, 2169, NULL, 0, 0, NULL, 0, 0),
(386, 65, 'red', 2, 1625, NULL, 0, 0, NULL, 0, 0),
(387, 65, 'red', 3, 1756, NULL, 0, 0, NULL, 0, 0),
(388, 65, 'blue', 1, 4787, NULL, 0, 0, NULL, 0, 0),
(389, 65, 'blue', 2, 4500, NULL, 0, 0, NULL, 0, 0),
(390, 65, 'blue', 3, 81, NULL, 0, 0, NULL, 0, 0),
(391, 66, 'red', 1, 4645, NULL, 0, 0, NULL, 0, 0),
(392, 66, 'red', 2, 2039, NULL, 0, 0, NULL, 0, 0),
(393, 66, 'red', 3, 111, NULL, 0, 0, NULL, 0, 0),
(394, 66, 'blue', 1, 4646, NULL, 0, 0, NULL, 0, 0),
(395, 66, 'blue', 2, 2040, NULL, 0, 0, NULL, 0, 0),
(396, 66, 'blue', 3, 4212, NULL, 0, 0, NULL, 0, 0),
(397, 67, 'red', 1, 2358, NULL, 0, 0, NULL, 0, 0),
(398, 67, 'red', 2, 2826, NULL, 0, 0, NULL, 0, 0),
(399, 67, 'red', 3, 5822, NULL, 0, 0, NULL, 0, 0),
(400, 67, 'blue', 1, 3695, NULL, 0, 0, NULL, 0, 0),
(401, 67, 'blue', 2, 4156, NULL, 0, 0, NULL, 0, 0),
(402, 67, 'blue', 3, 171, NULL, 0, 0, NULL, 0, 0);

-- --------------------------------------------------------

--
-- Table structure for table `teampit`
--

CREATE TABLE IF NOT EXISTS `teampit` (
  `teamNumber` int(10) unsigned NOT NULL DEFAULT '0',
  `climbs` tinyint(1) NOT NULL,
  `gears` tinyint(1) NOT NULL,
  `lowShoots` tinyint(1) NOT NULL,
  `highShoots` tinyint(1) NOT NULL,
  `groundFeedsBalls` tinyint(1) NOT NULL,
  `hoppers` tinyint(1) NOT NULL,
  `loadingLanesBalls` tinyint(1) NOT NULL,
  `groundFeedsGears` tinyint(1) NOT NULL,
  `loadingLanesGears` tinyint(1) NOT NULL,
  `ballCapacity` int(11) DEFAULT NULL,
  `abilityToAddClimber` tinyint(1) DEFAULT NULL,
  `cameraFeeds` tinyint(4) NOT NULL,
  `visionTracking` tinyint(4) NOT NULL,
  PRIMARY KEY (`teamNumber`)
) ENGINE=InnoDB DEFAULT CHARSET=latin1;

--
-- Dumping data for table `teampit`
--

INSERT INTO `teampit` (`teamNumber`, `climbs`, `gears`, `lowShoots`, `highShoots`, `groundFeedsBalls`, `hoppers`, `loadingLanesBalls`, `groundFeedsGears`, `loadingLanesGears`, `ballCapacity`, `abilityToAddClimber`, `cameraFeeds`, `visionTracking`) VALUES
(81, 0, 1, 0, 1, 1, 1, 0, 0, 1, 20, NULL, 0, 0),
(111, 1, 1, 0, 1, 1, 0, 0, 0, 1, 95, NULL, 1, 1),
(171, 1, 1, 0, 1, 1, 1, 1, 0, 1, 40, NULL, 0, 0),
(706, 1, 1, 0, 1, 1, 0, 0, 1, 1, 50, NULL, 1, 1),
(1329, 1, 1, 0, 1, 0, 1, 0, 0, 1, 35, NULL, 1, 1),
(1625, 1, 1, 1, 0, 1, 1, 1, 0, 1, 100, NULL, 0, 0),
(1736, 1, 1, 0, 1, 1, 1, 1, 1, 1, 55, NULL, 1, 1),
(1756, 1, 1, 0, 1, 1, 1, 1, 0, 1, NULL, NULL, 1, 1),
(2022, 1, 1, 0, 1, 0, 1, 1, 0, 1, 30, NULL, 1, 1),
(2039, 1, 1, 1, 0, 1, 1, 1, 0, 1, 40, NULL, 1, 0),
(2040, 1, 1, 0, 1, 0, 1, 1, 0, 1, 24, NULL, 1, 1),
(2081, 1, 1, 0, 1, 1, 1, 1, 0, 1, 40, NULL, 1, 1),
(2169, 1, 1, 0, 0, 0, 0, 0, 1, 1, 0, NULL, 1, 1),
(2220, 1, 1, 0, 1, 1, 1, 1, 0, 1, 80, NULL, 1, 1),
(2338, 1, 1, 0, 1, 1, 1, 1, 0, 1, 70, NULL, 1, 1),
(2358, 1, 1, 0, 1, 1, 0, 0, 0, 1, 33, NULL, 1, 1),
(2481, 1, 1, 0, 1, 0, 1, 1, 0, 1, 50, NULL, 1, 0),
(2704, 1, 1, 0, 0, 0, 0, 0, 0, 1, 0, NULL, 1, 1),
(2709, 1, 1, 0, 1, 1, 1, 1, 0, 1, NULL, NULL, 1, 1),
(2826, 1, 1, 0, 1, 1, 1, 1, 0, 1, 70, NULL, 1, 0),
(3184, 1, 1, 0, 1, 1, 0, 0, 1, 1, 40, NULL, 0, 0),
(3352, 1, 1, 0, 1, 0, 1, 1, 0, 1, 40, NULL, 1, 0),
(3692, 1, 1, 0, 1, 1, 1, 1, 0, 1, 30, NULL, 1, 0),
(3695, 1, 1, 0, 1, 0, 1, 1, 0, 1, NULL, NULL, 1, 1),
(4096, 1, 1, 0, 1, 1, 1, 1, 0, 1, 60, NULL, 1, 1),
(4143, 1, 1, 0, 1, 0, 1, 1, 0, 1, 86, NULL, 0, 1),
(4156, 1, 1, 0, 1, 1, 1, 1, 0, 1, 45, NULL, 1, 0),
(4212, 1, 1, 0, 0, 0, 0, 0, 1, 1, 0, NULL, 0, 0),
(4213, 1, 1, 0, 1, 1, 1, 1, 0, 1, 55, NULL, 1, 1),
(4241, 1, 1, 0, 1, 1, 0, 0, 1, 0, 12, NULL, 1, 1),
(4296, 1, 1, 0, 1, 1, 1, 0, 0, 1, 50, NULL, 1, 1),
(4500, 1, 1, 0, 1, 1, 1, 1, 1, 1, 50, NULL, 1, 0),
(4645, 1, 1, 0, 1, 1, 0, 0, 0, 1, 15, NULL, 1, 0),
(4646, 1, 1, 0, 1, 1, 1, 1, 0, 1, 25, NULL, 1, 1),
(4655, 1, 1, 1, 0, 1, 1, 1, 0, 1, 80, NULL, 1, 0),
(4787, 1, 1, 0, 0, 0, 0, 0, 0, 1, 0, NULL, 1, 0),
(5442, 1, 1, 1, 0, 1, 1, 1, 0, 1, 65, NULL, 1, 0),
(5822, 1, 1, 0, 1, 1, 0, 0, 0, 1, 10, NULL, 1, 1),
(5847, 1, 1, 1, 0, 0, 1, 1, 0, 1, 11, NULL, 1, 0),
(6237, 1, 1, 1, 1, 1, 1, 1, 0, 1, 60, NULL, 1, 0);

-- --------------------------------------------------------

--
-- Table structure for table `teampitdrivetrains`
--

CREATE TABLE IF NOT EXISTS `teampitdrivetrains` (
  `teamNumber` int(10) unsigned NOT NULL DEFAULT '0',
  `type` varchar(255) NOT NULL,
  PRIMARY KEY (`teamNumber`)
) ENGINE=InnoDB DEFAULT CHARSET=latin1;

--
-- Dumping data for table `teampitdrivetrains`
--

INSERT INTO `teampitdrivetrains` (`teamNumber`, `type`) VALUES
(81, '2 wheel driven tank'),
(111, '6 wheel west coast'),
(171, '2 CIM tank w/ colsons'),
(706, '6 wheel tank'),
(1329, '2 speed west coast'),
(1625, '2x2 traction in back, omnis in front'),
(1736, 'mecanum'),
(1756, '6 wheel drop center'),
(2022, '6 wheel drop tank'),
(2039, 'mecanum'),
(2040, '8 in mecanum'),
(2081, 'swerve'),
(2169, '6 wheel drop center west coast'),
(2220, 'tank w/shifters'),
(2338, 'butterfly'),
(2358, 'swerve'),
(2481, 'swerve'),
(2704, '4 wheel holonomic'),
(2709, '6 wheel tank'),
(2826, 'H Drive'),
(3184, 'drop center tank'),
(3352, 'mecanum'),
(3692, 'mecanum'),
(3695, 'Slide Train, 2 CIM'),
(4096, 'tank / H Drive Omni'),
(4143, 'swerve'),
(4156, '4 wheel tank'),
(4212, 'tank'),
(4213, '4 wheel omni tank'),
(4241, '4 wheel tank'),
(4296, 'mecanum'),
(4500, 'H drive omni'),
(4645, 'swerve'),
(4646, '8 in tank'),
(4655, 'mecanum'),
(4787, '6 wheel tank'),
(5442, '6 wheel tank'),
(5822, '6 wheel tank'),
(5847, '6 wheel tank'),
(6237, 'square (tank)');

-- --------------------------------------------------------

--
-- Table structure for table `teams`
--

CREATE TABLE IF NOT EXISTS `teams` (
  `teamNumber` int(10) unsigned NOT NULL,
  `name` varchar(255) NOT NULL,
  PRIMARY KEY (`teamNumber`)
) ENGINE=InnoDB DEFAULT CHARSET=latin1;

--
-- Dumping data for table `teams`
--

INSERT INTO `teams` (`teamNumber`, `name`) VALUES
(16, 'Bomb Squad'),
(81, 'MetalHeads'),
(101, 'Striker'),
(111, 'WildStang'),
(144, 'The R.O.C.K'),
(171, 'Cheese Curd Herd'),
(383, 'Brazilian Machine'),
(706, 'Cyberhawks'),
(1288, 'RAVEN Robotics'),
(1329, 'ROBOREBELS'),
(1511, 'Rolling Thunder'),
(1592, 'Bionic Tigers'),
(1625, 'Winnovation'),
(1723, 'The FBI - FIRST Bots of Independence'),
(1736, 'Robot Casserole'),
(1739, 'Chicago Knights'),
(1756, 'Argos'),
(1781, 'Electric Eagles'),
(1939, 'THE KUHNIGITS'),
(1986, 'Team Titanium'),
(2022, 'Titan Robotics'),
(2039, 'Rockford Robotics Incorp'),
(2040, 'DERT - Dunlap Eagles Robotics Team'),
(2081, 'Icarus'),
(2136, 'Impossible Mission Force'),
(2151, 'Monty Pythons'),
(2169, 'KING TeC'),
(2220, 'Blue Twilight'),
(2338, 'Gear It Forward'),
(2358, 'Bearbotics'),
(2451, 'PWNAGE'),
(2481, 'Roboteers'),
(2526, 'Crimson Robotics'),
(2704, 'Roaring Robotics'),
(2709, 'Iron Wolves'),
(2725, 'Ice Princesses'),
(2781, 'RoboPRIDE'),
(2826, 'Wave Robotics'),
(3061, 'Huskie Robotics'),
(3067, 'Robovikes'),
(3110, 'SeaBots'),
(3138, 'Innovators Robotics'),
(3184, 'Blaze Robotics'),
(3352, 'Flaming Monkeys 4-H Robotics Club'),
(3488, 'RoboEAGLES'),
(3620, 'Average Joes'),
(3692, 'Rock N'' Robotics'),
(3695, 'Foximus Prime'),
(3734, 'Caxys'),
(4096, 'Ctrl-Z'),
(4143, 'MARS/ WARS'),
(4156, 'Ninjaneers'),
(4212, 'Techno Ferrets'),
(4213, 'MetalCow Robotics'),
(4241, 'Joliet Cyborgs'),
(4284, 'ScotBot4284'),
(4292, 'PorterBots'),
(4296, 'Trident Robotics'),
(4500, 'RoboHounds'),
(4524, 'The Memphis MechWarriors'),
(4645, 'X-Machina'),
(4646, 'Team ASAP'),
(4655, 'Stateline Robotics'),
(4787, 'Axiom'),
(4979, 'DevilStorm Robotics'),
(5125, 'Hawks on the Horizon'),
(5350, 'Hope Robotics'),
(5442, 'Mechanical Monarchy'),
(5484, 'Career Academy Robotics - Memento Vitam'),
(5811, 'BONDS'),
(5822, 'WolfByte'),
(5847, 'Ironclad'),
(5934, 'Crowbotics'),
(6237, 'Martin Motion'),
(6651, 'Golden Bots');

--
-- Constraints for dumped tables
--

--
-- Constraints for table `matchautos`
--
ALTER TABLE `matchautos`
  ADD CONSTRAINT `matchautos_teammatchid_foreign` FOREIGN KEY (`teamMatchID`) REFERENCES `teammatches` (`id`);

--
-- Constraints for table `matchballfeeds`
--
ALTER TABLE `matchballfeeds`
  ADD CONSTRAINT `matchballfeeds_teammatchid_foreign` FOREIGN KEY (`teamMatchID`) REFERENCES `teammatches` (`id`);

--
-- Constraints for table `matchballfeeds_preprocess`
--
ALTER TABLE `matchballfeeds_preprocess`
  ADD CONSTRAINT `matchballfeeds_preprocess_teammatchid_foreign` FOREIGN KEY (`teamMatchID`) REFERENCES `teammatches` (`id`);

--
-- Constraints for table `matchclimbs`
--
ALTER TABLE `matchclimbs`
  ADD CONSTRAINT `matchclimbs_teammatchid_foreign` FOREIGN KEY (`teamMatchID`) REFERENCES `teammatches` (`id`);

--
-- Constraints for table `matches`
--
ALTER TABLE `matches`
  ADD CONSTRAINT `matches_compid_foreign` FOREIGN KEY (`compID`) REFERENCES `competitions` (`id`);

--
-- Constraints for table `matchgearfeeds`
--
ALTER TABLE `matchgearfeeds`
  ADD CONSTRAINT `matchgearfeeds_teammatchid_foreign` FOREIGN KEY (`teamMatchID`) REFERENCES `teammatches` (`id`);

--
-- Constraints for table `matchgears`
--
ALTER TABLE `matchgears`
  ADD CONSTRAINT `matchgears_teammatchid_foreign` FOREIGN KEY (`teamMatchID`) REFERENCES `teammatches` (`id`);

--
-- Constraints for table `matchratings`
--
ALTER TABLE `matchratings`
  ADD CONSTRAINT `matchratings_teammatchid_foreign` FOREIGN KEY (`teamMatchID`) REFERENCES `teammatches` (`id`);

--
-- Constraints for table `matchshoots`
--
ALTER TABLE `matchshoots`
  ADD CONSTRAINT `matchshoots_teammatchid_foreign` FOREIGN KEY (`teamMatchID`) REFERENCES `teammatches` (`id`);

--
-- Constraints for table `matchshoots_preprocess`
--
ALTER TABLE `matchshoots_preprocess`
  ADD CONSTRAINT `matchshoots_preprocess_teammatchid_foreign` FOREIGN KEY (`teamMatchID`) REFERENCES `teammatches` (`id`);

--
-- Constraints for table `teammatches`
--
ALTER TABLE `teammatches`
  ADD CONSTRAINT `teammatches_deviceid_foreign` FOREIGN KEY (`deviceID`) REFERENCES `devices` (`deviceID`),
  ADD CONSTRAINT `teammatches_matchid_foreign` FOREIGN KEY (`matchID`) REFERENCES `matches` (`id`),
  ADD CONSTRAINT `teammatches_scouterid_foreign` FOREIGN KEY (`scouterID`) REFERENCES `scouters` (`id`),
  ADD CONSTRAINT `teammatches_teamnumber_foreign` FOREIGN KEY (`teamNumber`) REFERENCES `teams` (`teamNumber`);

--
-- Constraints for table `teampit`
--
ALTER TABLE `teampit`
  ADD CONSTRAINT `teampit_teamnumber_foreign` FOREIGN KEY (`teamNumber`) REFERENCES `teams` (`teamNumber`);

--
-- Constraints for table `teampitdrivetrains`
--
ALTER TABLE `teampitdrivetrains`
  ADD CONSTRAINT `teampitdrivetrains_teamnumber_foreign` FOREIGN KEY (`teamNumber`) REFERENCES `teams` (`teamNumber`);

/*!40101 SET CHARACTER_SET_CLIENT=@OLD_CHARACTER_SET_CLIENT */;
/*!40101 SET CHARACTER_SET_RESULTS=@OLD_CHARACTER_SET_RESULTS */;
/*!40101 SET COLLATION_CONNECTION=@OLD_COLLATION_CONNECTION */;
