-- phpMyAdmin SQL Dump
-- version 4.1.14
-- http://www.phpmyadmin.net
--
-- Host: 127.0.0.1
-- Generation Time: Mar 25, 2016 at 12:08 AM
-- Server version: 5.6.17
-- PHP Version: 5.5.12

SET SQL_MODE = "NO_AUTO_VALUE_ON_ZERO";
SET time_zone = "+00:00";


/*!40101 SET @OLD_CHARACTER_SET_CLIENT=@@CHARACTER_SET_CLIENT */;
/*!40101 SET @OLD_CHARACTER_SET_RESULTS=@@CHARACTER_SET_RESULTS */;
/*!40101 SET @OLD_COLLATION_CONNECTION=@@COLLATION_CONNECTION */;
/*!40101 SET NAMES utf8 */;

--
-- Database: `scouting2016`
--
CREATE DATABASE IF NOT EXISTS `scouting2016` DEFAULT CHARACTER SET latin1 COLLATE latin1_swedish_ci;
USE `scouting2016`;

-- --------------------------------------------------------

--
-- Table structure for table `competitions`
--

CREATE TABLE IF NOT EXISTS `competitions` (
  `id` int(11) NOT NULL AUTO_INCREMENT,
  `name` varchar(100) NOT NULL,
  `current` tinyint(1) NOT NULL DEFAULT '0',
  `leftSideAlliance` enum('red','blue') NOT NULL,
  PRIMARY KEY (`id`)
) ENGINE=InnoDB  DEFAULT CHARSET=latin1 AUTO_INCREMENT=3 ;

--
-- Dumping data for table `competitions`
--

INSERT INTO `competitions` (`id`, `name`, `current`, `leftSideAlliance`) VALUES
(1, 'Central Illinois Regional', 1, 'red'),
(2, 'Midwest Regional', 0, 'blue');

-- --------------------------------------------------------

--
-- Table structure for table `defenses`
--

CREATE TABLE IF NOT EXISTS `defenses` (
  `id` int(11) NOT NULL AUTO_INCREMENT,
  `name` varchar(100) NOT NULL,
  `category` varchar(5) NOT NULL,
  `img` varchar(200) NOT NULL,
  PRIMARY KEY (`id`)
) ENGINE=InnoDB  DEFAULT CHARSET=latin1 AUTO_INCREMENT=10 ;

--
-- Dumping data for table `defenses`
--

INSERT INTO `defenses` (`id`, `name`, `category`, `img`) VALUES
(1, 'Portcullis', 'A', 'portcullis.jpg'),
(2, 'Cheval de Frise', 'A', 'chivaldefrise.jpg'),
(3, 'Moat', 'B', 'moat.jpg'),
(4, 'Ramparts', 'B', 'ramparts.jpg'),
(5, 'Drawbridge', 'C', 'drawbridge.jpg'),
(6, 'Sally Port', 'C', 'sallyport.jpg'),
(7, 'Rock Wall', 'D', 'rockwall.jpg'),
(8, 'Rough Terrain', 'D', 'roughterrain.jpg'),
(9, 'Low Bar', '', 'lowbar.jpg');

-- --------------------------------------------------------

--
-- Table structure for table `devices`
--

CREATE TABLE IF NOT EXISTS `devices` (
  `deviceID` varchar(7) NOT NULL,
  PRIMARY KEY (`deviceID`)
) ENGINE=InnoDB DEFAULT CHARSET=latin1;

--
-- Dumping data for table `devices`
--

INSERT INTO `devices` (`deviceID`) VALUES
('9xEkNl'),
('aeis6e'),
('aI1Q4R'),
('d8UxOU'),
('DoWG4r'),
('GfRiLj'),
('gJWEz2'),
('hZIHOT'),
('lVIuDL'),
('lxHmaj'),
('oo2xiI'),
('pfKhDz'),
('q8Epk3'),
('qfrl5f'),
('Sxxni4'),
('tkIvJo'),
('U09KLW'),
('vGYNit'),
('VyIXgW'),
('WfoOzB'),
('wusL24'),
('ZklxHm'),
('zy19sp');

-- --------------------------------------------------------

--
-- Table structure for table `matchbreaches`
--

CREATE TABLE IF NOT EXISTS `matchbreaches` (
  `id` int(11) NOT NULL AUTO_INCREMENT,
  `teamMatchID` int(11) NOT NULL,
  `orderID` int(11) NOT NULL,
  `mode` enum('tele','auto') NOT NULL,
  `startZone` int(11) NOT NULL,
  `defenseID` int(11) NOT NULL,
  `endZone` int(11) DEFAULT NULL,
  `fail` tinyint(1) NOT NULL,
  PRIMARY KEY (`id`),
  KEY `teamMatchID` (`teamMatchID`)
) ENGINE=InnoDB  DEFAULT CHARSET=latin1 AUTO_INCREMENT=1993 ;

--
-- Dumping data for table `matchbreaches`
--

INSERT INTO `matchbreaches` (`id`, `teamMatchID`, `orderID`, `mode`, `startZone`, `defenseID`, `endZone`, `fail`) VALUES
(1, 1, 7, 'tele', 1, 9, 7, 0),
(2, 1, 6, 'tele', 7, 9, 1, 0),
(3, 1, 4, 'tele', 1, 4, 7, 0),
(4, 1, 3, 'tele', 7, 4, 1, 0),
(5, 1, 2, 'tele', 1, 4, 7, 0),
(6, 1, 1, 'tele', 7, 4, 1, 0),
(7, 6, 4, 'tele', 7, 4, 4, 0),
(8, 6, 3, 'tele', 4, 4, 7, 0),
(9, 6, 1, 'tele', 7, 4, 4, 0),
(10, 3, 4, 'auto', 7, 8, 1, 0),
(11, 3, 3, 'tele', 7, 8, 1, 0),
(12, 3, 2, 'tele', 1, 8, 7, 0),
(13, 3, 1, 'tele', 1, 8, 7, 0),
(14, 4, 2, 'tele', 4, 7, 4, 0),
(15, 5, 9, 'auto', 7, 7, 4, 0),
(16, 5, 8, 'tele', 7, 1, 4, 0),
(17, 5, 6, 'tele', 4, 6, 7, 0),
(18, 5, 4, 'tele', 7, 1, 4, 0),
(19, 5, 3, 'tele', 7, 7, 7, 0),
(20, 5, 2, 'tele', 4, 6, 7, 0),
(21, 11, 6, 'tele', 7, 7, 4, 0),
(22, 11, 5, 'tele', 7, 7, NULL, 1),
(23, 11, 4, 'tele', 4, 7, 7, 0),
(24, 11, 3, 'tele', 7, 7, 4, 0),
(25, 11, 2, 'tele', 4, 6, 7, 0),
(26, 11, 1, 'tele', 7, 4, 4, 0),
(27, 12, 6, 'auto', 7, 9, 4, 0),
(28, 12, 5, 'tele', 7, 2, NULL, 1),
(29, 12, 4, 'tele', 4, 9, 7, 0),
(30, 9, 8, 'tele', 7, 7, 1, 0),
(31, 9, 7, 'tele', 7, 7, 7, 0),
(32, 9, 6, 'tele', 1, 7, 7, 0),
(33, 9, 5, 'tele', 1, 7, 1, 0),
(34, 9, 4, 'tele', 7, 7, 1, 0),
(35, 9, 3, 'tele', 1, 7, 7, 0),
(36, 9, 1, 'tele', 7, 5, 1, 0),
(37, 7, 15, 'auto', 1, 9, 7, 0),
(38, 7, 14, 'auto', 7, 9, 1, 0),
(39, 7, 13, 'tele', 7, 9, 1, 0),
(40, 7, 11, 'tele', 7, 9, 7, 0),
(41, 7, 9, 'tele', 1, 9, 7, 0),
(42, 7, 7, 'tele', 7, 9, 1, 0),
(43, 7, 4, 'tele', 7, 9, 1, 0),
(44, 7, 1, 'tele', 7, 5, 1, 0),
(45, 10, 8, 'tele', 7, 9, 4, 0),
(46, 10, 6, 'tele', 4, 6, 7, 0),
(47, 10, 4, 'tele', 7, 4, 4, 0),
(48, 10, 2, 'tele', 4, 6, 7, 0),
(49, 8, 12, 'auto', 7, 4, NULL, 1),
(50, 8, 7, 'tele', 7, 4, 1, 0),
(51, 8, 6, 'tele', 1, 4, 7, 0),
(52, 8, 1, 'tele', 7, 5, 1, 0),
(53, 15, 2, 'tele', 7, 7, NULL, 1),
(54, 15, 1, 'tele', 7, 4, 7, 0),
(55, 18, 12, 'auto', 7, 7, 4, 0),
(56, 18, 11, 'tele', 7, 5, 4, 0),
(57, 18, 9, 'tele', 4, 9, 7, 0),
(58, 18, 8, 'tele', 7, 4, 4, 0),
(59, 18, 7, 'tele', 4, 9, 7, 0),
(60, 18, 6, 'tele', 7, 9, 4, 0),
(61, 18, 4, 'tele', 4, 7, 7, 0),
(62, 18, 3, 'tele', 7, 7, 4, 0),
(63, 18, 2, 'tele', 4, 7, 7, 0),
(64, 17, 9, 'auto', 7, 9, 4, 0),
(65, 16, 8, 'tele', 7, 4, 4, 0),
(66, 16, 7, 'tele', 4, 5, 7, 0),
(67, 16, 6, 'tele', 7, 4, 4, 0),
(68, 16, 4, 'tele', 4, 4, 7, 0),
(69, 16, 3, 'tele', 7, 1, 4, 0),
(70, 16, 2, 'tele', 4, 4, 7, 0),
(71, 16, 1, 'tele', 7, 1, 4, 0),
(72, 14, 7, 'auto', 7, 4, 7, 0),
(73, 14, 6, 'tele', 7, 5, 1, 0),
(74, 14, 5, 'tele', 1, 5, 7, 0),
(75, 14, 4, 'tele', 7, 4, 1, 0),
(76, 14, 3, 'tele', 1, 4, 7, 0),
(77, 13, 16, 'tele', 1, 7, 7, 0),
(78, 13, 13, 'tele', 7, 9, 1, 0),
(79, 13, 11, 'tele', 1, 9, 7, 0),
(80, 13, 7, 'tele', 7, 9, 1, 0),
(81, 13, 5, 'tele', 1, 9, 7, 0),
(82, 13, 2, 'tele', 7, 9, 1, 0),
(83, 13, 1, 'tele', 1, 9, 7, 0),
(84, 20, 13, 'auto', 7, 4, 1, 0),
(85, 20, 12, 'tele', 7, 9, 1, 0),
(86, 20, 11, 'tele', 1, 4, 7, 0),
(87, 20, 9, 'tele', 7, 4, 1, 0),
(88, 20, 7, 'tele', 1, 7, 7, 0),
(89, 20, 5, 'tele', 7, 7, 1, 0),
(90, 20, 3, 'tele', 1, 7, 7, 0),
(91, 20, 2, 'tele', 7, 4, 1, 0),
(92, 20, 1, 'tele', 1, 4, 7, 0),
(93, 21, 14, 'tele', 7, 9, 1, 0),
(94, 21, 13, 'tele', 1, 9, 7, 0),
(95, 21, 5, 'tele', 7, 9, 1, 0),
(96, 21, 3, 'tele', 1, 9, 7, 0),
(97, 21, 1, 'tele', 7, 9, 1, 0),
(98, 19, 15, 'auto', 7, 7, 1, 0),
(99, 19, 14, 'tele', 7, 2, 1, 0),
(100, 19, 12, 'tele', 1, 7, 7, 0),
(101, 19, 10, 'tele', 7, 4, 1, 0),
(102, 19, 8, 'tele', 1, 7, 7, 0),
(103, 19, 7, 'tele', 7, 2, 1, 0),
(104, 19, 6, 'tele', 1, 7, 7, 0),
(105, 19, 5, 'tele', 7, 2, 1, 0),
(106, 19, 3, 'tele', 1, 7, 7, 0),
(107, 19, 2, 'tele', 1, 7, 7, 0),
(108, 22, 5, 'tele', 7, 4, 4, 0),
(109, 22, 3, 'tele', 4, 4, 7, 0),
(110, 22, 1, 'tele', 7, 4, 4, 0),
(111, 23, 11, 'auto', 7, 7, 4, 0),
(112, 23, 10, 'tele', 4, 6, 7, 0),
(113, 23, 9, 'tele', 7, 7, 4, 0),
(114, 23, 8, 'tele', 4, 7, 7, 0),
(115, 23, 7, 'tele', 7, 9, 4, 0),
(116, 23, 6, 'tele', 4, 9, 7, 0),
(117, 23, 5, 'tele', 7, 2, 4, 0),
(118, 23, 4, 'tele', 4, 7, 7, 0),
(119, 23, 3, 'tele', 7, 2, 4, 0),
(120, 23, 2, 'tele', 4, 9, 7, 0),
(121, 24, 6, 'tele', 7, 7, 4, 0),
(122, 24, 5, 'tele', 4, 6, 7, 0),
(123, 24, 4, 'tele', 7, 6, 4, 0),
(124, 24, 2, 'tele', 4, 9, 7, 0),
(125, 24, 1, 'tele', 7, 9, 4, 0),
(126, 30, 3, 'tele', 7, 7, 4, 0),
(127, 30, 2, 'tele', 4, 4, 7, 0),
(128, 30, 1, 'tele', 7, 7, 4, 0),
(129, 29, 13, 'auto', 7, 9, 4, 0),
(130, 29, 11, 'tele', 7, 9, 4, 0),
(131, 29, 10, 'tele', 7, 9, NULL, 1),
(132, 29, 8, 'tele', 4, 9, 7, 0),
(133, 29, 6, 'tele', 7, 9, 4, 0),
(134, 29, 4, 'tele', 4, 9, 7, 0),
(135, 27, 7, 'tele', 7, 7, 1, 0),
(136, 27, 6, 'tele', 1, 7, 7, 0),
(137, 27, 5, 'tele', 7, 2, 1, 0),
(138, 27, 3, 'tele', 1, 2, 7, 0),
(139, 27, 1, 'tele', 7, 2, 1, 0),
(140, 28, 8, 'tele', 7, 4, 7, 0),
(141, 28, 7, 'tele', 4, 9, 7, 0),
(142, 28, 5, 'tele', 7, 2, 4, 0),
(143, 28, 3, 'tele', 4, 9, 7, 0),
(144, 28, 1, 'tele', 7, 2, 4, 0),
(145, 25, 11, 'auto', 7, 7, 1, 0),
(146, 25, 8, 'tele', 7, 4, 1, 0),
(147, 25, 3, 'tele', 1, 6, 7, 0),
(148, 25, 1, 'tele', 1, 6, 1, 0),
(149, 33, 11, 'tele', 7, 9, 1, 0),
(150, 33, 9, 'tele', 1, 9, 7, 0),
(151, 33, 6, 'tele', 7, 9, 1, 0),
(152, 33, 4, 'tele', 1, 9, 7, 0),
(153, 33, 1, 'tele', 7, 9, 1, 0),
(154, 36, 2, 'auto', 4, 4, NULL, 1),
(155, 36, 1, 'auto', 7, 2, 4, 0),
(156, 34, 3, 'tele', 7, 7, 4, 0),
(157, 34, 2, 'tele', 4, 7, 7, 0),
(158, 34, 1, 'tele', 7, 7, 4, 0),
(159, 35, 12, 'auto', 7, 4, NULL, 1),
(160, 35, 11, 'tele', 7, 7, NULL, 1),
(161, 35, 10, 'tele', 4, 9, 7, 0),
(162, 35, 6, 'tele', 7, 9, 4, 0),
(163, 35, 4, 'tele', 4, 9, 7, 0),
(164, 35, 3, 'tele', 7, 9, 4, 0),
(165, 35, 2, 'tele', 4, 9, 7, 0),
(166, 32, 15, 'auto', 7, 1, 1, 0),
(167, 32, 14, 'tele', 7, 7, 1, 0),
(168, 32, 13, 'tele', 1, 9, 7, 0),
(169, 32, 12, 'tele', 7, 7, 1, 0),
(170, 32, 10, 'tele', 1, 6, 7, 0),
(171, 32, 8, 'tele', 7, 4, 1, 0),
(172, 32, 6, 'tele', 1, 1, 7, 0),
(173, 32, 4, 'tele', 7, 1, 1, 0),
(174, 32, 2, 'tele', 1, 6, 7, 0),
(175, 31, 6, 'tele', 7, 4, 1, 0),
(176, 31, 5, 'tele', 7, 4, 7, 0),
(177, 31, 4, 'tele', 1, 6, 7, 0),
(178, 31, 2, 'tele', 7, 4, 1, 0),
(179, 31, 1, 'tele', 7, 7, 7, 0),
(180, 42, 4, 'auto', 7, 7, 4, 0),
(181, 42, 3, 'tele', 7, 7, 4, 0),
(182, 42, 1, 'tele', 4, 5, 7, 0),
(183, 40, 11, 'auto', 7, 9, NULL, 1),
(184, 40, 10, 'tele', 7, 4, 4, 0),
(185, 40, 9, 'tele', 7, 5, 7, 0),
(186, 40, 8, 'tele', 4, 4, 7, 0),
(187, 40, 4, 'tele', 7, 9, 4, 0),
(188, 40, 3, 'tele', 4, 9, 7, 0),
(189, 40, 2, 'tele', 7, 9, 4, 0),
(190, 40, 1, 'tele', 4, 9, 7, 0),
(191, 37, 11, 'tele', 7, 9, 1, 0),
(192, 37, 10, 'tele', 1, 9, 7, 0),
(193, 37, 9, 'tele', 7, 9, 1, 0),
(194, 37, 8, 'tele', 1, 5, 7, 0),
(195, 37, 7, 'tele', 7, 1, 1, 0),
(196, 37, 6, 'tele', 1, 9, 7, 0),
(197, 37, 5, 'tele', 7, 1, 1, 0),
(198, 37, 4, 'tele', 1, 5, 7, 0),
(199, 37, 3, 'tele', 7, 4, 1, 0),
(200, 37, 2, 'tele', 1, 5, 7, 0),
(201, 37, 1, 'tele', 7, 4, 1, 0),
(202, 41, 5, 'tele', 4, 9, 7, 0),
(203, 41, 3, 'tele', 4, 5, 7, 0),
(204, 41, 1, 'tele', 7, 4, 4, 0),
(205, 38, 11, 'tele', 1, 9, 1, 0),
(206, 38, 9, 'tele', 7, 9, 1, 0),
(207, 38, 7, 'tele', 1, 9, 7, 0),
(208, 38, 5, 'tele', 7, 8, 1, 0),
(209, 38, 3, 'tele', 1, 5, 7, 0),
(210, 38, 1, 'auto', 7, 8, 1, 0),
(211, 44, 8, 'tele', 7, 7, 1, 0),
(212, 44, 7, 'tele', 1, 7, 7, 0),
(213, 44, 5, 'tele', 7, 7, 1, 0),
(214, 44, 3, 'tele', 1, 7, 7, 0),
(215, 44, 1, 'tele', 7, 5, 1, 0),
(216, 43, 11, 'auto', 7, 9, 1, 0),
(217, 43, 9, 'tele', 7, 9, 1, 0),
(218, 43, 6, 'tele', 7, 9, 1, 0),
(219, 43, 4, 'tele', 1, 5, 7, 0),
(220, 43, 1, 'tele', 1, 5, 7, 0),
(221, 48, 15, 'auto', 7, 9, 4, 0),
(222, 48, 14, 'tele', 4, 3, 7, 0),
(223, 48, 13, 'tele', 7, 3, 4, 0),
(224, 48, 12, 'tele', 4, 3, 7, 0),
(225, 48, 10, 'tele', 7, 7, 4, 0),
(226, 48, 9, 'tele', 4, 7, 7, 0),
(227, 48, 7, 'tele', 7, 7, 4, 0),
(228, 48, 5, 'tele', 4, 3, 7, 0),
(229, 48, 4, 'tele', 4, 5, 4, 0),
(230, 48, 3, 'tele', 4, 5, 4, 0),
(231, 48, 2, 'tele', 4, 5, 4, 0),
(232, 45, 7, 'tele', 7, 7, 1, 0),
(233, 45, 6, 'tele', 7, 7, NULL, 1),
(234, 45, 4, 'tele', 7, 3, 1, 0),
(235, 45, 3, 'tele', 1, 3, 7, 0),
(236, 45, 2, 'tele', 7, 5, 1, 0),
(237, 51, 1, 'tele', 7, 7, 1, 0),
(238, 53, 9, 'auto', 7, 9, 4, 0),
(239, 53, 8, 'tele', 7, 2, 4, 0),
(240, 53, 7, 'tele', 4, 9, 7, 0),
(241, 53, 6, 'tele', 7, 4, 4, 0),
(242, 53, 5, 'tele', 4, 9, 7, 0),
(243, 53, 4, 'tele', 7, 4, 4, 0),
(244, 53, 3, 'tele', 4, 9, 7, 0),
(245, 53, 2, 'tele', 7, 9, 4, 0),
(246, 53, 1, 'tele', 4, 9, 7, 0),
(247, 49, 1, 'tele', 7, 3, 1, 0),
(248, 52, 6, 'tele', 7, 4, 4, 0),
(249, 52, 4, 'tele', 4, 4, 7, 0),
(250, 52, 2, 'tele', 7, 4, 4, 0),
(251, 52, 1, 'tele', 4, 4, 7, 0),
(252, 54, 5, 'tele', 7, 7, 4, 0),
(253, 54, 4, 'tele', 4, 7, 7, 0),
(254, 54, 3, 'tele', 4, 7, NULL, 1),
(255, 54, 2, 'tele', 4, 7, 4, 0),
(256, 54, 1, 'tele', 7, 2, 4, 0),
(257, 50, 20, 'tele', 7, 9, 1, 0),
(258, 50, 18, 'tele', 7, 7, 1, 0),
(259, 50, 17, 'tele', 7, 3, 1, 0),
(260, 50, 16, 'tele', 1, 7, 7, 0),
(261, 50, 15, 'tele', 7, 7, 1, 0),
(262, 50, 13, 'tele', 7, 2, 1, 0),
(263, 50, 11, 'tele', 1, 2, 7, 0),
(264, 50, 9, 'tele', 7, 2, 1, 0),
(265, 50, 7, 'tele', 1, 9, 7, 0),
(266, 50, 5, 'tele', 7, 2, 1, 0),
(267, 50, 3, 'tele', 1, 9, 7, 0),
(268, 50, 1, 'tele', 7, 2, 1, 0),
(269, 56, 7, 'auto', 7, 4, 1, 0),
(270, 56, 3, 'tele', 7, 4, 1, 0),
(271, 56, 1, 'tele', 1, 4, 7, 0),
(272, 59, 3, 'tele', 4, 3, 7, 0),
(273, 59, 1, 'tele', 7, 3, 4, 0),
(274, 60, 11, 'auto', 7, 9, 4, 0),
(275, 60, 10, 'tele', 7, 2, 4, 0),
(276, 60, 9, 'tele', 7, 2, 7, 0),
(277, 60, 7, 'tele', 4, 9, 7, 0),
(278, 60, 4, 'tele', 7, 2, 4, 0),
(279, 60, 2, 'tele', 4, 9, 7, 0),
(280, 57, 16, 'auto', 7, 2, 1, 0),
(281, 57, 15, 'tele', 1, 7, 7, 0),
(282, 57, 13, 'tele', 7, 7, 1, 0),
(283, 57, 10, 'tele', 1, 5, 7, 0),
(284, 57, 8, 'tele', 7, 2, 1, 0),
(285, 57, 6, 'tele', 1, 5, 7, 0),
(286, 57, 4, 'tele', 7, 7, 1, 0),
(287, 57, 2, 'tele', 1, 5, 7, 0),
(288, 58, 4, 'tele', 7, 7, 7, 0),
(289, 58, 3, 'tele', 4, 5, 7, 0),
(290, 58, 2, 'tele', 4, 5, 7, 0),
(291, 58, 1, 'tele', 7, 7, 4, 0),
(292, 55, 12, 'auto', 7, 9, 1, 0),
(293, 55, 11, 'tele', 7, 9, 1, 0),
(294, 55, 10, 'tele', 4, 3, 7, 0),
(295, 55, 9, 'tele', 7, 3, 4, 0),
(296, 55, 7, 'tele', 1, 9, 7, 0),
(297, 55, 6, 'tele', 7, 9, 1, 0),
(298, 55, 5, 'tele', 1, 9, 7, 0),
(299, 55, 2, 'tele', 7, 9, 1, 0),
(300, 55, 1, 'tele', 1, 9, 7, 0),
(301, 62, 5, 'tele', 7, 9, 1, 0),
(302, 62, 4, 'tele', 1, 9, 7, 0),
(303, 62, 3, 'tele', 7, 9, 1, 0),
(304, 62, 2, 'tele', 1, 9, 7, 0),
(305, 62, 1, 'tele', 7, 9, 1, 0),
(306, 64, 13, 'tele', 7, 7, 4, 0),
(307, 64, 12, 'tele', 4, 9, 7, 0),
(308, 64, 11, 'tele', 7, 2, 4, 0),
(309, 64, 10, 'tele', 4, 9, 7, 0),
(310, 64, 9, 'tele', 7, 2, 4, 0),
(311, 64, 8, 'tele', 4, 9, 7, 0),
(312, 64, 7, 'tele', 7, 9, 4, 0),
(313, 64, 6, 'tele', 4, 9, 7, 0),
(314, 64, 3, 'tele', 4, 9, 7, 0),
(315, 64, 1, 'tele', 7, 9, 4, 0),
(316, 63, 4, 'auto', 7, 3, 1, 0),
(317, 63, 3, 'tele', 1, 3, 7, 0),
(318, 63, 2, 'tele', 7, 7, 1, 0),
(319, 63, 1, 'tele', 1, 3, 7, 0),
(320, 61, 15, 'tele', 1, 3, 7, 0),
(321, 61, 13, 'tele', 7, 2, 1, 0),
(322, 61, 11, 'tele', 1, 3, 7, 0),
(323, 61, 9, 'tele', 7, 2, 1, 0),
(324, 61, 7, 'tele', 1, 3, 7, 0),
(325, 61, 5, 'tele', 7, 3, 1, 0),
(326, 61, 3, 'tele', 1, 3, 7, 0),
(327, 61, 1, 'auto', 7, 3, 1, 0),
(328, 65, 1, 'auto', 7, 3, 4, 0),
(329, 66, 3, 'auto', 7, 3, NULL, 1),
(330, 66, 2, 'tele', 7, 3, 7, 0),
(331, 66, 1, 'tele', 7, 3, 7, 0),
(332, 72, 3, 'tele', 7, 4, NULL, 1),
(333, 72, 2, 'tele', 4, 7, 7, 0),
(334, 72, 1, 'tele', 7, 4, 4, 0),
(335, 71, 8, 'auto', 7, 7, 4, 0),
(336, 71, 7, 'tele', 7, 4, 4, 0),
(337, 71, 6, 'tele', 4, 7, 7, 0),
(338, 71, 3, 'tele', 7, 7, 4, 0),
(339, 71, 1, 'tele', 4, 7, 7, 0),
(340, 69, 3, 'tele', 7, 7, 1, 0),
(341, 69, 2, 'tele', 1, 4, 7, 0),
(342, 69, 1, 'tele', 7, 4, 1, 0),
(343, 68, 11, 'auto', 7, 4, 7, 0),
(344, 68, 10, 'tele', 7, 4, 1, 0),
(345, 68, 8, 'tele', 1, 5, 7, 0),
(346, 68, 7, 'tele', 1, 7, 1, 0),
(347, 68, 5, 'tele', 7, 4, 1, 0),
(348, 68, 4, 'tele', 1, 4, 7, 0),
(349, 68, 3, 'tele', 7, 4, 1, 0),
(350, 68, 2, 'tele', 1, 4, 7, 0),
(351, 68, 1, 'tele', 7, 4, 1, 0),
(352, 67, 16, 'auto', 1, 9, 7, 0),
(353, 67, 14, 'auto', 7, 7, 1, 0),
(354, 67, 13, 'tele', 7, 9, 1, 0),
(355, 67, 11, 'tele', 1, 9, 7, 0),
(356, 67, 9, 'tele', 7, 9, 1, 0),
(357, 67, 7, 'tele', 1, 9, 7, 0),
(358, 67, 5, 'tele', 7, 9, 1, 0),
(359, 67, 3, 'tele', 1, 9, 7, 0),
(360, 70, 16, 'auto', 7, 9, 4, 0),
(361, 70, 15, 'tele', 7, 7, 4, 0),
(362, 70, 13, 'tele', 4, 7, 7, 0),
(363, 70, 11, 'tele', 7, 7, 4, 0),
(364, 70, 9, 'tele', 4, 9, 7, 0),
(365, 70, 7, 'tele', 7, 9, 4, 0),
(366, 70, 3, 'tele', 7, 2, 4, 0),
(367, 70, 1, 'tele', 4, 9, 7, 0),
(368, 73, 7, 'auto', 7, 7, 1, 0),
(369, 73, 3, 'tele', 7, 7, 1, 0),
(370, 73, 1, 'tele', 1, 7, 7, 0),
(371, 76, 5, 'tele', 7, 2, 4, 0),
(372, 76, 4, 'tele', 4, 6, 7, 0),
(373, 76, 2, 'tele', 7, 2, 4, 0),
(374, 76, 1, 'tele', 7, 2, 7, 0),
(375, 75, 12, 'auto', 7, 4, NULL, 1),
(376, 75, 10, 'tele', 7, 7, 1, 0),
(377, 75, 8, 'tele', 1, 1, 7, 0),
(378, 75, 7, 'tele', 7, 1, 1, 0),
(379, 75, 6, 'tele', 1, 1, 7, 0),
(380, 75, 5, 'tele', 7, 1, 1, 0),
(381, 75, 4, 'tele', 1, 1, 7, 0),
(382, 75, 3, 'tele', 7, 4, 1, 0),
(383, 75, 2, 'tele', 1, 1, 7, 0),
(384, 75, 1, 'tele', 7, 4, 1, 0),
(385, 78, 2, 'tele', 7, 9, 4, 0),
(386, 77, 7, 'tele', 7, 3, 4, 0),
(387, 77, 6, 'tele', 4, 6, 7, 0),
(388, 77, 3, 'tele', 4, 7, 7, 0),
(389, 77, 2, 'tele', 7, 7, 4, 0),
(390, 77, 1, 'tele', 7, 7, 7, 0),
(391, 74, 16, 'auto', 7, 9, 1, 0),
(392, 74, 14, 'tele', 7, 9, 1, 0),
(393, 74, 12, 'tele', 1, 9, 7, 0),
(394, 74, 9, 'tele', 1, 9, 7, 0),
(395, 74, 7, 'tele', 7, 9, 1, 0),
(396, 74, 5, 'tele', 1, 6, 7, 0),
(397, 74, 3, 'tele', 7, 9, 1, 0),
(398, 74, 1, 'tele', 1, 9, 7, 0),
(399, 82, 5, 'auto', 7, 9, 4, 0),
(400, 82, 4, 'tele', 7, 6, 4, 0),
(401, 82, 3, 'tele', 4, 6, 7, 0),
(402, 82, 2, 'tele', 7, 6, 4, 0),
(403, 82, 1, 'tele', 4, 6, 7, 0),
(404, 83, 2, 'tele', 7, 3, 4, 0),
(405, 83, 1, 'tele', 4, 6, 7, 0),
(406, 79, 15, 'auto', 7, 9, 1, 0),
(407, 79, 14, 'tele', 7, 9, 1, 0),
(408, 79, 12, 'tele', 1, 9, 7, 0),
(409, 79, 11, 'tele', 7, 7, 1, 0),
(410, 79, 10, 'tele', 1, 6, 7, 0),
(411, 79, 8, 'tele', 7, 9, 1, 0),
(412, 79, 7, 'tele', 1, 9, 7, 0),
(413, 79, 4, 'tele', 7, 9, 1, 0),
(414, 79, 2, 'tele', 1, 9, 7, 0),
(415, 84, 10, 'tele', 7, 3, 4, 0),
(416, 84, 9, 'tele', 4, 3, 7, 0),
(417, 84, 8, 'tele', 7, 3, 4, 0),
(418, 84, 7, 'tele', 4, 7, 7, 0),
(419, 84, 6, 'tele', 4, 3, 7, 0),
(420, 84, 5, 'tele', 7, 7, 4, 0),
(421, 84, 4, 'tele', 4, 7, 7, 0),
(422, 84, 3, 'tele', 7, 1, 4, 0),
(423, 84, 2, 'tele', 4, 7, 7, 0),
(424, 84, 1, 'tele', 7, 1, 4, 0),
(425, 80, 16, 'auto', 1, 7, 7, 0),
(426, 80, 15, 'auto', 7, 7, 1, 0),
(427, 80, 13, 'tele', 7, 7, 1, 0),
(428, 80, 10, 'tele', 7, 1, 1, 0),
(429, 80, 5, 'tele', 7, 1, 1, 0),
(430, 80, 2, 'tele', 7, 7, 1, 0),
(431, 81, 4, 'tele', 1, 3, 7, 0),
(432, 81, 1, 'tele', 7, 3, 1, 0),
(433, 90, 16, 'auto', 7, 7, 4, 0),
(434, 90, 14, 'tele', 7, 7, 4, 0),
(435, 90, 12, 'tele', 4, 7, 7, 0),
(436, 90, 10, 'tele', 7, 2, 4, 0),
(437, 90, 9, 'tele', 7, 2, NULL, 1),
(438, 90, 7, 'tele', 4, 7, 7, 0),
(439, 90, 4, 'tele', 7, 2, 4, 0),
(440, 90, 2, 'tele', 4, 7, 7, 0),
(441, 90, 16, 'auto', 7, 7, 4, 0),
(442, 90, 14, 'tele', 7, 7, 4, 0),
(443, 90, 12, 'tele', 4, 7, 7, 0),
(444, 90, 10, 'tele', 7, 2, 4, 0),
(445, 90, 9, 'tele', 7, 2, NULL, 1),
(446, 90, 7, 'tele', 4, 7, 7, 0),
(447, 90, 4, 'tele', 7, 2, 4, 0),
(448, 90, 2, 'tele', 4, 7, 7, 0),
(449, 89, 15, 'auto', 7, 9, 4, 0),
(450, 89, 13, 'tele', 7, 9, 4, 0),
(451, 89, 11, 'tele', 4, 9, 7, 0),
(452, 89, 9, 'tele', 7, 9, 4, 0),
(453, 89, 7, 'tele', 4, 9, 7, 0),
(454, 89, 3, 'tele', 7, 9, 4, 0),
(455, 89, 1, 'tele', 4, 9, 7, 0),
(456, 88, 16, 'auto', 7, 3, 4, 0),
(457, 88, 12, 'tele', 7, 3, 4, 0),
(458, 88, 10, 'tele', 4, 3, 7, 0),
(459, 88, 8, 'tele', 7, 3, 4, 0),
(460, 88, 6, 'tele', 4, 3, 7, 0),
(461, 88, 4, 'tele', 7, 3, 4, 0),
(462, 88, 2, 'tele', 4, 3, 7, 0),
(463, 85, 6, 'tele', 7, 3, 1, 0),
(464, 85, 5, 'tele', 7, 9, 1, 0),
(465, 85, 3, 'tele', 1, 9, 1, 0),
(466, 85, 2, 'tele', 1, 9, 1, 0),
(467, 85, 1, 'tele', 1, 6, 1, 0),
(468, 87, 3, 'tele', 1, 3, NULL, 1),
(469, 87, 1, 'tele', 7, 3, 1, 0),
(470, 86, 6, 'tele', 1, 7, 7, 0),
(471, 86, 5, 'tele', 7, 7, 1, 0),
(472, 86, 3, 'tele', 1, 7, 7, 0),
(473, 86, 1, 'tele', 7, 7, 1, 0),
(474, 93, 1, 'tele', 7, 7, NULL, 1),
(475, 95, 15, 'auto', 7, 9, 4, 0),
(476, 95, 12, 'tele', 7, 1, 4, 0),
(477, 95, 11, 'tele', 4, 3, 7, 0),
(478, 95, 7, 'tele', 7, 9, 4, 0),
(479, 95, 5, 'tele', 4, 9, 7, 0),
(480, 95, 4, 'tele', 7, 9, 4, 0),
(481, 95, 3, 'tele', 4, 9, 7, 0),
(482, 96, 14, 'tele', 4, 9, 7, 0),
(483, 96, 13, 'tele', 7, 7, 4, 0),
(484, 96, 12, 'tele', 4, 7, 7, 0),
(485, 96, 11, 'tele', 7, 6, 4, 0),
(486, 96, 10, 'tele', 4, 6, 7, 0),
(487, 96, 8, 'tele', 7, 7, 4, 0),
(488, 96, 7, 'tele', 4, 3, 7, 0),
(489, 96, 6, 'tele', 7, 3, 4, 0),
(490, 96, 4, 'tele', 4, 3, 7, 0),
(491, 96, 3, 'tele', 7, 3, 4, 0),
(492, 96, 1, 'tele', 4, 3, 7, 0),
(493, 91, 11, 'auto', 7, 4, 1, 0),
(494, 91, 10, 'tele', 7, 2, 1, 0),
(495, 91, 9, 'tele', 1, 4, 7, 0),
(496, 91, 8, 'tele', 7, 2, 1, 0),
(497, 91, 7, 'tele', 1, 9, 7, 0),
(498, 91, 6, 'tele', 7, 7, 1, 0),
(499, 91, 5, 'tele', 7, 2, 1, 0),
(500, 91, 3, 'tele', 7, 2, 7, 0),
(501, 91, 2, 'tele', 1, 9, 7, 0),
(502, 92, 15, 'auto', 7, 9, 1, 0),
(503, 92, 13, 'tele', 7, 9, 1, 0),
(504, 92, 11, 'tele', 1, 9, 7, 0),
(505, 92, 9, 'tele', 7, 9, 1, 0),
(506, 92, 7, 'tele', 1, 9, 7, 0),
(507, 92, 5, 'tele', 7, 9, 1, 0),
(508, 92, 3, 'tele', 1, 9, 7, 0),
(509, 94, 1, 'auto', 7, 1, 4, 0),
(510, 101, 2, 'tele', 4, 6, 7, 0),
(511, 101, 1, 'tele', 7, 7, 4, 0),
(512, 97, 4, 'tele', 7, 6, 1, 0),
(513, 97, 1, 'tele', 7, 2, 1, 0),
(514, 98, 9, 'auto', 7, 7, 1, 0),
(515, 98, 8, 'tele', 7, 6, 1, 0),
(516, 98, 7, 'tele', 1, 7, 7, 0),
(517, 98, 6, 'tele', 7, 4, 1, 0),
(518, 98, 5, 'tele', 1, 7, 7, 0),
(519, 98, 3, 'tele', 7, 7, 1, 0),
(520, 98, 1, 'tele', 7, 7, 4, 0),
(521, 102, 7, 'auto', 7, 4, 4, 0),
(522, 102, 6, 'tele', 7, 2, 4, 0),
(523, 102, 5, 'tele', 4, 6, 7, 0),
(524, 102, 4, 'tele', 7, 4, 4, 0),
(525, 102, 3, 'tele', 4, 4, 7, 0),
(526, 102, 1, 'tele', 4, 4, 7, 0),
(527, 99, 14, 'auto', 7, 9, 1, 0),
(528, 99, 13, 'tele', 7, 9, 1, 0),
(529, 99, 12, 'tele', 7, 4, 7, 0),
(530, 99, 10, 'tele', 1, 9, 7, 0),
(531, 99, 4, 'tele', 7, 9, 1, 0),
(532, 99, 2, 'tele', 1, 9, 7, 0),
(533, 100, 4, 'auto', 7, 9, 4, 0),
(534, 100, 3, 'tele', 7, 9, 4, 0),
(535, 100, 2, 'tele', 4, 9, 7, 0),
(536, 108, 5, 'tele', 7, 3, 4, 0),
(537, 108, 4, 'tele', 1, 3, 7, 0),
(538, 108, 2, 'tele', 7, 6, 1, 0),
(539, 108, 1, 'tele', 4, 9, 7, 0),
(540, 104, 7, 'auto', 7, 9, 1, 0),
(541, 104, 6, 'tele', 7, 3, 1, 0),
(542, 104, 5, 'tele', 1, 3, 7, 0),
(543, 104, 4, 'tele', 7, 3, 1, 0),
(544, 104, 3, 'tele', 1, 7, 7, 0),
(545, 104, 2, 'tele', 7, 7, 1, 0),
(546, 104, 1, 'tele', 1, 6, 7, 0),
(547, 106, 16, 'auto', 7, 2, 7, 0),
(548, 106, 14, 'tele', 4, 7, 7, 0),
(549, 106, 12, 'tele', 7, 9, 4, 0),
(550, 106, 10, 'tele', 4, 9, 7, 0),
(551, 106, 9, 'tele', 7, 9, 4, 0),
(552, 106, 7, 'tele', 4, 9, 7, 0),
(553, 106, 5, 'tele', 7, 2, 4, 0),
(554, 106, 3, 'tele', 4, 7, 7, 0),
(555, 106, 1, 'tele', 7, 2, 4, 0),
(556, 107, 4, 'tele', 4, 3, 7, 0),
(557, 107, 3, 'tele', 7, 7, 4, 0),
(558, 107, 2, 'tele', 4, 3, 7, 0),
(559, 107, 1, 'tele', 7, 7, 4, 0),
(560, 103, 6, 'tele', 7, 6, 1, 0),
(561, 103, 5, 'tele', 1, 6, 7, 0),
(562, 103, 3, 'tele', 7, 6, 1, 0),
(563, 103, 2, 'tele', 1, 3, 7, 0),
(564, 103, 1, 'tele', 7, 3, 1, 0),
(565, 105, 9, 'auto', 7, 7, 1, 0),
(566, 105, 6, 'tele', 1, 7, 7, 0),
(567, 105, 4, 'tele', 7, 6, 1, 0),
(568, 105, 2, 'tele', 1, 9, 7, 0),
(569, 110, 14, 'auto', 7, 9, 1, 0),
(570, 110, 12, 'tele', 1, 9, 7, 0),
(571, 110, 10, 'tele', 7, 2, 1, 0),
(572, 110, 8, 'tele', 1, 9, 7, 0),
(573, 110, 7, 'tele', 7, 2, 1, 0),
(574, 110, 6, 'tele', 1, 9, 7, 0),
(575, 110, 2, 'tele', 7, 9, 1, 0),
(576, 110, 1, 'tele', 1, 9, 7, 0),
(577, 114, 15, 'auto', 7, 7, 4, 0),
(578, 114, 13, 'tele', 7, 4, 4, 0),
(579, 114, 12, 'tele', 4, 4, 7, 0),
(580, 114, 10, 'tele', 7, 9, 4, 0),
(581, 114, 8, 'tele', 4, 7, 7, 0),
(582, 114, 6, 'tele', 7, 9, 4, 0),
(583, 114, 4, 'tele', 4, 7, 7, 0),
(584, 114, 3, 'tele', 7, 7, 4, 0),
(585, 114, 2, 'tele', 4, 7, 7, 0),
(586, 114, 1, 'tele', 4, 6, 4, 0),
(587, 109, 6, 'tele', 7, 9, 1, 0),
(588, 109, 4, 'tele', 1, 6, 7, 0),
(589, 109, 3, 'tele', 1, 7, 1, 0),
(590, 109, 1, 'tele', 7, 3, 1, 0),
(591, 113, 14, 'auto', 7, 9, 4, 0),
(592, 113, 12, 'tele', 7, 9, 4, 0),
(593, 113, 11, 'tele', 7, 9, 7, 0),
(594, 113, 6, 'tele', 7, 4, 4, 0),
(595, 113, 4, 'tele', 4, 7, 7, 0),
(596, 113, 2, 'tele', 7, 6, 4, 0),
(597, 113, 1, 'tele', 4, 9, 7, 0),
(598, 111, 7, 'auto', 7, 7, 1, 0),
(599, 111, 6, 'tele', 7, 3, 1, 0),
(600, 111, 5, 'tele', 1, 3, 7, 0),
(601, 111, 4, 'tele', 7, 7, 1, 0),
(602, 111, 3, 'tele', 7, 3, 1, 0),
(603, 111, 2, 'tele', 1, 3, 7, 0),
(604, 111, 1, 'tele', 7, 7, 1, 0),
(605, 112, 3, 'auto', 7, 4, NULL, 1),
(606, 112, 2, 'tele', 4, 4, 7, 0),
(607, 112, 1, 'tele', 7, 4, 4, 0),
(608, 116, 11, 'auto', 7, 3, 1, 0),
(609, 116, 10, 'tele', 7, 5, 1, 0),
(610, 116, 9, 'tele', 1, 3, 7, 0),
(611, 116, 8, 'tele', 7, 2, 1, 0),
(612, 116, 7, 'tele', 1, 3, 7, 0),
(613, 116, 6, 'tele', 7, 2, 1, 0),
(614, 116, 5, 'tele', 1, 3, 7, 0),
(615, 116, 4, 'tele', 7, 3, 1, 0),
(616, 116, 3, 'tele', 1, 3, 7, 0),
(617, 116, 2, 'tele', 7, 5, 1, 0),
(618, 116, 1, 'tele', 1, 5, 7, 0),
(619, 115, 2, 'tele', 7, 9, 1, 0),
(620, 118, 12, 'auto', 7, 9, 4, 0),
(621, 118, 8, 'tele', 7, 9, 4, 0),
(622, 118, 6, 'tele', 4, 9, 7, 0),
(623, 119, 3, 'tele', 1, 5, 7, 0),
(624, 119, 2, 'tele', 7, 6, 7, 0),
(625, 119, 1, 'tele', 7, 7, 1, 0),
(626, 120, 3, 'tele', 4, 6, 7, 0),
(627, 120, 2, 'tele', 7, 4, 4, 0),
(628, 120, 1, 'auto', 7, 4, 7, 0),
(629, 117, 5, 'auto', 7, 9, 1, 0),
(630, 117, 4, 'tele', 1, 5, 7, 0),
(631, 117, 2, 'tele', 7, 5, 1, 0),
(632, 117, 1, 'tele', 1, 9, 7, 0),
(633, 121, 10, 'auto', 7, 3, 1, 0),
(634, 121, 8, 'tele', 7, 3, 1, 0),
(635, 121, 6, 'tele', 1, 3, 7, 0),
(636, 121, 4, 'tele', 7, 3, 1, 0),
(637, 121, 2, 'tele', 1, 3, 7, 0),
(638, 122, 10, 'auto', 7, 9, 1, 0),
(639, 122, 9, 'tele', 7, 6, 1, 0),
(640, 122, 8, 'tele', 1, 6, 7, 0),
(641, 122, 7, 'tele', 7, 6, 1, 0),
(642, 122, 6, 'tele', 1, 9, 7, 0),
(643, 122, 5, 'tele', 7, 2, 1, 0),
(644, 122, 3, 'tele', 1, 9, 7, 0),
(645, 122, 2, 'tele', 7, 9, 1, 0),
(646, 122, 1, 'tele', 1, 9, 7, 0),
(647, 125, 13, 'auto', 7, 4, 4, 0),
(648, 125, 7, 'tele', 7, 7, 4, 0),
(649, 125, 6, 'tele', 7, 4, 4, 0),
(650, 125, 5, 'tele', 4, 4, 7, 0),
(651, 123, 8, 'auto', 7, 7, 1, 0),
(652, 123, 7, 'tele', 1, 6, 7, 0),
(653, 123, 6, 'tele', 1, 6, 1, 0),
(654, 123, 4, 'tele', 7, 7, 1, 0),
(655, 123, 2, 'tele', 7, 7, 1, 0),
(656, 123, 1, 'tele', 1, 7, 7, 0),
(657, 126, 1, 'auto', 7, 9, 4, 0),
(658, 124, 12, 'tele', 7, 4, 4, 0),
(659, 124, 11, 'tele', 4, 5, 7, 0),
(660, 124, 9, 'tele', 7, 7, 4, 0),
(661, 124, 7, 'tele', 4, 5, 7, 0),
(662, 124, 5, 'tele', 7, 2, 4, 0),
(663, 124, 3, 'tele', 4, 5, 7, 0),
(664, 124, 1, 'auto', 7, 7, 4, 0),
(665, 127, 15, 'auto', 7, 9, 1, 0),
(666, 127, 14, 'tele', 1, 4, 7, 0),
(667, 127, 10, 'tele', 7, 4, 1, 0),
(668, 127, 8, 'tele', 1, 4, 7, 0),
(669, 127, 6, 'tele', 7, 2, 1, 0),
(670, 127, 4, 'tele', 1, 9, 7, 0),
(671, 127, 3, 'tele', 7, 2, 1, 0),
(672, 127, 1, 'tele', 1, 9, 7, 0),
(673, 132, 12, 'auto', 7, 3, 4, 0),
(674, 132, 11, 'tele', 7, 6, 4, 0),
(675, 132, 10, 'tele', 4, 6, 7, 0),
(676, 132, 8, 'tele', 7, 3, 4, 0),
(677, 132, 6, 'tele', 4, 3, 7, 0),
(678, 132, 4, 'tele', 7, 3, 4, 0),
(679, 132, 2, 'tele', 4, 3, 7, 0),
(680, 131, 5, 'auto', 7, 7, 4, 0),
(681, 131, 4, 'tele', 7, 6, 4, 0),
(682, 131, 3, 'tele', 4, 7, 7, 0),
(683, 131, 2, 'tele', 7, 7, 4, 0),
(684, 131, 1, 'tele', 4, 7, 7, 0),
(685, 130, 13, 'tele', 7, 9, 4, 0),
(686, 130, 11, 'tele', 4, 9, 7, 0),
(687, 130, 9, 'tele', 7, 9, 4, 0),
(688, 130, 7, 'tele', 4, 9, 7, 0),
(689, 130, 2, 'tele', 7, 9, 4, 0),
(690, 128, 13, 'auto', 7, 4, 1, 0),
(691, 128, 12, 'tele', 7, 6, 1, 0),
(692, 128, 11, 'tele', 1, 6, 7, 0),
(693, 128, 7, 'tele', 7, 9, 1, 0),
(694, 128, 5, 'tele', 1, 9, 7, 0),
(695, 128, 3, 'tele', 7, 9, 1, 0),
(696, 128, 1, 'tele', 1, 9, 7, 0),
(697, 129, 13, 'auto', 7, 7, 1, 0),
(698, 129, 10, 'tele', 7, 6, 1, 0),
(699, 129, 9, 'tele', 1, 6, 7, 0),
(700, 129, 7, 'tele', 7, 4, 1, 0),
(701, 129, 5, 'tele', 1, 4, 7, 0),
(702, 129, 3, 'tele', 7, 7, 1, 0),
(703, 129, 1, 'tele', 1, 7, 7, 0),
(704, 137, 13, 'tele', 7, 4, 4, 0),
(705, 137, 10, 'tele', 4, 4, 7, 0),
(706, 137, 5, 'tele', 7, 9, 4, 0),
(707, 137, 3, 'tele', 4, 9, 7, 0),
(708, 137, 1, 'tele', 7, 9, 4, 0),
(709, 133, 8, 'tele', 7, 7, 1, 0),
(710, 133, 7, 'tele', 1, 4, 7, 0),
(711, 133, 5, 'tele', 7, 2, 1, 0),
(712, 133, 3, 'tele', 1, 4, 7, 0),
(713, 133, 1, 'tele', 7, 2, 1, 0),
(714, 134, 1, 'tele', 7, 4, 7, 0),
(715, 138, 14, 'tele', 7, 8, 4, 0),
(716, 138, 12, 'tele', 4, 9, 7, 0),
(717, 138, 11, 'tele', 7, 8, 4, 0),
(718, 138, 9, 'tele', 4, 2, 7, 0),
(719, 138, 8, 'tele', 7, 2, 4, 0),
(720, 138, 7, 'tele', 4, 8, 7, 0),
(721, 138, 6, 'tele', 7, 8, 4, 0),
(722, 138, 5, 'tele', 4, 8, 7, 0),
(723, 138, 4, 'tele', 7, 8, 4, 0),
(724, 138, 3, 'tele', 4, 8, 7, 0),
(725, 138, 2, 'tele', 7, 8, 4, 0),
(726, 138, 1, 'tele', 4, 8, 7, 0),
(727, 140, 12, 'tele', 7, 2, 1, 0),
(728, 140, 10, 'tele', 1, 6, 7, 0),
(729, 140, 9, 'tele', 7, 2, 1, 0),
(730, 140, 7, 'tele', 1, 6, 7, 0),
(731, 140, 5, 'tele', 7, 2, 1, 0),
(732, 140, 3, 'tele', 1, 6, 7, 0),
(733, 140, 1, 'tele', 7, 2, 1, 0),
(734, 142, 14, 'auto', 7, 7, 4, 0),
(735, 142, 13, 'tele', 7, 3, 4, 0),
(736, 142, 4, 'tele', 7, 7, 4, 0),
(737, 142, 2, 'tele', 4, 7, 7, 0),
(738, 139, 12, 'auto', 7, 4, 1, 0),
(739, 139, 10, 'tele', 7, 7, 1, 0),
(740, 139, 8, 'tele', 1, 7, 7, 0),
(741, 139, 7, 'tele', 7, 7, 1, 0),
(742, 139, 6, 'tele', 1, 7, 7, 0),
(743, 139, 4, 'tele', 7, 4, 1, 0),
(744, 139, 2, 'tele', 1, 4, 7, 0),
(745, 143, 10, 'auto', 7, 9, 4, 0),
(746, 143, 7, 'tele', 4, 6, 7, 0),
(747, 143, 6, 'tele', 7, 6, 4, 0),
(748, 143, 5, 'tele', 4, 6, 7, 0),
(749, 143, 2, 'tele', 4, 9, 7, 0),
(750, 144, 6, 'auto', 7, 3, NULL, 1),
(751, 144, 4, 'tele', 7, 6, 4, 0),
(752, 144, 3, 'tele', 4, 6, 7, 0),
(753, 144, 2, 'tele', 7, 3, 4, 0),
(754, 144, 1, 'tele', 4, 3, 7, 0),
(755, 145, 15, 'auto', 7, 1, NULL, 1),
(756, 145, 13, 'tele', 1, 1, 7, 0),
(757, 145, 12, 'tele', 7, 9, 1, 0),
(758, 145, 11, 'tele', 1, 7, 7, 0),
(759, 145, 9, 'tele', 7, 7, 1, 0),
(760, 145, 7, 'tele', 1, 7, 7, 0),
(761, 145, 5, 'tele', 7, 7, 1, 0),
(762, 145, 3, 'tele', 1, 4, 7, 0),
(763, 145, 1, 'tele', 7, 1, 1, 0),
(764, 146, 10, 'auto', 7, 9, 1, 0),
(765, 146, 8, 'tele', 7, 9, 1, 0),
(766, 146, 6, 'tele', 1, 9, 7, 0),
(767, 149, 4, 'tele', 7, 6, 4, 0),
(768, 149, 3, 'tele', 4, 9, 7, 0),
(769, 149, 1, 'tele', 7, 6, 4, 0),
(770, 150, 1, 'tele', 1, 7, 7, 0),
(771, 148, 7, 'tele', 7, 7, 1, 0),
(772, 148, 6, 'tele', 1, 7, 7, 0),
(773, 148, 4, 'tele', 1, 7, 7, 0),
(774, 148, 3, 'tele', 7, 4, 1, 0),
(775, 148, 2, 'tele', 1, 4, 7, 0),
(776, 148, 1, 'tele', 7, 1, 1, 0),
(777, 147, 8, 'auto', 7, 7, 1, 0),
(778, 147, 7, 'tele', 7, 4, 1, 0),
(779, 147, 6, 'tele', 1, 4, 7, 0),
(780, 147, 5, 'tele', 7, 1, 1, 0),
(781, 147, 4, 'tele', 1, 4, 7, 0),
(782, 147, 3, 'tele', 7, 4, 1, 0),
(783, 147, 2, 'tele', 1, 4, 7, 0),
(784, 155, 14, 'auto', 7, 9, 4, 0),
(785, 155, 13, 'tele', 7, 9, 4, 0),
(786, 155, 11, 'tele', 4, 4, 7, 0),
(787, 155, 9, 'tele', 7, 2, 4, 0),
(788, 155, 7, 'tele', 4, 9, 7, 0),
(789, 155, 5, 'tele', 7, 9, 4, 0),
(790, 155, 4, 'tele', 4, 9, 7, 0),
(791, 155, 3, 'tele', 7, 9, 4, 0),
(792, 155, 1, 'tele', 4, 9, 7, 0),
(793, 153, 2, 'tele', 7, 4, 1, 0),
(794, 153, 1, 'tele', 1, 4, 7, 0),
(795, 152, 11, 'auto', 7, 7, 1, 0),
(796, 152, 10, 'tele', 7, 2, 1, 0),
(797, 152, 9, 'tele', 1, 9, 7, 0),
(798, 152, 8, 'tele', 7, 2, 1, 0),
(799, 152, 7, 'tele', 1, 9, 7, 0),
(800, 152, 6, 'tele', 7, 9, 1, 0),
(801, 152, 5, 'tele', 1, 9, 7, 0),
(802, 152, 4, 'tele', 7, 9, 1, 0),
(803, 152, 3, 'tele', 1, 7, 7, 0),
(804, 152, 2, 'tele', 7, 7, 1, 0),
(805, 152, 1, 'tele', 1, 7, 7, 0),
(806, 156, 8, 'auto', 7, 7, 4, 0),
(807, 156, 4, 'tele', 7, 2, 4, 0),
(808, 156, 3, 'tele', 4, 7, 7, 0),
(809, 156, 2, 'tele', 7, 7, 4, 0),
(810, 156, 1, 'tele', 4, 7, 7, 0),
(811, 151, 3, 'tele', 7, 4, 1, 0),
(812, 151, 2, 'tele', 1, 4, 7, 0),
(813, 151, 1, 'tele', 7, 4, 1, 0),
(814, 154, 6, 'tele', 4, 4, NULL, 1),
(815, 154, 5, 'tele', 7, 6, 4, 0),
(816, 154, 4, 'tele', 4, 6, 7, 0),
(817, 154, 3, 'tele', 7, 4, 4, 0),
(818, 154, 2, 'tele', 4, 4, 7, 0),
(819, 154, 1, 'tele', 7, 4, 4, 0),
(820, 158, 1, 'tele', 7, 6, 1, 0),
(821, 160, 2, 'tele', 7, 7, 4, 0),
(822, 162, 10, 'auto', 7, 9, 4, 0),
(823, 162, 8, 'tele', 7, 9, 4, 0),
(824, 162, 6, 'tele', 4, 9, 7, 0),
(825, 162, 4, 'tele', 7, 9, 4, 0),
(826, 162, 2, 'tele', 4, 9, 7, 0),
(827, 157, 9, 'auto', 7, 9, 1, 0),
(828, 157, 7, 'tele', 7, 1, 1, 0),
(829, 157, 6, 'tele', 1, 8, 7, 0),
(830, 157, 5, 'tele', 7, 1, 1, 0),
(831, 157, 4, 'tele', 1, 8, 7, 0),
(832, 157, 3, 'tele', 7, 6, 1, 0),
(833, 159, 13, 'auto', 7, 8, 1, 0),
(834, 157, 1, 'tele', 1, 6, 7, 0),
(835, 159, 12, 'tele', 7, 9, 1, 0),
(836, 159, 11, 'tele', 1, 4, 7, 0),
(837, 159, 9, 'tele', 7, 4, 1, 0),
(838, 159, 8, 'tele', 1, 4, 7, 0),
(839, 159, 7, 'tele', 7, 6, 1, 0),
(840, 159, 6, 'tele', 1, 4, 7, 0),
(841, 159, 5, 'tele', 7, 4, 1, 0),
(842, 159, 4, 'tele', 1, 4, 7, 0),
(843, 159, 3, 'tele', 7, 8, 1, 0),
(844, 159, 1, 'tele', 1, 8, 7, 0),
(845, 161, 6, 'auto', 7, 7, 4, 0),
(846, 161, 5, 'tele', 7, 4, 4, 0),
(847, 161, 4, 'tele', 4, 4, 7, 0),
(848, 161, 3, 'tele', 4, 7, NULL, 1),
(849, 168, 10, 'auto', 7, 7, 4, 0),
(850, 168, 9, 'tele', 7, 6, 4, 0),
(851, 168, 8, 'tele', 4, 6, 7, 0),
(852, 168, 7, 'tele', 7, 7, 4, 0),
(853, 168, 5, 'tele', 4, 7, 7, 0),
(854, 168, 4, 'tele', 7, 1, 4, 0),
(855, 168, 3, 'tele', 4, 7, 7, 0),
(856, 168, 2, 'tele', 7, 1, 4, 0),
(857, 168, 1, 'tele', 4, 7, 7, 0),
(858, 166, 13, 'auto', 7, 9, 4, 0),
(859, 166, 12, 'tele', 7, 7, 4, 0),
(860, 166, 11, 'tele', 7, 4, 4, 0),
(861, 166, 10, 'tele', 4, 7, 7, 0),
(862, 166, 9, 'tele', 7, 6, 4, 0),
(863, 166, 8, 'tele', 4, 1, 7, 0),
(864, 166, 4, 'tele', 7, 4, 4, 0),
(865, 166, 2, 'tele', 4, 9, 7, 0),
(866, 163, 12, 'auto', 7, 9, 1, 0),
(867, 163, 4, 'tele', 7, 9, 1, 0),
(868, 163, 2, 'tele', 1, 9, 7, 0),
(869, 164, 9, 'auto', 7, 7, 1, 0),
(870, 164, 8, 'tele', 1, 6, 1, 0),
(871, 164, 7, 'tele', 7, 4, 1, 0),
(872, 164, 6, 'tele', 1, 6, 7, 0),
(873, 164, 5, 'tele', 7, 7, 1, 0),
(874, 164, 4, 'tele', 1, 7, 7, 0),
(875, 164, 3, 'tele', 1, 4, 1, 0),
(876, 164, 2, 'tele', 7, 4, 1, 0),
(877, 164, 1, 'tele', 1, 4, 7, 0),
(878, 167, 14, 'auto', 7, 4, 4, 0),
(879, 167, 12, 'tele', 7, 9, 4, 0),
(880, 167, 10, 'tele', 4, 9, 7, 0),
(881, 167, 8, 'tele', 7, 9, 4, 0),
(882, 167, 6, 'tele', 4, 9, 7, 0),
(883, 173, 1, 'tele', 7, 9, 4, 0),
(884, 174, 7, 'tele', 7, 4, 4, 0),
(885, 174, 6, 'tele', 4, 4, 7, 0),
(886, 174, 5, 'tele', 7, 7, 4, 0),
(887, 174, 3, 'tele', 4, 4, 7, 0),
(888, 174, 1, 'auto', 7, 4, 4, 0),
(889, 170, 14, 'tele', 1, 9, 7, 0),
(890, 170, 13, 'tele', 7, 9, 1, 0),
(891, 170, 11, 'tele', 1, 9, 7, 0),
(892, 170, 9, 'tele', 7, 9, 1, 0),
(893, 170, 7, 'tele', 7, 9, 1, 0),
(894, 170, 5, 'tele', 1, 9, 7, 0),
(895, 170, 4, 'tele', 7, 2, 1, 0),
(896, 170, 2, 'tele', 1, 9, 7, 0),
(897, 170, 1, 'tele', 7, 2, 1, 0),
(898, 171, 7, 'tele', 1, 6, 7, 0),
(899, 171, 6, 'tele', 7, 4, 1, 0),
(900, 171, 5, 'tele', 1, 4, 7, 0),
(901, 171, 4, 'tele', 1, 6, 1, 0),
(902, 171, 3, 'tele', 1, 7, 7, 0),
(903, 171, 2, 'tele', 1, 7, 7, 0),
(904, 171, 1, 'auto', 7, 7, 1, 0),
(905, 172, 12, 'auto', 7, 4, 4, 0),
(906, 172, 10, 'tele', 7, 9, 4, 0),
(907, 172, 8, 'tele', 4, 9, 7, 0),
(908, 172, 7, 'tele', 7, 9, 4, 0),
(909, 172, 6, 'tele', 4, 7, 7, 0),
(910, 172, 5, 'tele', 7, 7, 4, 0),
(911, 172, 4, 'tele', 4, 4, 7, 0),
(912, 172, 3, 'tele', 7, 1, 4, 0),
(913, 172, 2, 'tele', 4, 1, 7, 0),
(914, 180, 10, 'auto', 7, 7, 4, 0),
(915, 180, 8, 'tele', 7, 2, 4, 0),
(916, 180, 6, 'tele', 4, 5, 7, 0),
(917, 180, 4, 'tele', 7, 2, 4, 0),
(918, 180, 2, 'tele', 4, 5, 7, 0),
(919, 178, 10, 'auto', 7, 9, 4, 0),
(920, 178, 9, 'tele', 7, 9, 4, 0),
(921, 178, 8, 'tele', 4, 7, 7, 0),
(922, 178, 5, 'tele', 7, 9, 4, 0),
(923, 178, 4, 'tele', 4, 9, 7, 0),
(924, 178, 3, 'tele', 7, 9, 4, 0),
(925, 178, 2, 'tele', 4, 9, 7, 0),
(926, 179, 16, 'auto', 7, 4, 4, 0),
(927, 179, 14, 'tele', 4, 7, 7, 0),
(928, 179, 12, 'tele', 7, 4, 4, 0),
(929, 179, 10, 'tele', 4, 7, 7, 0),
(930, 179, 8, 'tele', 7, 7, 4, 0),
(931, 179, 5, 'tele', 4, 4, 7, 0),
(932, 179, 3, 'tele', 7, 4, 4, 0),
(933, 179, 2, 'tele', 4, 4, 7, 0),
(934, 175, 8, 'tele', 7, 7, 1, 0),
(935, 175, 7, 'tele', 7, 7, 7, 0),
(936, 175, 5, 'tele', 1, 7, 7, 0),
(937, 175, 4, 'tele', 7, 7, 1, 0),
(938, 175, 3, 'tele', 1, 6, 7, 0),
(939, 175, 2, 'tele', 1, 6, 1, 0),
(940, 175, 1, 'tele', 1, 6, 7, 0),
(941, 176, 7, 'auto', 7, 9, 1, 0),
(942, 176, 6, 'tele', 7, 9, 1, 0),
(943, 176, 5, 'tele', 1, 9, 7, 0),
(944, 176, 4, 'tele', 7, 2, 1, 0),
(945, 176, 3, 'tele', 1, 9, 7, 0),
(946, 176, 2, 'tele', 7, 2, 1, 0),
(947, 176, 1, 'tele', 1, 9, 7, 0),
(948, 177, 5, 'auto', 7, 7, 1, 0),
(949, 177, 4, 'tele', 7, 4, 1, 0),
(950, 177, 2, 'tele', 1, 6, 7, 0),
(951, 177, 1, 'tele', 1, 4, 1, 0),
(952, 185, 17, 'auto', 7, 9, 4, 0),
(953, 185, 14, 'tele', 7, 9, 4, 0),
(954, 185, 12, 'tele', 4, 9, 7, 0),
(955, 185, 10, 'tele', 7, 9, 4, 0),
(956, 185, 7, 'tele', 7, 9, 4, 0),
(957, 185, 5, 'tele', 4, 9, 7, 0),
(958, 185, 3, 'tele', 7, 9, 4, 0),
(959, 185, 1, 'tele', 4, 9, 7, 0),
(960, 181, 13, 'auto', 7, 7, 1, 0),
(961, 181, 11, 'tele', 7, 2, 1, 0),
(962, 181, 9, 'tele', 1, 6, 7, 0),
(963, 181, 7, 'tele', 7, 2, 1, 0),
(964, 181, 5, 'tele', 1, 6, 7, 0),
(965, 181, 3, 'tele', 7, 2, 1, 0),
(966, 181, 1, 'tele', 1, 6, 7, 0),
(967, 183, 11, 'tele', 7, 6, 1, 0),
(968, 183, 10, 'tele', 1, 6, 7, 0),
(969, 183, 9, 'tele', 7, 7, 1, 0),
(970, 183, 8, 'tele', 1, 6, 7, 0),
(971, 183, 7, 'tele', 7, 6, 1, 0),
(972, 183, 6, 'tele', 1, 6, 7, 0),
(973, 183, 5, 'tele', 7, 7, 1, 0),
(974, 183, 4, 'tele', 1, 7, 7, 0),
(975, 183, 3, 'tele', 7, 4, 1, 0),
(976, 183, 2, 'tele', 1, 7, 7, 0),
(977, 183, 1, 'tele', 7, 4, 1, 0),
(978, 182, 15, 'tele', 7, 9, 1, 0),
(979, 182, 13, 'tele', 1, 9, 7, 0),
(980, 182, 11, 'tele', 7, 9, 1, 0),
(981, 182, 9, 'tele', 1, 9, 7, 0),
(982, 182, 5, 'tele', 7, 9, 1, 0),
(983, 182, 3, 'tele', 1, 9, 7, 0),
(984, 182, 1, 'auto', 7, 9, 1, 0),
(985, 184, 14, 'auto', 7, 7, 4, 0),
(986, 184, 12, 'tele', 7, 3, 4, 0),
(987, 184, 10, 'tele', 4, 3, 7, 0),
(988, 184, 8, 'tele', 7, 2, 4, 0),
(989, 184, 7, 'tele', 4, 3, 7, 0),
(990, 184, 6, 'tele', 7, 2, 4, 0),
(991, 184, 5, 'tele', 4, 3, 7, 0),
(992, 184, 4, 'tele', 7, 3, 4, 0),
(993, 184, 3, 'tele', 4, 7, 7, 0),
(994, 184, 2, 'tele', 7, 7, 4, 0),
(995, 184, 1, 'tele', 4, 7, 7, 0),
(996, 189, 15, 'tele', 7, 9, 1, 0),
(997, 189, 13, 'tele', 1, 9, 7, 0),
(998, 189, 12, 'tele', 7, 1, 1, 0),
(999, 189, 11, 'tele', 1, 7, 7, 0),
(1000, 189, 9, 'tele', 7, 9, 1, 0),
(1001, 189, 7, 'tele', 1, 9, 7, 0),
(1002, 189, 5, 'tele', 7, 1, 1, 0),
(1003, 189, 3, 'tele', 1, 7, 7, 0),
(1004, 189, 1, 'auto', 7, 9, 1, 0),
(1005, 187, 4, 'tele', 7, 6, 1, 0),
(1006, 187, 2, 'tele', 1, 6, 7, 0),
(1007, 192, 2, 'auto', 7, 3, 7, 0),
(1008, 192, 1, 'tele', 7, 3, 7, 0),
(1009, 190, 13, 'tele', 4, 9, 7, 0),
(1010, 190, 12, 'tele', 7, 3, 4, 0),
(1011, 190, 11, 'tele', 4, 3, 7, 0),
(1012, 190, 10, 'tele', 7, 3, 4, 0),
(1013, 190, 9, 'tele', 4, 3, 7, 0),
(1014, 190, 8, 'tele', 7, 2, 4, 0),
(1015, 190, 7, 'tele', 7, 9, 4, 0),
(1016, 190, 6, 'tele', 4, 9, 7, 0),
(1017, 190, 5, 'tele', 7, 2, 4, 0),
(1018, 190, 4, 'tele', 4, 9, 7, 0),
(1019, 190, 3, 'tele', 7, 9, 4, 0),
(1020, 190, 2, 'tele', 4, 9, 7, 0),
(1021, 190, 1, 'tele', 7, 8, 4, 0),
(1022, 188, 9, 'tele', 7, 4, 1, 0),
(1023, 188, 8, 'tele', 1, 6, 7, 0),
(1024, 188, 7, 'tele', 7, 4, 1, 0),
(1025, 188, 6, 'tele', 1, 4, 7, 0),
(1026, 188, 5, 'tele', 7, 7, 1, 0),
(1027, 188, 4, 'tele', 1, 7, 7, 0),
(1028, 188, 3, 'tele', 1, 4, 7, 0),
(1029, 188, 2, 'tele', 1, 7, 7, 0),
(1030, 188, 1, 'tele', 7, 7, 1, 0),
(1031, 193, 8, 'auto', 7, 7, 1, 0),
(1032, 193, 7, 'tele', 7, 3, 1, 0),
(1033, 193, 6, 'tele', 1, 3, 7, 0),
(1034, 193, 5, 'tele', 7, 7, 1, 0),
(1035, 193, 4, 'tele', 1, 3, 7, 0),
(1036, 193, 3, 'tele', 7, 7, 1, 0),
(1037, 193, 2, 'tele', 1, 3, 7, 0),
(1038, 193, 1, 'tele', 7, 3, 1, 0),
(1039, 194, 10, 'auto', 7, 9, 1, 0),
(1040, 194, 6, 'tele', 7, 9, 1, 0),
(1041, 194, 5, 'tele', 1, 9, 7, 0),
(1042, 194, 4, 'tele', 7, 1, 1, 0),
(1043, 194, 3, 'tele', 1, 6, 7, 0),
(1044, 194, 2, 'tele', 7, 1, 1, 0),
(1045, 194, 1, 'tele', 1, 6, 7, 0),
(1046, 196, 7, 'tele', 7, 9, 4, 0),
(1047, 196, 6, 'tele', 4, 9, 7, 0),
(1048, 196, 4, 'tele', 7, 4, 4, 0),
(1049, 196, 3, 'tele', 4, 6, 7, 0),
(1050, 196, 1, 'tele', 7, 2, 4, 0),
(1051, 195, 2, 'tele', 1, 6, 7, 0),
(1052, 195, 1, 'tele', 7, 6, 1, 0),
(1053, 197, 9, 'tele', 7, 2, 4, 0),
(1054, 197, 8, 'tele', 7, 2, 7, 0),
(1055, 197, 6, 'tele', 4, 7, 7, 0),
(1056, 197, 4, 'tele', 7, 7, 4, 0),
(1057, 197, 2, 'tele', 4, 7, 7, 0),
(1058, 197, 1, 'tele', 7, 7, 4, 0),
(1059, 198, 1, 'tele', 7, 4, 4, 0),
(1060, 204, 14, 'auto', 7, 9, 4, 0),
(1061, 204, 11, 'tele', 7, 9, 4, 0),
(1062, 204, 9, 'tele', 4, 9, 7, 0),
(1063, 204, 7, 'tele', 7, 9, 4, 0),
(1064, 204, 5, 'tele', 4, 9, 7, 0),
(1065, 204, 3, 'tele', 7, 9, 4, 0),
(1066, 204, 2, 'tele', 4, 9, 7, 0),
(1067, 200, 9, 'auto', 7, 7, 1, 0),
(1068, 200, 8, 'tele', 7, 3, 1, 0),
(1069, 200, 6, 'tele', 1, 9, 7, 0),
(1070, 200, 5, 'tele', 7, 2, 1, 0),
(1071, 200, 3, 'tele', 7, 7, 1, 0),
(1072, 200, 2, 'tele', 1, 7, 7, 0),
(1073, 200, 1, 'tele', 1, 7, 7, 0),
(1074, 203, 5, 'auto', 7, 3, 4, 0),
(1075, 203, 4, 'tele', 7, 7, 7, 0),
(1076, 203, 3, 'tele', 1, 6, 7, 0),
(1077, 203, 2, 'tele', 4, 9, 7, 0),
(1078, 203, 1, 'tele', 4, 3, NULL, 1),
(1079, 201, 12, 'auto', 7, 9, 1, 0),
(1080, 201, 6, 'tele', 7, 9, 1, 0),
(1081, 201, 4, 'tele', 1, 9, 7, 0),
(1082, 201, 1, 'tele', 1, 9, 7, 0),
(1083, 199, 13, 'auto', 7, 3, 1, 0),
(1084, 199, 7, 'tele', 7, 2, 1, 0),
(1085, 202, 8, 'tele', 7, 7, 4, 0),
(1086, 202, 6, 'tele', 4, 7, 7, 0),
(1087, 202, 5, 'tele', 7, 7, 4, 0),
(1088, 202, 4, 'tele', 4, 7, 7, 0),
(1089, 202, 3, 'tele', 7, 2, 4, 0),
(1090, 202, 2, 'tele', 4, 7, 7, 0),
(1091, 202, 1, 'tele', 7, 2, 4, 0),
(1092, 206, 13, 'auto', 7, 9, 1, 0),
(1093, 206, 11, 'tele', 7, 4, 1, 0),
(1094, 206, 10, 'tele', 1, 4, 7, 0),
(1095, 206, 9, 'tele', 7, 4, 1, 0),
(1096, 206, 8, 'tele', 7, 4, NULL, 1),
(1097, 206, 6, 'tele', 1, 9, 7, 0),
(1098, 206, 4, 'tele', 7, 9, 1, 0),
(1099, 206, 2, 'tele', 1, 9, 7, 0),
(1100, 208, 13, 'tele', 4, 8, 7, 0),
(1101, 208, 12, 'tele', 7, 6, 4, 0),
(1102, 208, 11, 'tele', 4, 6, 7, 0),
(1103, 208, 10, 'tele', 7, 6, 4, 0),
(1104, 208, 9, 'tele', 4, 6, 7, 0),
(1105, 208, 8, 'tele', 7, 8, 4, 0),
(1106, 208, 7, 'tele', 4, 3, 7, 0),
(1107, 208, 6, 'tele', 7, 8, 4, 0),
(1108, 208, 5, 'tele', 4, 8, 7, 0),
(1109, 208, 4, 'tele', 7, 8, 4, 0),
(1110, 208, 3, 'tele', 4, 8, 7, 0),
(1111, 208, 2, 'tele', 7, 8, 4, 0),
(1112, 208, 1, 'tele', 4, 8, 7, 0),
(1113, 207, 17, 'auto', 7, 2, 1, 0),
(1114, 207, 16, 'tele', 7, 7, 1, 0),
(1115, 207, 14, 'tele', 1, 7, 7, 0),
(1116, 207, 12, 'tele', 7, 9, 1, 0),
(1117, 207, 10, 'tele', 1, 7, 7, 0),
(1118, 207, 4, 'tele', 7, 2, 1, 0),
(1119, 207, 2, 'tele', 1, 7, 7, 0),
(1120, 210, 5, 'tele', 7, 2, 4, 0),
(1121, 210, 4, 'tele', 4, 9, 7, 0),
(1122, 210, 3, 'tele', 7, 9, 4, 0),
(1123, 210, 2, 'tele', 4, 9, 7, 0),
(1124, 210, 1, 'tele', 7, 9, 4, 0),
(1125, 209, 14, 'auto', 7, 3, 4, 0),
(1126, 209, 10, 'tele', 7, 8, 4, 0),
(1127, 209, 9, 'tele', 4, 6, 7, 0),
(1128, 209, 7, 'tele', 7, 2, 4, 0),
(1129, 209, 5, 'tele', 4, 6, 7, 0),
(1130, 209, 3, 'tele', 7, 3, 4, 0),
(1131, 209, 1, 'tele', 4, 6, 7, 0),
(1132, 205, 7, 'auto', 7, 7, 1, 0),
(1133, 205, 6, 'tele', 7, 9, 1, 0),
(1134, 205, 4, 'tele', 1, 7, 7, 0),
(1135, 205, 3, 'tele', 7, 7, 1, 0),
(1136, 205, 2, 'tele', 7, 7, 1, 0),
(1137, 205, 1, 'tele', 1, 7, 7, 0),
(1138, 216, 8, 'auto', 7, 7, 4, 0),
(1139, 216, 7, 'tele', 7, 6, 4, 0),
(1140, 216, 6, 'tele', 4, 6, 7, 0),
(1141, 216, 5, 'tele', 7, 1, 4, 0),
(1142, 216, 3, 'tele', 4, 6, 7, 0),
(1143, 216, 2, 'tele', 7, 1, 4, 0),
(1144, 216, 1, 'tele', 4, 6, 7, 0),
(1145, 214, 1, 'tele', 7, 3, NULL, 1),
(1146, 211, 14, 'auto', 7, 9, 1, 0),
(1147, 211, 10, 'tele', 7, 9, 1, 0),
(1148, 211, 8, 'tele', 1, 9, 7, 0),
(1149, 211, 4, 'tele', 7, 9, 1, 0),
(1150, 211, 2, 'tele', 1, 9, 7, 0),
(1151, 212, 6, 'auto', 7, 7, NULL, 1),
(1152, 212, 4, 'tele', 1, 7, 7, 0),
(1153, 212, 3, 'tele', 7, 7, 1, 0),
(1154, 212, 2, 'tele', 1, 7, 7, 0),
(1155, 212, 1, 'tele', 7, 7, 1, 0),
(1156, 213, 7, 'tele', 7, 1, 1, 0),
(1157, 213, 6, 'tele', 1, 4, 7, 0),
(1158, 213, 5, 'tele', 7, 1, 1, 0),
(1159, 213, 4, 'tele', 1, 4, 7, 0),
(1160, 213, 3, 'tele', 7, 4, 1, 0),
(1161, 213, 2, 'tele', 1, 4, 7, 0),
(1162, 213, 1, 'tele', 7, 4, 1, 0),
(1163, 215, 13, 'auto', 7, 9, 4, 0),
(1164, 215, 10, 'tele', 7, 3, 4, 0),
(1165, 215, 8, 'tele', 4, 3, 7, 0),
(1166, 215, 7, 'tele', 7, 3, 4, 0),
(1167, 215, 6, 'tele', 4, 7, 7, 0),
(1168, 215, 5, 'tele', 7, 7, 4, 0),
(1169, 215, 4, 'tele', 4, 9, 7, 0),
(1170, 215, 2, 'tele', 7, 9, 4, 0),
(1171, 215, 1, 'tele', 4, 9, 7, 0),
(1172, 219, 8, 'tele', 7, 2, 1, 0),
(1173, 219, 7, 'tele', 1, 8, 7, 0),
(1174, 219, 6, 'tele', 7, 8, 1, 0),
(1175, 219, 5, 'tele', 1, 8, 7, 0),
(1176, 219, 4, 'tele', 7, 2, 1, 0),
(1177, 219, 3, 'tele', 7, 4, 1, 0),
(1178, 219, 2, 'tele', 1, 4, 7, 0),
(1179, 219, 1, 'tele', 7, 4, 1, 0),
(1180, 220, 5, 'tele', 7, 8, 4, 0),
(1181, 220, 3, 'tele', 4, 8, 7, 0),
(1182, 220, 1, 'auto', 7, 8, 4, 0),
(1183, 222, 14, 'auto', 7, 4, 4, 0),
(1184, 222, 10, 'tele', 7, 2, 4, 0),
(1185, 222, 9, 'tele', 4, 4, 7, 0),
(1186, 222, 7, 'tele', 7, 2, 4, 0),
(1187, 222, 5, 'tele', 4, 4, 7, 0),
(1188, 222, 3, 'tele', 7, 4, 4, 0),
(1189, 222, 1, 'tele', 4, 4, 7, 0),
(1190, 218, 8, 'tele', 1, 9, 7, 0),
(1191, 218, 6, 'tele', 1, 9, 7, 0),
(1192, 218, 2, 'tele', 7, 9, 1, 0),
(1193, 217, 5, 'tele', 7, 8, 1, 0),
(1194, 217, 4, 'tele', 1, 8, 7, 0),
(1195, 217, 3, 'tele', 7, 8, 1, 0),
(1196, 217, 2, 'tele', 1, 8, 7, 0),
(1197, 217, 1, 'tele', 7, 8, 1, 0),
(1198, 226, 12, 'auto', 7, 4, 4, 0),
(1199, 226, 4, 'tele', 7, 4, 4, 0),
(1200, 226, 2, 'tele', 4, 4, 7, 0),
(1201, 224, 3, 'tele', 7, 8, 1, 0),
(1202, 224, 2, 'tele', 1, 8, 7, 0),
(1203, 224, 1, 'tele', 7, 8, 1, 0),
(1204, 228, 12, 'auto', 7, 9, 4, 0),
(1205, 228, 10, 'tele', 7, 9, 4, 0),
(1206, 228, 7, 'tele', 7, 9, 4, 0),
(1207, 228, 5, 'tele', 4, 9, 7, 0),
(1208, 228, 4, 'tele', 7, 2, 4, 0),
(1209, 228, 3, 'tele', 4, 9, 7, 0),
(1210, 228, 2, 'tele', 7, 2, 4, 0),
(1211, 228, 1, 'tele', 4, 9, 7, 0),
(1212, 227, 15, 'auto', 7, 8, 4, 0),
(1213, 227, 13, 'tele', 7, 9, 4, 0),
(1214, 227, 11, 'tele', 4, 8, 7, 0),
(1215, 227, 9, 'tele', 7, 8, 4, 0),
(1216, 227, 7, 'tele', 4, 8, 7, 0),
(1217, 227, 5, 'tele', 7, 8, 4, 0),
(1218, 227, 3, 'tele', 4, 8, 7, 0),
(1219, 225, 10, 'auto', 7, 9, 1, 0),
(1220, 225, 9, 'tele', 7, 1, 1, 0),
(1221, 225, 7, 'tele', 1, 8, 7, 0),
(1222, 225, 6, 'tele', 7, 1, 1, 0),
(1223, 225, 5, 'tele', 1, 8, 7, 0),
(1224, 225, 4, 'tele', 7, 8, 1, 0),
(1225, 225, 3, 'tele', 1, 8, 7, 0),
(1226, 225, 2, 'tele', 7, 9, 1, 0),
(1227, 225, 1, 'tele', 1, 9, 7, 0),
(1228, 233, 1, 'tele', 7, 3, NULL, 1),
(1229, 234, 5, 'tele', 4, 8, 4, 0),
(1230, 234, 4, 'tele', 4, 8, 4, 0),
(1231, 234, 3, 'tele', 4, 8, 4, 0),
(1232, 234, 1, 'auto', 7, 8, 4, 0),
(1233, 229, 11, 'auto', 7, 9, 1, 0),
(1234, 231, 10, 'auto', 7, 8, 1, 0),
(1235, 231, 7, 'tele', 7, 3, 1, 0),
(1236, 231, 6, 'tele', 1, 3, 7, 0),
(1237, 231, 5, 'tele', 7, 8, 1, 0),
(1238, 231, 4, 'tele', 7, 8, 1, 0),
(1239, 231, 3, 'tele', 1, 8, 7, 0),
(1240, 231, 2, 'tele', 7, 8, 1, 0),
(1241, 231, 1, 'tele', 1, 8, 7, 0),
(1242, 232, 9, 'auto', 7, 9, 1, 0),
(1243, 232, 7, 'tele', 7, 8, 4, 0),
(1244, 232, 6, 'tele', 4, 8, 7, 0),
(1245, 232, 5, 'tele', 7, 2, 4, 0),
(1246, 232, 4, 'tele', 4, 8, 7, 0),
(1247, 232, 3, 'tele', 4, 9, 7, 0),
(1248, 232, 2, 'tele', 7, 9, 4, 0),
(1249, 232, 1, 'tele', 4, 9, 7, 0),
(1250, 230, 15, 'auto', 7, 3, 1, 0),
(1251, 230, 14, 'tele', 1, 8, 7, 0),
(1252, 230, 12, 'tele', 7, 9, 1, 0),
(1253, 230, 10, 'tele', 1, 3, 7, 0),
(1254, 230, 8, 'tele', 7, 2, 1, 0),
(1255, 230, 6, 'tele', 1, 3, 7, 0),
(1256, 230, 4, 'tele', 7, 3, 1, 0),
(1257, 230, 2, 'tele', 1, 3, 7, 0),
(1258, 238, 5, 'tele', 7, 8, 4, 0),
(1259, 238, 4, 'tele', 4, 3, 7, 0),
(1260, 238, 3, 'tele', 4, 3, NULL, 1),
(1261, 238, 1, 'tele', 7, 3, 4, 0),
(1262, 235, 10, 'auto', 7, 8, 1, 0),
(1263, 235, 7, 'tele', 7, 8, 1, 0),
(1264, 235, 5, 'tele', 1, 8, 7, 0),
(1265, 235, 3, 'tele', 7, 8, 1, 0),
(1266, 235, 1, 'tele', 1, 8, 7, 0),
(1267, 236, 8, 'tele', 7, 3, 1, 0),
(1268, 236, 7, 'tele', 1, 3, 7, 0),
(1269, 236, 5, 'tele', 7, 3, 1, 0),
(1270, 236, 4, 'tele', 7, 3, 7, 0),
(1271, 240, 14, 'auto', 7, 9, 4, 0),
(1272, 240, 13, 'tele', 7, 1, 4, 0),
(1273, 240, 11, 'tele', 4, 5, 7, 0),
(1274, 240, 10, 'tele', 7, 5, 4, 0),
(1275, 240, 8, 'tele', 4, 8, 7, 0),
(1276, 240, 6, 'tele', 7, 1, 4, 0),
(1277, 240, 5, 'tele', 4, 3, 7, 0),
(1278, 240, 4, 'tele', 7, 9, 4, 0),
(1279, 240, 2, 'tele', 4, 9, 7, 0),
(1280, 237, 7, 'tele', 1, 9, 7, 0),
(1281, 237, 6, 'tele', 7, 9, 1, 0),
(1282, 237, 5, 'tele', 1, 9, 7, 0),
(1283, 237, 4, 'tele', 1, 9, 1, 0),
(1284, 237, 3, 'tele', 7, 2, 1, 0),
(1285, 237, 2, 'tele', 1, 8, 7, 0),
(1286, 237, 1, 'tele', 7, 2, 1, 0),
(1287, 239, 8, 'auto', 7, 8, 4, 0),
(1288, 239, 5, 'tele', 4, 5, 4, 0),
(1289, 239, 4, 'tele', 7, 8, 4, 0),
(1290, 239, 2, 'tele', 4, 5, 7, 0),
(1291, 241, 14, 'tele', 1, 9, 7, 0),
(1292, 241, 12, 'tele', 1, 9, 7, 0),
(1293, 241, 6, 'tele', 7, 9, 1, 0),
(1294, 241, 5, 'tele', 1, 9, 7, 0),
(1295, 241, 2, 'tele', 7, 8, 1, 0),
(1296, 241, 1, 'tele', 1, 9, 7, 0),
(1297, 243, 12, 'auto', 7, 3, 1, 0),
(1298, 243, 10, 'tele', 7, 9, 1, 0),
(1299, 243, 8, 'tele', 1, 8, 7, 0),
(1300, 243, 5, 'tele', 7, 9, 1, 0),
(1301, 243, 4, 'tele', 1, 3, 7, 0),
(1302, 243, 3, 'tele', 7, 6, 1, 0),
(1303, 243, 2, 'tele', 1, 6, 7, 0),
(1304, 242, 10, 'auto', 7, 3, 1, 0),
(1305, 242, 9, 'tele', 7, 8, 1, 0),
(1306, 242, 8, 'tele', 4, 9, 7, 0),
(1307, 242, 7, 'tele', 1, 9, 7, 0),
(1308, 242, 6, 'tele', 7, 3, 1, 0),
(1309, 242, 5, 'tele', 1, 8, 7, 0),
(1310, 242, 4, 'tele', 7, 8, 1, 0),
(1311, 242, 3, 'tele', 1, 8, 7, 0),
(1312, 242, 2, 'tele', 7, 6, 1, 0),
(1313, 242, 1, 'tele', 1, 6, 7, 0),
(1314, 245, 11, 'auto', 7, 8, 4, 0),
(1315, 245, 10, 'tele', 7, 8, 4, 0),
(1316, 245, 9, 'tele', 4, 6, 7, 0),
(1317, 245, 7, 'tele', 4, 8, 7, 0),
(1318, 245, 6, 'tele', 7, 8, 4, 0),
(1319, 245, 5, 'tele', 4, 8, 7, 0),
(1320, 245, 4, 'tele', 7, 1, 4, 0),
(1321, 245, 3, 'tele', 4, 8, 7, 0),
(1322, 245, 2, 'tele', 7, 1, 4, 0),
(1323, 245, 1, 'tele', 4, 8, 7, 0),
(1324, 246, 16, 'auto', 7, 4, 4, 0),
(1325, 246, 15, 'tele', 7, 8, 4, 0),
(1326, 246, 13, 'tele', 4, 4, 7, 0),
(1327, 246, 7, 'tele', 7, 4, 4, 0),
(1328, 246, 5, 'tele', 4, 4, 7, 0),
(1329, 246, 3, 'tele', 7, 4, 4, 0),
(1330, 246, 1, 'tele', 4, 8, 7, 0),
(1331, 244, 16, 'auto', 7, 9, 4, 0),
(1332, 244, 14, 'tele', 7, 9, 4, 0),
(1333, 244, 12, 'tele', 4, 9, 7, 0),
(1334, 244, 8, 'tele', 7, 9, 4, 0),
(1335, 244, 6, 'tele', 4, 9, 7, 0),
(1336, 249, 10, 'auto', 7, 9, 1, 0),
(1337, 249, 9, 'tele', 7, 2, 1, 0),
(1338, 249, 8, 'tele', 7, 2, 7, 0),
(1339, 249, 7, 'tele', 1, 3, 7, 0),
(1340, 249, 6, 'tele', 7, 2, 1, 0),
(1341, 249, 5, 'tele', 1, 3, 7, 0),
(1342, 249, 4, 'tele', 7, 9, 1, 0),
(1343, 249, 3, 'tele', 1, 8, 7, 0),
(1344, 249, 2, 'tele', 7, 8, 1, 0),
(1345, 249, 1, 'tele', 1, 8, 7, 0),
(1346, 251, 12, 'auto', 7, 8, 4, 0),
(1347, 251, 9, 'tele', 7, 8, 4, 0),
(1348, 251, 7, 'tele', 7, 2, 4, 0),
(1349, 251, 6, 'tele', 4, 2, 7, 0),
(1350, 251, 5, 'tele', 7, 2, 4, 0),
(1351, 251, 4, 'tele', 4, 8, 7, 0),
(1352, 251, 3, 'tele', 7, 8, 4, 0),
(1353, 251, 2, 'tele', 4, 8, 7, 0),
(1354, 252, 15, 'auto', 7, 9, 4, 0),
(1355, 252, 11, 'tele', 7, 9, 4, 0),
(1356, 252, 9, 'tele', 4, 9, 7, 0),
(1357, 252, 7, 'tele', 7, 9, 4, 0),
(1358, 252, 5, 'tele', 4, 9, 7, 0),
(1359, 252, 3, 'tele', 7, 9, 4, 0),
(1360, 252, 1, 'tele', 4, 9, 7, 0),
(1361, 247, 8, 'tele', 7, 8, 1, 0),
(1362, 247, 6, 'tele', 1, 3, 7, 0),
(1363, 247, 4, 'tele', 7, 3, 1, 0),
(1364, 247, 1, 'auto', 7, 8, 1, 0),
(1365, 248, 6, 'auto', 7, 8, NULL, 1),
(1366, 248, 5, 'tele', 7, 8, 1, 0),
(1367, 248, 3, 'tele', 1, 8, 7, 0),
(1368, 248, 1, 'tele', 7, 8, 1, 0),
(1369, 250, 10, 'tele', 7, 6, 4, 0),
(1370, 250, 9, 'tele', 4, 6, 7, 0),
(1371, 250, 8, 'tele', 7, 6, 4, 0),
(1372, 250, 7, 'tele', 4, 6, 7, 0),
(1373, 250, 6, 'tele', 7, 6, 4, 0),
(1374, 250, 5, 'tele', 4, 6, 7, 0),
(1375, 250, 4, 'tele', 7, 4, 4, 0),
(1376, 250, 3, 'tele', 7, 4, 7, 0),
(1377, 250, 2, 'tele', 4, 4, 7, 0),
(1378, 250, 1, 'tele', 7, 4, 4, 0),
(1379, 255, 1, 'tele', 7, 3, 1, 0),
(1380, 256, 5, 'tele', 7, 3, 4, 0),
(1381, 256, 4, 'tele', 4, 8, 7, 0),
(1382, 256, 3, 'tele', 7, 8, 4, 0),
(1383, 256, 2, 'tele', 4, 8, 7, 0),
(1384, 256, 1, 'tele', 7, 8, 4, 0),
(1385, 254, 7, 'tele', 7, 7, 1, 0),
(1386, 254, 6, 'tele', 7, 7, 7, 0),
(1387, 254, 5, 'tele', 7, 7, 7, 0),
(1388, 254, 4, 'tele', 7, 7, 7, 0),
(1389, 254, 3, 'tele', 7, 7, 7, 0),
(1390, 254, 2, 'tele', 1, 6, 7, 0),
(1391, 254, 1, 'tele', 7, 7, 1, 0),
(1392, 257, 12, 'auto', 7, 9, 4, 0),
(1393, 257, 11, 'tele', 7, 9, 7, 0),
(1394, 257, 10, 'tele', 4, 6, 7, 0),
(1395, 257, 9, 'tele', 7, 6, 4, 0),
(1396, 257, 8, 'tele', 4, 6, 7, 0),
(1397, 257, 5, 'tele', 7, 9, 4, 0),
(1398, 257, 3, 'tele', 4, 9, 7, 0),
(1399, 253, 10, 'auto', 7, 9, 1, 0),
(1400, 253, 6, 'tele', 7, 3, 1, 0),
(1401, 253, 5, 'tele', 1, 3, 7, 0),
(1402, 253, 3, 'tele', 7, 3, 1, 0),
(1403, 253, 1, 'tele', 1, 3, 7, 0),
(1404, 258, 1, 'tele', 7, 3, NULL, 1),
(1405, 262, 16, 'auto', 7, 9, 4, 0),
(1406, 262, 15, 'tele', 4, 4, 7, 0),
(1407, 262, 13, 'tele', 7, 9, 4, 0),
(1408, 262, 11, 'tele', 4, 9, 7, 0),
(1409, 262, 5, 'tele', 7, 4, 4, 0),
(1410, 262, 3, 'tele', 4, 4, 7, 0),
(1411, 259, 13, 'auto', 7, 3, 1, 0),
(1412, 259, 12, 'tele', 7, 3, NULL, 1),
(1413, 259, 11, 'tele', 1, 6, 7, 0),
(1414, 259, 10, 'tele', 7, 6, 1, 0),
(1415, 259, 9, 'tele', 1, 6, 7, 0),
(1416, 259, 8, 'tele', 7, 6, 1, 0),
(1417, 259, 7, 'tele', 1, 6, 7, 0),
(1418, 259, 6, 'tele', 7, 1, 1, 0),
(1419, 259, 5, 'tele', 1, 3, 7, 0),
(1420, 259, 4, 'tele', 7, 1, 1, 0),
(1421, 259, 3, 'tele', 1, 3, 7, 0),
(1422, 259, 2, 'tele', 7, 3, 1, 0),
(1423, 259, 1, 'tele', 1, 3, 7, 0),
(1424, 260, 17, 'auto', 7, 9, 1, 0),
(1425, 260, 15, 'tele', 7, 9, 1, 0),
(1426, 260, 13, 'tele', 1, 9, 7, 0),
(1427, 260, 11, 'tele', 7, 9, 1, 0),
(1428, 260, 9, 'tele', 1, 9, 7, 0),
(1429, 260, 3, 'tele', 7, 9, 1, 0),
(1430, 260, 1, 'tele', 1, 9, 7, 0),
(1431, 263, 8, 'tele', 7, 6, 4, 0),
(1432, 263, 7, 'tele', 4, 6, 7, 0),
(1433, 263, 6, 'tele', 7, 6, 4, 0),
(1434, 263, 5, 'tele', 4, 6, 7, 0),
(1435, 263, 4, 'tele', 7, 4, 4, 0),
(1436, 263, 3, 'tele', 4, 9, 7, 0),
(1437, 263, 1, 'tele', 7, 9, 4, 0),
(1438, 261, 16, 'auto', 7, 8, 1, 0),
(1439, 261, 14, 'tele', 1, 8, 7, 0),
(1440, 261, 12, 'tele', 7, 8, 1, 0),
(1441, 261, 10, 'tele', 1, 8, 7, 0),
(1442, 261, 8, 'tele', 7, 8, 1, 0),
(1443, 261, 6, 'tele', 1, 8, 7, 0),
(1444, 261, 4, 'tele', 7, 8, 1, 0),
(1445, 261, 2, 'tele', 1, 8, 7, 0),
(1446, 264, 11, 'auto', 7, 8, 4, 0),
(1447, 264, 9, 'tele', 7, 8, 4, 0),
(1448, 264, 6, 'tele', 7, 8, 4, 0),
(1449, 264, 5, 'tele', 7, 4, 7, 0),
(1450, 264, 4, 'tele', 4, 8, 7, 0),
(1451, 264, 3, 'tele', 7, 8, 4, 0),
(1452, 264, 2, 'tele', 4, 8, 7, 0),
(1453, 267, 13, 'tele', 7, 1, 1, 0),
(1454, 267, 11, 'tele', 1, 1, 7, 0),
(1455, 267, 7, 'tele', 7, 1, 1, 0),
(1456, 267, 5, 'tele', 1, 1, 7, 0),
(1457, 267, 1, 'auto', 7, 1, 1, 0),
(1458, 266, 11, 'tele', 7, 9, 1, 0),
(1459, 266, 9, 'tele', 1, 9, 7, 0),
(1460, 266, 5, 'tele', 7, 9, 1, 0),
(1461, 266, 3, 'tele', 1, 9, 7, 0),
(1462, 266, 1, 'tele', 7, 9, 1, 0),
(1463, 270, 14, 'auto', 7, 7, NULL, 1),
(1464, 270, 12, 'tele', 7, 3, 4, 0),
(1465, 270, 10, 'tele', 4, 7, 7, 0),
(1466, 270, 9, 'tele', 7, 7, 4, 0),
(1467, 270, 8, 'tele', 4, 7, 7, 0),
(1468, 270, 7, 'tele', 7, 3, 4, 0),
(1469, 270, 6, 'tele', 4, 7, 7, 0),
(1470, 270, 2, 'tele', 7, 7, 4, 0),
(1471, 265, 11, 'auto', 7, 7, 1, 0),
(1472, 265, 10, 'tele', 7, 6, 1, 0),
(1473, 265, 9, 'tele', 1, 6, 7, 0),
(1474, 265, 7, 'tele', 7, 3, 1, 0),
(1475, 265, 5, 'tele', 1, 3, 7, 0),
(1476, 265, 4, 'tele', 7, 3, 1, 0),
(1477, 265, 3, 'tele', 1, 3, 7, 0),
(1478, 265, 2, 'tele', 7, 7, 1, 0),
(1479, 269, 1, 'tele', 7, 1, 4, 0),
(1480, 268, 12, 'auto', 7, 9, 4, 0),
(1481, 268, 10, 'tele', 7, 9, 4, 0),
(1482, 268, 8, 'tele', 7, 9, 4, 0),
(1483, 268, 7, 'tele', 4, 9, 7, 0),
(1484, 268, 6, 'tele', 7, 9, 4, 0),
(1485, 268, 3, 'tele', 7, 9, 4, 0),
(1486, 268, 1, 'tele', 4, 9, 7, 0),
(1487, 273, 8, 'auto', 7, 1, NULL, 1),
(1488, 273, 7, 'tele', 7, 7, NULL, 1),
(1489, 273, 6, 'tele', 7, 7, 7, 0),
(1490, 273, 5, 'tele', 7, 7, 7, 0),
(1491, 273, 3, 'tele', 7, 7, 7, 0),
(1492, 273, 1, 'tele', 7, 7, 7, 0),
(1493, 272, 7, 'auto', 7, 7, 1, 0),
(1494, 272, 6, 'tele', 7, 3, NULL, 1),
(1495, 272, 4, 'tele', 1, 6, 7, 0),
(1496, 272, 3, 'tele', 7, 6, 1, 0),
(1497, 272, 2, 'tele', 1, 6, 7, 0),
(1498, 272, 1, 'tele', 1, 3, NULL, 1),
(1499, 276, 10, 'auto', 7, 7, 4, 0),
(1500, 276, 8, 'tele', 7, 6, 4, 0),
(1501, 276, 6, 'tele', 4, 3, 7, 0),
(1502, 276, 2, 'tele', 7, 7, 4, 0),
(1503, 276, 1, 'tele', 4, 7, 7, 0);
INSERT INTO `matchbreaches` (`id`, `teamMatchID`, `orderID`, `mode`, `startZone`, `defenseID`, `endZone`, `fail`) VALUES
(1504, 275, 16, 'auto', 7, 9, 4, 0),
(1505, 275, 14, 'tele', 4, 6, 7, 0),
(1506, 275, 12, 'tele', 7, 9, 4, 0),
(1507, 275, 10, 'tele', 4, 9, 7, 0),
(1508, 275, 8, 'tele', 7, 1, 4, 0),
(1509, 275, 6, 'tele', 4, 9, 7, 0),
(1510, 275, 4, 'tele', 7, 9, 4, 0),
(1511, 275, 2, 'tele', 4, 9, 7, 0),
(1512, 274, 8, 'auto', 7, 3, NULL, 1),
(1513, 274, 6, 'tele', 7, 1, 4, 0),
(1514, 274, 5, 'tele', 4, 3, 7, 0),
(1515, 274, 4, 'tele', 7, 3, 4, 0),
(1516, 274, 3, 'tele', 4, 3, 7, 0),
(1517, 274, 1, 'tele', 7, 3, 4, 0),
(1518, 280, 9, 'auto', 7, 9, 4, 0),
(1519, 280, 7, 'tele', 7, 9, 4, 0),
(1520, 280, 5, 'tele', 4, 9, 7, 0),
(1521, 280, 3, 'tele', 7, 1, 4, 0),
(1522, 280, 1, 'tele', 4, 9, 7, 0),
(1523, 278, 12, 'auto', 7, 9, 1, 0),
(1524, 278, 9, 'tele', 1, 9, 1, 0),
(1525, 278, 7, 'tele', 7, 8, 1, 0),
(1526, 278, 6, 'tele', 1, 8, 7, 0),
(1527, 278, 5, 'tele', 7, 8, 1, 0),
(1528, 278, 4, 'tele', 1, 9, 7, 0),
(1529, 278, 3, 'tele', 7, 9, 1, 0),
(1530, 278, 1, 'tele', 1, 9, 7, 0),
(1531, 281, 15, 'tele', 7, 7, 4, 0),
(1532, 281, 13, 'tele', 4, 7, 7, 0),
(1533, 281, 9, 'tele', 7, 3, 4, 0),
(1534, 281, 7, 'tele', 4, 3, 7, 0),
(1535, 281, 5, 'tele', 7, 7, 4, 0),
(1536, 281, 3, 'tele', 4, 3, 7, 0),
(1537, 281, 1, 'auto', 7, 7, 4, 0),
(1538, 277, 13, 'auto', 7, 1, 1, 0),
(1539, 277, 9, 'tele', 1, 8, 7, 0),
(1540, 277, 6, 'tele', 7, 4, 1, 0),
(1541, 277, 5, 'tele', 1, 8, 7, 0),
(1542, 277, 4, 'tele', 7, 4, 1, 0),
(1543, 277, 3, 'tele', 1, 8, 7, 0),
(1544, 277, 2, 'tele', 7, 1, 1, 0),
(1545, 277, 1, 'tele', 1, 8, 7, 0),
(1546, 279, 1, 'tele', 7, 3, 4, 0),
(1547, 284, 6, 'auto', 7, 3, 1, 0),
(1548, 284, 5, 'tele', 7, 6, 1, 0),
(1549, 284, 4, 'tele', 1, 6, 7, 0),
(1550, 284, 3, 'tele', 7, 8, 1, 0),
(1551, 284, 2, 'tele', 1, 6, 7, 0),
(1552, 284, 1, 'tele', 1, 3, NULL, 1),
(1553, 287, 10, 'tele', 7, 8, 4, 0),
(1554, 287, 8, 'tele', 4, 8, 7, 0),
(1555, 287, 4, 'tele', 7, 8, 4, 0),
(1556, 287, 3, 'tele', 4, 8, 7, 0),
(1557, 287, 1, 'tele', 7, 9, 4, 0),
(1558, 283, 8, 'auto', 7, 8, 1, 0),
(1559, 283, 7, 'tele', 1, 8, 7, 0),
(1560, 283, 6, 'tele', 7, 1, 1, 0),
(1561, 283, 5, 'tele', 1, 8, 7, 0),
(1562, 283, 4, 'tele', 7, 1, 1, 0),
(1563, 283, 3, 'tele', 1, 8, 7, 0),
(1564, 283, 2, 'tele', 7, 8, 1, 0),
(1565, 283, 1, 'tele', 1, 8, 7, 0),
(1566, 285, 7, 'auto', 7, 3, 1, 0),
(1567, 285, 6, 'tele', 7, 3, 1, 0),
(1568, 285, 5, 'tele', 1, 8, 7, 0),
(1569, 285, 2, 'tele', 7, 9, 1, 0),
(1570, 285, 1, 'tele', 1, 9, 7, 0),
(1571, 286, 7, 'tele', 4, 5, NULL, 1),
(1572, 286, 6, 'tele', 7, 9, 4, 0),
(1573, 286, 5, 'tele', 4, 9, 7, 0),
(1574, 286, 4, 'tele', 7, 4, NULL, 1),
(1575, 286, 3, 'tele', 4, 9, 7, 0),
(1576, 286, 1, 'auto', 7, 9, 4, 0),
(1577, 288, 15, 'auto', 7, 8, 4, 0),
(1578, 288, 13, 'tele', 4, 8, 7, 0),
(1579, 288, 11, 'tele', 7, 8, 4, 0),
(1580, 288, 9, 'tele', 4, 1, 7, 0),
(1581, 288, 7, 'tele', 7, 1, 4, 0),
(1582, 288, 5, 'tele', 4, 1, 7, 0),
(1583, 288, 3, 'tele', 7, 1, 4, 0),
(1584, 288, 1, 'tele', 4, 8, 7, 0),
(1585, 293, 14, 'auto', 7, 7, 4, 0),
(1586, 293, 12, 'tele', 7, 3, 4, 0),
(1587, 293, 11, 'tele', 4, 7, 7, 0),
(1588, 293, 10, 'tele', 7, 1, 4, 0),
(1589, 293, 9, 'tele', 4, 7, 7, 0),
(1590, 293, 8, 'tele', 7, 1, 4, 0),
(1591, 293, 7, 'tele', 4, 3, 7, 0),
(1592, 293, 6, 'tele', 7, 3, 4, 0),
(1593, 293, 5, 'tele', 4, 7, 7, 0),
(1594, 293, 4, 'tele', 7, 7, 4, 0),
(1595, 293, 2, 'tele', 4, 7, 7, 0),
(1596, 294, 10, 'auto', 7, 9, 4, 0),
(1597, 294, 5, 'tele', 7, 6, 4, 0),
(1598, 294, 1, 'tele', 7, 9, 4, 0),
(1599, 292, 3, 'auto', 7, 3, NULL, 1),
(1600, 292, 2, 'tele', 4, 6, 7, 0),
(1601, 292, 1, 'tele', 7, 3, 4, 0),
(1602, 289, 2, 'tele', 7, 9, 1, 0),
(1603, 291, 8, 'auto', 7, 9, 1, 0),
(1604, 291, 7, 'tele', 7, 9, 1, 0),
(1605, 291, 6, 'tele', 7, 7, 1, 0),
(1606, 291, 5, 'tele', 1, 9, 7, 0),
(1607, 291, 4, 'tele', 7, 9, 1, 0),
(1608, 291, 2, 'tele', 1, 9, 7, 0),
(1609, 290, 12, 'auto', 7, 3, 1, 0),
(1610, 290, 11, 'tele', 7, 6, 1, 0),
(1611, 290, 10, 'tele', 1, 6, 7, 0),
(1612, 290, 9, 'tele', 1, 6, 7, 0),
(1613, 290, 8, 'tele', 7, 6, 1, 0),
(1614, 290, 7, 'tele', 1, 6, 7, 0),
(1615, 290, 6, 'tele', 7, 2, 1, 0),
(1616, 290, 5, 'tele', 1, 3, 7, 0),
(1617, 290, 4, 'tele', 7, 2, 1, 0),
(1618, 290, 3, 'tele', 1, 3, 7, 0),
(1619, 290, 2, 'tele', 7, 3, 1, 0),
(1620, 290, 1, 'tele', 1, 3, 7, 0),
(1621, 300, 12, 'auto', 7, 7, 4, 0),
(1622, 300, 6, 'tele', 7, 2, 4, 0),
(1623, 300, 5, 'tele', 4, 3, 7, 0),
(1624, 300, 4, 'tele', 7, 2, 4, 0),
(1625, 300, 2, 'tele', 4, 7, 7, 0),
(1626, 298, 14, 'tele', 4, 9, 7, 0),
(1627, 298, 12, 'tele', 7, 3, 4, 0),
(1628, 298, 10, 'tele', 4, 3, 7, 0),
(1629, 298, 8, 'tele', 7, 3, 4, 0),
(1630, 298, 7, 'tele', 4, 9, 7, 0),
(1631, 298, 5, 'tele', 7, 9, 4, 0),
(1632, 298, 3, 'tele', 4, 9, 7, 0),
(1633, 298, 1, 'auto', 7, 9, 4, 0),
(1634, 296, 4, 'tele', 7, 7, 1, 0),
(1635, 296, 3, 'tele', 1, 1, 7, 0),
(1636, 296, 1, 'tele', 7, 1, 1, 0),
(1637, 297, 8, 'tele', 7, 9, 1, 0),
(1638, 297, 6, 'tele', 7, 7, 7, 0),
(1639, 297, 5, 'tele', 7, 7, 7, 0),
(1640, 297, 4, 'tele', 1, 3, 7, 0),
(1641, 297, 3, 'tele', 7, 3, 1, 0),
(1642, 297, 2, 'tele', 1, 3, 7, 0),
(1643, 297, 1, 'tele', 7, 3, 1, 0),
(1644, 295, 6, 'auto', 7, 9, 1, 0),
(1645, 295, 1, 'tele', 7, 9, 1, 0),
(1646, 299, 8, 'auto', 7, 3, 4, 0),
(1647, 299, 7, 'tele', 7, 3, NULL, 1),
(1648, 299, 6, 'tele', 4, 5, 7, 0),
(1649, 299, 5, 'tele', 4, 5, 4, 0),
(1650, 299, 4, 'tele', 7, 5, 4, 0),
(1651, 299, 3, 'tele', 4, 5, 7, 0),
(1652, 299, 2, 'tele', 7, 3, 4, 0),
(1653, 299, 1, 'tele', 4, 3, 7, 0),
(1654, 306, 15, 'auto', 7, 7, 4, 0),
(1655, 306, 13, 'tele', 4, 7, 7, 0),
(1656, 306, 11, 'tele', 7, 3, 4, 0),
(1657, 306, 9, 'tele', 4, 7, 7, 0),
(1658, 306, 8, 'tele', 7, 2, 4, 0),
(1659, 306, 7, 'tele', 4, 7, 7, 0),
(1660, 306, 6, 'tele', 7, 2, 4, 0),
(1661, 306, 5, 'tele', 4, 7, 7, 0),
(1662, 306, 3, 'tele', 7, 7, 4, 0),
(1663, 306, 1, 'tele', 4, 7, 7, 0),
(1664, 301, 11, 'auto', 7, 8, 1, 0),
(1665, 301, 8, 'tele', 7, 1, 1, 0),
(1666, 301, 7, 'tele', 7, 1, 1, 0),
(1667, 301, 6, 'tele', 7, 9, 1, 0),
(1668, 301, 4, 'tele', 7, 9, 1, 0),
(1669, 303, 9, 'tele', 7, 6, 1, 0),
(1670, 303, 8, 'tele', 1, 6, 7, 0),
(1671, 303, 7, 'tele', 7, 6, 1, 0),
(1672, 303, 6, 'tele', 1, 6, 7, 0),
(1673, 303, 5, 'tele', 7, 8, 1, 0),
(1674, 303, 4, 'tele', 1, 3, 7, 0),
(1675, 303, 3, 'tele', 7, 3, 1, 0),
(1676, 303, 1, 'tele', 1, 6, 7, 0),
(1677, 304, 13, 'tele', 7, 9, 4, 0),
(1678, 304, 12, 'tele', 4, 6, 7, 0),
(1679, 304, 10, 'tele', 7, 9, 4, 0),
(1680, 304, 8, 'tele', 4, 6, 7, 0),
(1681, 304, 4, 'tele', 7, 9, 4, 0),
(1682, 305, 1, 'tele', 7, 9, 4, 0),
(1683, 312, 11, 'auto', 7, 7, 4, 0),
(1684, 312, 9, 'tele', 7, 9, 4, 0),
(1685, 312, 8, 'tele', 4, 6, 7, 0),
(1686, 312, 7, 'tele', 7, 2, 4, 0),
(1687, 312, 5, 'tele', 4, 6, 7, 0),
(1688, 312, 3, 'tele', 7, 2, 4, 0),
(1689, 312, 1, 'tele', 4, 6, 7, 0),
(1690, 310, 13, 'tele', 7, 7, 4, 0),
(1691, 310, 11, 'tele', 4, 6, 7, 0),
(1692, 310, 9, 'tele', 7, 3, 4, 0),
(1693, 310, 7, 'tele', 4, 6, 7, 0),
(1694, 310, 5, 'tele', 7, 3, 4, 0),
(1695, 309, 1, 'tele', 7, 3, NULL, 1),
(1696, 311, 14, 'auto', 7, 9, 4, 0),
(1697, 311, 10, 'tele', 7, 9, 4, 0),
(1698, 311, 7, 'tele', 7, 6, 4, 0),
(1699, 311, 5, 'tele', 4, 9, 7, 0),
(1700, 311, 3, 'tele', 7, 9, 4, 0),
(1701, 308, 16, 'auto', 7, 7, 1, 0),
(1702, 308, 14, 'tele', 7, 3, 1, 0),
(1703, 308, 12, 'tele', 1, 3, 7, 0),
(1704, 308, 8, 'tele', 7, 7, 1, 0),
(1705, 308, 6, 'tele', 1, 9, 7, 0),
(1706, 308, 4, 'tele', 7, 9, 1, 0),
(1707, 308, 2, 'tele', 1, 9, 7, 0),
(1708, 307, 3, 'auto', 7, 9, 1, 0),
(1709, 307, 2, 'tele', 7, 2, 1, 0),
(1710, 307, 1, 'tele', 7, 2, 1, 0),
(1711, 313, 16, 'auto', 7, 3, NULL, 1),
(1712, 313, 14, 'tele', 1, 9, 7, 0),
(1713, 313, 11, 'tele', 1, 9, 7, 0),
(1714, 313, 9, 'tele', 7, 9, 1, 0),
(1715, 313, 7, 'tele', 1, 9, 7, 0),
(1716, 313, 5, 'tele', 7, 9, 1, 0),
(1717, 313, 3, 'tele', 1, 9, 7, 0),
(1718, 313, 1, 'tele', 7, 3, 1, 0),
(1719, 315, 2, 'tele', 7, 7, 1, 0),
(1720, 315, 1, 'tele', 7, 7, 1, 0),
(1721, 316, 10, 'auto', 7, 1, 4, 0),
(1722, 316, 9, 'tele', 7, 9, 4, 0),
(1723, 316, 7, 'tele', 7, 7, 4, 0),
(1724, 316, 6, 'tele', 4, 7, 7, 0),
(1725, 316, 5, 'tele', 7, 7, 4, 0),
(1726, 316, 4, 'tele', 4, 7, 7, 0),
(1727, 316, 3, 'tele', 7, 7, 4, 0),
(1728, 316, 2, 'tele', 4, 7, 7, 0),
(1729, 317, 9, 'auto', 7, 9, 4, 0),
(1730, 317, 5, 'tele', 7, 9, 4, 0),
(1731, 317, 2, 'tele', 4, 9, 7, 0),
(1732, 314, 13, 'auto', 7, 9, 1, 0),
(1733, 314, 11, 'tele', 7, 7, 1, 0),
(1734, 314, 9, 'tele', 1, 7, 7, 0),
(1735, 314, 7, 'tele', 7, 7, 1, 0),
(1736, 314, 5, 'tele', 1, 9, 7, 0),
(1737, 314, 4, 'tele', 7, 1, 1, 0),
(1738, 314, 3, 'tele', 1, 9, 7, 0),
(1739, 314, 2, 'tele', 7, 1, 1, 0),
(1740, 314, 1, 'tele', 1, 9, 7, 0),
(1741, 318, 5, 'tele', 7, 3, 4, 0),
(1742, 318, 4, 'tele', 4, 3, NULL, 1),
(1743, 318, 3, 'tele', 7, 3, 4, 0),
(1744, 318, 1, 'tele', 4, 1, 7, 0),
(1745, 319, 7, 'auto', 7, 7, NULL, 1),
(1746, 319, 6, 'tele', 7, 9, 1, 0),
(1747, 319, 5, 'tele', 1, 9, 7, 0),
(1748, 319, 4, 'tele', 7, 9, 1, 0),
(1749, 319, 3, 'tele', 1, 9, 7, 0),
(1750, 319, 2, 'tele', 7, 7, 1, 0),
(1751, 319, 1, 'tele', 7, 7, NULL, 1),
(1752, 322, 11, 'auto', 7, 3, 4, 0),
(1753, 322, 7, 'tele', 7, 9, 4, 0),
(1754, 322, 5, 'tele', 4, 9, 7, 0),
(1755, 322, 3, 'tele', 7, 3, 4, 0),
(1756, 322, 2, 'tele', 4, 3, 7, 0),
(1757, 322, 1, 'tele', 4, 3, 4, 0),
(1758, 324, 9, 'auto', 7, 7, 4, 0),
(1759, 324, 7, 'tele', 7, 7, 4, 0),
(1760, 324, 5, 'tele', 4, 7, 7, 0),
(1761, 324, 4, 'tele', 7, 1, 4, 0),
(1762, 324, 3, 'tele', 4, 7, 7, 0),
(1763, 324, 2, 'tele', 7, 1, 4, 0),
(1764, 324, 1, 'tele', 4, 7, 7, 0),
(1765, 321, 9, 'tele', 7, 2, 1, 0),
(1766, 321, 7, 'tele', 1, 7, 7, 0),
(1767, 321, 6, 'tele', 7, 6, 1, 0),
(1768, 321, 5, 'tele', 1, 6, 7, 0),
(1769, 321, 4, 'tele', 7, 6, 1, 0),
(1770, 321, 3, 'tele', 1, 6, 7, 0),
(1771, 321, 1, 'tele', 7, 2, 1, 0),
(1772, 320, 9, 'auto', 7, 3, 1, 0),
(1773, 320, 7, 'tele', 7, 3, 1, 0),
(1774, 320, 4, 'tele', 7, 7, 1, 0),
(1775, 320, 1, 'tele', 7, 3, 1, 0),
(1776, 323, 9, 'auto', 7, 9, 4, 0),
(1777, 323, 8, 'tele', 7, 9, 4, 0),
(1778, 323, 7, 'tele', 4, 9, 7, 0),
(1779, 323, 5, 'tele', 7, 9, 4, 0),
(1780, 323, 3, 'tele', 4, 9, 7, 0),
(1781, 323, 1, 'tele', 7, 9, 4, 0),
(1782, 329, 15, 'tele', 4, 9, 7, 0),
(1783, 329, 13, 'tele', 7, 3, 4, 0),
(1784, 329, 11, 'tele', 4, 9, 7, 0),
(1785, 329, 9, 'tele', 7, 3, 4, 0),
(1786, 329, 7, 'tele', 4, 9, 7, 0),
(1787, 329, 5, 'tele', 7, 9, 4, 0),
(1788, 329, 3, 'tele', 4, 9, 7, 0),
(1789, 329, 1, 'auto', 7, 9, 4, 0),
(1790, 330, 12, 'tele', 7, 7, 4, 0),
(1791, 330, 11, 'tele', 4, 7, 7, 0),
(1792, 330, 9, 'tele', 7, 7, 4, 0),
(1793, 330, 7, 'tele', 4, 7, 7, 0),
(1794, 330, 6, 'tele', 7, 7, 4, 0),
(1795, 330, 5, 'tele', 7, 7, 7, 0),
(1796, 330, 4, 'tele', 4, 7, 7, 0),
(1797, 330, 3, 'tele', 7, 7, 4, 0),
(1798, 330, 2, 'tele', 4, 7, 7, 0),
(1799, 330, 1, 'tele', 7, 7, 4, 0),
(1800, 325, 17, 'auto', 7, 9, 1, 0),
(1801, 325, 5, 'tele', 7, 3, 1, 0),
(1802, 325, 2, 'tele', 7, 3, 1, 0),
(1803, 328, 9, 'tele', 7, 3, 4, 0),
(1804, 328, 7, 'tele', 4, 6, 7, 0),
(1805, 328, 5, 'tele', 7, 2, 4, 0),
(1806, 328, 3, 'tele', 4, 6, 7, 0),
(1807, 328, 1, 'auto', 7, 2, 4, 0),
(1808, 327, 14, 'tele', 1, 9, 7, 0),
(1809, 327, 13, 'tele', 7, 6, 1, 0),
(1810, 327, 12, 'tele', 1, 6, 7, 0),
(1811, 327, 11, 'tele', 7, 6, 1, 0),
(1812, 327, 10, 'tele', 1, 6, 7, 0),
(1813, 327, 9, 'tele', 7, 2, 1, 0),
(1814, 327, 7, 'tele', 1, 7, 7, 0),
(1815, 327, 6, 'tele', 7, 2, 1, 0),
(1816, 327, 5, 'tele', 1, 7, 7, 0),
(1817, 327, 4, 'tele', 1, 7, 1, 0),
(1818, 327, 3, 'tele', 7, 7, 1, 0),
(1819, 327, 2, 'tele', 1, 7, 7, 0),
(1820, 327, 1, 'auto', 7, 7, 1, 0),
(1821, 334, 7, 'auto', 7, 8, 4, 0),
(1822, 334, 6, 'tele', 7, 3, NULL, 1),
(1823, 334, 3, 'tele', 7, 3, 4, 0),
(1824, 333, 12, 'tele', 7, 9, 1, 0),
(1825, 333, 10, 'tele', 1, 9, 7, 0),
(1826, 333, 8, 'tele', 7, 2, 1, 0),
(1827, 333, 6, 'tele', 1, 2, 7, 0),
(1828, 333, 5, 'tele', 1, 2, NULL, 1),
(1829, 333, 2, 'tele', 7, 2, 1, 0),
(1830, 333, 1, 'tele', 1, 2, 7, 0),
(1831, 336, 10, 'tele', 7, 6, 4, 0),
(1832, 336, 9, 'tele', 4, 6, 7, 0),
(1833, 336, 8, 'tele', 7, 6, 4, 0),
(1834, 336, 7, 'tele', 4, 6, 7, 0),
(1835, 336, 3, 'tele', 7, 8, 4, 0),
(1836, 336, 1, 'tele', 4, 8, 7, 0),
(1837, 331, 14, 'auto', 7, 9, 1, 0),
(1838, 331, 12, 'tele', 7, 9, 1, 0),
(1839, 331, 10, 'tele', 1, 6, 7, 0),
(1840, 331, 8, 'tele', 7, 3, 1, 0),
(1841, 331, 7, 'tele', 7, 3, 7, 0),
(1842, 331, 5, 'tele', 1, 3, 7, 0),
(1843, 331, 3, 'tele', 7, 3, 1, 0),
(1844, 331, 1, 'tele', 1, 9, 7, 0),
(1845, 332, 17, 'auto', 7, 7, 1, 0),
(1846, 332, 13, 'tele', 7, 7, 1, 0),
(1847, 332, 11, 'tele', 1, 7, 7, 0),
(1848, 332, 9, 'tele', 7, 7, 1, 0),
(1849, 332, 7, 'tele', 1, 7, 7, 0),
(1850, 332, 3, 'tele', 7, 7, 1, 0),
(1851, 332, 1, 'tele', 1, 7, 7, 0),
(1852, 335, 10, 'auto', 7, 9, 4, 0),
(1853, 335, 7, 'tele', 4, 9, 7, 0),
(1854, 335, 4, 'tele', 7, 9, 4, 0),
(1855, 335, 3, 'tele', 4, 9, 7, 0),
(1856, 335, 1, 'tele', 4, 9, 7, 0),
(1857, 340, 7, 'auto', 7, 7, 4, 0),
(1858, 340, 6, 'tele', 7, 6, 4, 0),
(1859, 340, 5, 'tele', 4, 6, 7, 0),
(1860, 340, 4, 'tele', 7, 7, 4, 0),
(1861, 340, 3, 'tele', 4, 7, 7, 0),
(1862, 340, 2, 'tele', 7, 7, 4, 0),
(1863, 340, 1, 'tele', 4, 7, 7, 0),
(1864, 338, 1, 'tele', 7, 9, NULL, 1),
(1865, 342, 14, 'auto', 7, 9, 4, 0),
(1866, 342, 10, 'tele', 7, 1, 4, 0),
(1867, 342, 8, 'tele', 4, 6, 7, 0),
(1868, 342, 7, 'tele', 7, 6, 4, 0),
(1869, 342, 6, 'tele', 4, 6, 7, 0),
(1870, 342, 3, 'tele', 4, 9, 7, 0),
(1871, 341, 10, 'auto', 7, 3, 4, 0),
(1872, 341, 9, 'tele', 4, 3, 7, 0),
(1873, 341, 8, 'tele', 7, 1, 4, 0),
(1874, 341, 7, 'tele', 4, 3, 7, 0),
(1875, 341, 6, 'tele', 7, 7, 4, 0),
(1876, 341, 5, 'tele', 4, 3, 7, 0),
(1877, 341, 4, 'tele', 7, 1, 4, 0),
(1878, 341, 3, 'tele', 4, 3, 7, 0),
(1879, 341, 2, 'tele', 7, 3, 4, 0),
(1880, 341, 1, 'tele', 4, 3, 7, 0),
(1881, 339, 10, 'auto', 7, 7, NULL, 1),
(1882, 339, 9, 'tele', 7, 2, 1, 0),
(1883, 339, 7, 'tele', 1, 2, 7, 0),
(1884, 339, 5, 'tele', 7, 7, 1, 0),
(1885, 339, 3, 'tele', 1, 7, 7, 0),
(1886, 339, 1, 'tele', 7, 7, 1, 0),
(1887, 337, 8, 'auto', 7, 4, 1, 0),
(1888, 337, 6, 'tele', 7, 9, 1, 0),
(1889, 337, 4, 'tele', 1, 4, 7, 0),
(1890, 344, 14, 'tele', 7, 3, 1, 0),
(1891, 344, 13, 'tele', 7, 7, 7, 0),
(1892, 344, 12, 'tele', 7, 7, 7, 0),
(1893, 344, 11, 'tele', 1, 3, 7, 0),
(1894, 344, 10, 'tele', 7, 6, 1, 0),
(1895, 344, 9, 'tele', 1, 6, 7, 0),
(1896, 344, 8, 'tele', 7, 6, 1, 0),
(1897, 344, 7, 'tele', 1, 6, 7, 0),
(1898, 344, 6, 'tele', 7, 9, 1, 0),
(1899, 344, 5, 'tele', 1, 9, 7, 0),
(1900, 344, 4, 'tele', 7, 9, 1, 0),
(1901, 344, 3, 'tele', 1, 3, 7, 0),
(1902, 344, 2, 'tele', 7, 3, 1, 0),
(1903, 348, 10, 'auto', 7, 7, 4, 0),
(1904, 348, 9, 'tele', 7, 7, 4, 0),
(1905, 348, 8, 'tele', 4, 7, 7, 0),
(1906, 343, 3, 'tele', 7, 6, 1, 0),
(1907, 343, 2, 'tele', 7, 7, NULL, 1),
(1908, 343, 1, 'auto', 7, 7, NULL, 1),
(1909, 347, 10, 'auto', 7, 9, 4, 0),
(1910, 347, 7, 'tele', 7, 1, 4, 0),
(1911, 347, 6, 'tele', 4, 9, 7, 0),
(1912, 347, 5, 'tele', 7, 9, 4, 0),
(1913, 347, 3, 'tele', 4, 9, 7, 0),
(1914, 347, 2, 'tele', 7, 9, 4, 0),
(1915, 346, 8, 'auto', 7, 3, 4, 0),
(1916, 346, 7, 'tele', 7, 6, 4, 0),
(1917, 346, 6, 'tele', 4, 6, 7, 0),
(1918, 346, 5, 'tele', 7, 7, 4, 0),
(1919, 346, 4, 'tele', 4, 6, 7, 0),
(1920, 346, 3, 'tele', 7, 3, 4, 0),
(1921, 346, 2, 'tele', 4, 6, 7, 0),
(1922, 353, 12, 'auto', 7, 3, 4, 0),
(1923, 353, 11, 'tele', 7, 3, 4, 0),
(1924, 353, 10, 'tele', 4, 3, 7, 0),
(1925, 353, 9, 'tele', 7, 9, 4, 0),
(1926, 353, 7, 'tele', 4, 3, 7, 0),
(1927, 353, 6, 'tele', 7, 6, 4, 0),
(1928, 353, 5, 'tele', 4, 6, 7, 0),
(1929, 353, 4, 'tele', 7, 6, 4, 0),
(1930, 353, 3, 'tele', 4, 6, 7, 0),
(1931, 353, 2, 'tele', 7, 9, 4, 0),
(1932, 353, 1, 'tele', 4, 3, 7, 0),
(1933, 351, 4, 'auto', 7, 7, 7, 0),
(1934, 351, 2, 'tele', 7, 3, 7, 0),
(1935, 351, 1, 'tele', 7, 3, 7, 0),
(1936, 350, 2, 'tele', 1, 9, 7, 0),
(1937, 350, 1, 'tele', 7, 1, 1, 0),
(1938, 352, 11, 'tele', 7, 2, 4, 0),
(1939, 352, 10, 'tele', 7, 2, 7, 0),
(1940, 352, 9, 'tele', 4, 7, 7, 0),
(1941, 352, 8, 'tele', 7, 2, 4, 0),
(1942, 352, 6, 'tele', 4, 7, 4, 0),
(1943, 352, 5, 'tele', 7, 9, 4, 0),
(1944, 352, 4, 'tele', 4, 3, 7, 0),
(1945, 352, 3, 'tele', 7, 9, 4, 0),
(1946, 352, 2, 'tele', 4, 9, 7, 0),
(1947, 352, 1, 'auto', 7, 9, 4, 0),
(1948, 354, 15, 'auto', 7, 7, 4, 0),
(1949, 354, 10, 'tele', 7, 9, 4, 0),
(1950, 354, 8, 'tele', 4, 9, 7, 0),
(1951, 354, 6, 'tele', 7, 9, 4, 0),
(1952, 354, 4, 'tele', 4, 9, 7, 0),
(1953, 349, 5, 'tele', 7, 3, NULL, 1),
(1954, 349, 3, 'tele', 1, 3, 7, 0),
(1955, 349, 1, 'auto', 7, 9, 1, 0),
(1956, 356, 5, 'tele', 7, 9, 1, 0),
(1957, 356, 4, 'tele', 7, 9, NULL, 1),
(1958, 356, 3, 'tele', 1, 9, 7, 0),
(1959, 356, 2, 'tele', 1, 9, 1, 0),
(1960, 356, 1, 'tele', 7, 9, 1, 0),
(1961, 357, 14, 'tele', 7, 3, 1, 0),
(1962, 357, 13, 'tele', 1, 3, 7, 0),
(1963, 357, 11, 'tele', 7, 3, 1, 0),
(1964, 357, 9, 'tele', 1, 3, 7, 0),
(1965, 357, 8, 'tele', 7, 2, 1, 0),
(1966, 357, 7, 'tele', 1, 3, 7, 0),
(1967, 357, 6, 'tele', 7, 2, 1, 0),
(1968, 357, 5, 'tele', 1, 7, 7, 0),
(1969, 357, 4, 'tele', 7, 7, 1, 0),
(1970, 357, 3, 'tele', 1, 7, 7, 0),
(1971, 357, 1, 'auto', 7, 7, 1, 0),
(1972, 360, 10, 'auto', 7, 7, 4, 0),
(1973, 360, 9, 'tele', 4, 6, 7, 0),
(1974, 360, 8, 'tele', 7, 3, 4, 0),
(1975, 360, 7, 'tele', 4, 3, 7, 0),
(1976, 360, 4, 'tele', 7, 7, 4, 0),
(1977, 360, 1, 'tele', 4, 6, 7, 0),
(1978, 359, 17, 'auto', 7, 2, 4, 0),
(1979, 359, 12, 'tele', 7, 3, 4, 0),
(1980, 359, 10, 'tele', 4, 7, 7, 0),
(1981, 359, 8, 'tele', 7, 3, 4, 0),
(1982, 359, 6, 'tele', 4, 3, 7, 0),
(1983, 359, 4, 'tele', 7, 2, 4, 0),
(1984, 359, 2, 'tele', 4, 6, 7, 0),
(1985, 358, 14, 'tele', 4, 9, 7, 0),
(1986, 358, 12, 'tele', 7, 9, 4, 0),
(1987, 358, 11, 'tele', 4, 9, 7, 0),
(1988, 358, 9, 'tele', 7, 9, 4, 0),
(1989, 358, 7, 'tele', 4, 9, 7, 0),
(1990, 358, 5, 'tele', 7, 9, 4, 0),
(1991, 358, 3, 'tele', 4, 9, 7, 0),
(1992, 358, 1, 'auto', 7, 9, 4, 0);

-- --------------------------------------------------------

--
-- Table structure for table `matchclimbs`
--

CREATE TABLE IF NOT EXISTS `matchclimbs` (
  `id` int(11) NOT NULL AUTO_INCREMENT,
  `teamMatchID` int(11) NOT NULL,
  `mode` enum('tele','auto') NOT NULL,
  `batterReached` tinyint(1) NOT NULL,
  `duration` int(11) NOT NULL,
  `offensiveRating` int(11) NOT NULL,
  `defensiveRating` int(11) NOT NULL,
  `success` tinyint(1) NOT NULL,
  PRIMARY KEY (`id`),
  KEY `teamMatchID` (`teamMatchID`)
) ENGINE=InnoDB  DEFAULT CHARSET=latin1 AUTO_INCREMENT=351 ;

--
-- Dumping data for table `matchclimbs`
--

INSERT INTO `matchclimbs` (`id`, `teamMatchID`, `mode`, `batterReached`, `duration`, `offensiveRating`, `defensiveRating`, `success`) VALUES
(1, 2, 'tele', 0, 0, 1, 1, 0),
(2, 1, 'tele', 0, 0, 4, 3, 0),
(3, 6, 'tele', 1, 0, 4, 1, 0),
(4, 3, 'tele', 1, 39, 5, 1, 1),
(5, 4, 'tele', 0, 0, 6, 1, 0),
(6, 5, 'tele', 1, 0, 6, 5, 0),
(7, 11, 'tele', 0, 0, 5, 1, 0),
(8, 12, 'tele', 1, 0, 4, 1, 0),
(9, 9, 'tele', 1, 0, 4, 5, 0),
(10, 7, 'tele', 1, 0, 9, 1, 0),
(11, 10, 'tele', 1, 33, 6, 6, 1),
(12, 8, 'tele', 1, 0, 7, 1, 0),
(13, 15, 'tele', 0, 0, 1, 1, 0),
(14, 18, 'tele', 1, 0, 5, 4, 0),
(15, 17, 'tele', 0, 19, 5, 3, 1),
(16, 16, 'tele', 1, 0, 7, 1, 0),
(17, 14, 'tele', 1, 0, 3, 5, 0),
(18, 13, 'tele', 0, 0, 1, 1, 0),
(19, 20, 'tele', 1, 0, 7, 1, 0),
(20, 21, 'tele', 0, 0, 6, 3, 0),
(21, 19, 'tele', 0, 0, 1, 1, 0),
(22, 22, 'tele', 1, 0, 2, 1, 0),
(23, 23, 'tele', 1, 9, 7, 5, 1),
(24, 24, 'tele', 1, 0, 5, 1, 0),
(25, 30, 'tele', 0, 0, 3, 1, 0),
(26, 29, 'tele', 1, 0, 3, 3, 0),
(27, 27, 'tele', 1, 0, 5, 1, 0),
(28, 26, 'tele', 1, 0, 1, 1, 1),
(29, 28, 'tele', 0, 0, 5, 1, 0),
(30, 25, 'tele', 1, 1, 9, 7, 0),
(31, 33, 'tele', 1, 0, 5, 1, 0),
(32, 36, 'tele', 0, 0, 2, 1, 0),
(33, 34, 'tele', 1, 0, 4, 1, 0),
(34, 35, 'tele', 0, 0, 6, 4, 0),
(35, 32, 'tele', 0, 0, 1, 1, 0),
(36, 31, 'tele', 0, 0, 2, 1, 0),
(37, 42, 'tele', 0, 0, 8, 5, 0),
(38, 40, 'tele', 1, 0, 2, 3, 0),
(39, 37, 'tele', 1, 0, 7, 1, 0),
(40, 41, 'tele', 0, 0, 10, 10, 0),
(41, 38, 'tele', 1, 0, 8, 1, 0),
(42, 44, 'tele', 1, 0, 5, 5, 0),
(43, 47, 'tele', 0, 0, 1, 1, 0),
(44, 43, 'tele', 1, 0, 7, 3, 0),
(45, 48, 'tele', 0, 0, 1, 1, 0),
(46, 45, 'tele', 1, 0, 8, 3, 0),
(47, 51, 'tele', 1, 0, 1, 1, 0),
(48, 53, 'tele', 1, 5, 8, 1, 1),
(49, 49, 'tele', 1, 0, 3, 1, 0),
(50, 52, 'tele', 1, 0, 6, 1, 0),
(51, 54, 'tele', 1, 0, 4, 5, 0),
(52, 50, 'tele', 0, 0, 1, 1, 0),
(53, 56, 'tele', 1, 0, 6, 1, 0),
(54, 59, 'tele', 0, 0, 5, 1, 0),
(55, 60, 'tele', 0, 0, 7, 5, 0),
(56, 57, 'tele', 0, 0, 1, 1, 0),
(57, 58, 'tele', 0, 0, 1, 1, 0),
(58, 55, 'tele', 0, 0, 5, 1, 0),
(59, 62, 'tele', 1, 0, 4, 1, 0),
(60, 64, 'tele', 1, 0, 7, 1, 0),
(61, 63, 'tele', 0, 0, 10, 10, 0),
(62, 61, 'tele', 0, 0, 1, 1, 0),
(63, 65, 'tele', 1, 0, 5, 1, 0),
(64, 66, 'tele', 0, 0, 2, 3, 0),
(65, 72, 'tele', 0, 0, 3, 1, 0),
(66, 71, 'tele', 1, 3, 4, 6, 0),
(67, 69, 'tele', 1, 0, 2, 1, 0),
(68, 68, 'tele', 0, 0, 7, 3, 0),
(69, 67, 'tele', 0, 0, 1, 1, 0),
(70, 70, 'tele', 1, 0, 9, 1, 0),
(71, 73, 'tele', 1, 0, 3, 3, 0),
(72, 76, 'tele', 1, 0, 4, 4, 0),
(73, 75, 'tele', 1, 0, 6, 1, 0),
(74, 78, 'tele', 0, 0, 5, 3, 0),
(75, 77, 'tele', 0, 0, 3, 1, 0),
(76, 74, 'tele', 1, 0, 8, 1, 0),
(77, 82, 'tele', 1, 0, 6, 1, 0),
(78, 83, 'tele', 1, 0, 3, 1, 0),
(79, 79, 'tele', 0, 0, 1, 1, 0),
(80, 84, 'tele', 1, 0, 5, 6, 0),
(81, 80, 'tele', 1, 0, 10, 1, 0),
(82, 81, 'tele', 0, 0, 3, 3, 0),
(83, 90, 'tele', 0, 0, 6, 3, 0),
(84, 90, 'tele', 0, 0, 6, 3, 0),
(85, 89, 'tele', 1, 0, 8, 4, 0),
(86, 88, 'tele', 1, 0, 7, 5, 0),
(87, 85, 'tele', 1, 0, 3, 1, 0),
(88, 87, 'tele', 1, 0, 3, 1, 0),
(89, 86, 'tele', 0, 0, 3, 1, 0),
(90, 93, 'tele', 1, 0, 1, 1, 0),
(91, 95, 'tele', 0, 0, 1, 1, 0),
(92, 96, 'tele', 0, 0, 1, 1, 0),
(93, 91, 'tele', 1, 12, 10, 1, 0),
(94, 92, 'tele', 1, 0, 7, 5, 0),
(95, 94, 'tele', 1, 0, 2, 3, 0),
(96, 101, 'tele', 1, 0, 1, 1, 0),
(97, 97, 'tele', 0, 0, 1, 1, 0),
(98, 98, 'tele', 0, 0, 5, 1, 0),
(99, 102, 'tele', 1, 2, 5, 5, 0),
(100, 99, 'tele', 0, 0, 3, 1, 0),
(101, 100, 'tele', 1, 0, 6, 5, 0),
(102, 108, 'tele', 0, 0, 1, 3, 0),
(103, 104, 'tele', 1, 0, 5, 1, 0),
(104, 106, 'tele', 0, 0, 1, 1, 0),
(105, 107, 'tele', 0, 0, 4, 1, 0),
(106, 103, 'tele', 1, 4, 8, 9, 1),
(107, 105, 'tele', 1, 0, 6, 5, 0),
(108, 110, 'tele', 0, 0, 1, 1, 0),
(109, 114, 'tele', 0, 0, 1, 1, 0),
(110, 109, 'tele', 1, 0, 7, 5, 0),
(111, 113, 'tele', 1, 0, 8, 5, 0),
(112, 111, 'tele', 1, 0, 4, 1, 0),
(113, 112, 'tele', 0, 0, 2, 1, 0),
(114, 116, 'tele', 1, 0, 6, 1, 0),
(115, 115, 'tele', 1, 0, 5, 3, 0),
(116, 118, 'tele', 0, 0, 9, 5, 0),
(117, 119, 'tele', 0, 0, 2, 5, 0),
(118, 120, 'tele', 0, 0, 3, 3, 0),
(119, 117, 'tele', 1, 0, 3, 1, 0),
(120, 121, 'tele', 1, 0, 7, 1, 0),
(121, 122, 'tele', 1, 0, 4, 1, 0),
(122, 125, 'tele', 0, 0, 10, 5, 0),
(123, 123, 'tele', 1, 0, 6, 1, 0),
(124, 126, 'tele', 1, 0, 4, 3, 0),
(125, 124, 'tele', 0, 0, 8, 5, 0),
(126, 127, 'tele', 0, 0, 1, 1, 0),
(127, 132, 'tele', 1, 0, 8, 1, 0),
(128, 131, 'tele', 1, 0, 1, 4, 0),
(129, 130, 'tele', 0, 0, 3, 1, 0),
(130, 128, 'tele', 1, 0, 7, 5, 0),
(131, 129, 'tele', 1, 0, 8, 7, 0),
(132, 137, 'tele', 0, 0, 4, 1, 0),
(133, 133, 'tele', 1, 0, 4, 1, 0),
(134, 134, 'tele', 0, 0, 1, 1, 0),
(135, 138, 'tele', 1, 0, 4, 7, 0),
(136, 140, 'tele', 1, 0, 2, 1, 0),
(137, 142, 'tele', 1, 0, 6, 1, 0),
(138, 139, 'tele', 0, 0, 6, 5, 0),
(139, 143, 'tele', 1, 0, 8, 5, 0),
(140, 144, 'tele', 1, 0, 5, 6, 0),
(141, 145, 'tele', 0, 0, 1, 1, 0),
(142, 146, 'tele', 1, 0, 5, 1, 0),
(143, 149, 'tele', 1, 0, 4, 5, 0),
(144, 150, 'tele', 0, 0, 1, 2, 0),
(145, 148, 'tele', 1, 0, 6, 4, 0),
(146, 147, 'tele', 1, 0, 6, 7, 0),
(147, 155, 'tele', 0, 0, 1, 1, 0),
(148, 153, 'tele', 1, 0, 2, 1, 0),
(149, 152, 'tele', 1, 12, 5, 5, 0),
(150, 156, 'tele', 1, 0, 8, 7, 0),
(151, 151, 'tele', 0, 0, 1, 7, 0),
(152, 154, 'tele', 0, 0, 4, 4, 0),
(153, 158, 'tele', 1, 0, 2, 1, 0),
(154, 160, 'tele', 0, 0, 2, 1, 0),
(155, 162, 'tele', 1, 6, 7, 5, 0),
(156, 157, 'tele', 1, 0, 8, 1, 0),
(157, 159, 'tele', 1, 0, 8, 8, 0),
(158, 161, 'tele', 1, 0, 3, 4, 0),
(159, 168, 'tele', 1, 0, 6, 1, 0),
(160, 166, 'tele', 1, 0, 6, 1, 0),
(161, 163, 'tele', 1, 0, 6, 7, 0),
(162, 164, 'tele', 1, 0, 4, 5, 0),
(163, 167, 'tele', 0, 4, 8, 5, 1),
(164, 173, 'tele', 1, 0, 6, 3, 0),
(165, 174, 'tele', 1, 0, 5, 5, 0),
(166, 170, 'tele', 0, 0, 5, 1, 0),
(167, 171, 'tele', 1, 0, 3, 1, 0),
(168, 172, 'tele', 0, 0, 7, 5, 1),
(169, 180, 'tele', 1, 0, 7, 1, 0),
(170, 178, 'tele', 1, 0, 7, 1, 0),
(171, 179, 'tele', 0, 0, 1, 1, 0),
(172, 175, 'tele', 0, 0, 4, 5, 0),
(173, 176, 'tele', 1, 0, 3, 1, 0),
(174, 177, 'tele', 1, 0, 3, 5, 0),
(175, 185, 'tele', 1, 0, 6, 1, 0),
(176, 181, 'tele', 1, 0, 7, 3, 0),
(177, 186, 'tele', 0, 0, 1, 7, 0),
(178, 183, 'tele', 1, 13, 8, 1, 1),
(179, 182, 'tele', 1, 0, 8, 5, 0),
(180, 184, 'tele', 1, 0, 6, 5, 0),
(181, 189, 'tele', 0, 0, 1, 1, 0),
(182, 187, 'tele', 0, 0, 6, 1, 0),
(183, 192, 'tele', 0, 0, 1, 1, 0),
(184, 191, 'tele', 0, 0, 1, 4, 0),
(185, 190, 'tele', 0, 0, 8, 2, 0),
(186, 188, 'tele', 1, 0, 6, 1, 0),
(187, 193, 'tele', 1, 0, 5, 1, 0),
(188, 194, 'tele', 1, 0, 7, 5, 0),
(189, 196, 'tele', 1, 0, 7, 1, 0),
(190, 195, 'tele', 0, 0, 3, 1, 0),
(191, 197, 'tele', 1, 0, 5, 1, 0),
(192, 198, 'tele', 0, 0, 3, 5, 0),
(193, 204, 'tele', 1, 0, 9, 1, 0),
(194, 200, 'tele', 1, 10, 8, 1, 1),
(195, 203, 'tele', 0, 0, 5, 5, 0),
(196, 201, 'tele', 1, 0, 5, 1, 0),
(197, 199, 'tele', 1, 0, 8, 1, 0),
(198, 202, 'tele', 1, 0, 6, 5, 0),
(199, 206, 'tele', 1, 0, 5, 5, 0),
(200, 208, 'tele', 0, 0, 1, 1, 0),
(201, 207, 'tele', 0, 0, 1, 1, 0),
(202, 210, 'tele', 1, 0, 4, 5, 0),
(203, 209, 'tele', 1, 0, 9, 1, 0),
(204, 205, 'tele', 1, 0, 4, 1, 0),
(205, 216, 'tele', 1, 4, 7, 1, 0),
(206, 214, 'tele', 0, 0, 3, 1, 0),
(207, 211, 'tele', 1, 0, 6, 5, 0),
(208, 212, 'tele', 0, 0, 3, 8, 0),
(209, 213, 'tele', 0, 0, 7, 1, 0),
(210, 215, 'tele', 1, 0, 6, 1, 0),
(211, 219, 'tele', 1, 0, 6, 1, 0),
(212, 221, 'tele', 0, 0, 1, 1, 0),
(213, 220, 'tele', 1, 0, 8, 1, 0),
(214, 222, 'tele', 1, 0, 7, 1, 0),
(215, 218, 'tele', 1, 0, 7, 1, 0),
(216, 217, 'tele', 1, 0, 5, 5, 0),
(217, 226, 'tele', 1, 0, 7, 1, 0),
(218, 224, 'tele', 1, 16, 4, 1, 0),
(219, 228, 'tele', 0, 0, 7, 1, 0),
(220, 227, 'tele', 0, 0, 1, 1, 0),
(221, 225, 'tele', 1, 0, 5, 5, 0),
(222, 233, 'tele', 0, 0, 1, 1, 0),
(223, 234, 'tele', 1, 0, 3, 1, 0),
(224, 229, 'tele', 1, 0, 3, 1, 0),
(225, 231, 'tele', 1, 0, 4, 1, 0),
(226, 232, 'tele', 1, 0, 6, 1, 0),
(227, 230, 'tele', 0, 0, 1, 1, 0),
(228, 238, 'tele', 1, 0, 4, 1, 0),
(229, 235, 'tele', 1, 0, 5, 2, 0),
(230, 236, 'tele', 1, 0, 5, 5, 0),
(231, 240, 'tele', 1, 0, 5, 1, 0),
(232, 237, 'tele', 1, 0, 2, 1, 0),
(233, 239, 'tele', 1, 0, 5, 1, 0),
(234, 241, 'tele', 0, 0, 1, 1, 0),
(235, 243, 'tele', 1, 0, 6, 5, 0),
(236, 242, 'tele', 1, 0, 3, 1, 0),
(237, 245, 'tele', 1, 6, 4, 1, 1),
(238, 246, 'tele', 1, 0, 8, 1, 0),
(239, 244, 'tele', 1, 8, 10, 1, 1),
(240, 249, 'tele', 1, 0, 6, 1, 0),
(241, 251, 'tele', 1, 10, 8, 1, 1),
(242, 252, 'tele', 1, 0, 8, 1, 0),
(243, 247, 'tele', 1, 0, 4, 1, 0),
(244, 248, 'tele', 1, 14, 3, 1, 0),
(245, 250, 'tele', 1, 0, 6, 5, 0),
(246, 255, 'tele', 0, 0, 1, 1, 0),
(247, 256, 'tele', 1, 0, 5, 1, 0),
(248, 254, 'tele', 0, 0, 2, 1, 0),
(249, 257, 'tele', 0, 0, 2, 1, 0),
(250, 253, 'tele', 1, 0, 5, 1, 0),
(251, 258, 'tele', 0, 0, 3, 5, 0),
(252, 262, 'tele', 0, 0, 1, 1, 0),
(253, 259, 'tele', 0, 0, 7, 1, 0),
(254, 260, 'tele', 0, 0, 1, 1, 0),
(255, 263, 'tele', 1, 0, 4, 5, 0),
(256, 261, 'tele', 0, 0, 1, 1, 0),
(257, 264, 'tele', 1, 0, 4, 1, 0),
(258, 267, 'tele', 0, 0, 1, 1, 0),
(259, 266, 'tele', 1, 0, 7, 1, 0),
(260, 270, 'tele', 1, 0, 6, 5, 0),
(261, 265, 'tele', 1, 0, 4, 1, 0),
(262, 269, 'tele', 0, 0, 2, 5, 0),
(263, 268, 'tele', 1, 0, 6, 1, 0),
(264, 273, 'tele', 1, 0, 1, 1, 0),
(265, 272, 'tele', 0, 0, 5, 1, 0),
(266, 276, 'tele', 1, 0, 7, 5, 0),
(267, 275, 'tele', 0, 0, 1, 1, 0),
(268, 274, 'tele', 1, 0, 3, 1, 0),
(269, 280, 'tele', 1, 0, 5, 5, 0),
(270, 278, 'tele', 1, 15, 6, 1, 0),
(271, 281, 'tele', 0, 0, 1, 1, 0),
(272, 277, 'tele', 1, 0, 6, 2, 0),
(273, 279, 'tele', 1, 0, 1, 8, 0),
(274, 284, 'tele', 1, 0, 7, 1, 0),
(275, 287, 'tele', 1, 0, 4, 5, 0),
(276, 283, 'tele', 1, 0, 6, 3, 0),
(277, 285, 'tele', 1, 0, 6, 3, 0),
(278, 286, 'tele', 1, 0, 5, 5, 0),
(279, 288, 'tele', 0, 0, 1, 1, 0),
(280, 293, 'tele', 0, 0, 6, 3, 0),
(281, 294, 'tele', 0, 0, 8, 1, 0),
(282, 292, 'tele', 0, 0, 3, 1, 0),
(283, 289, 'tele', 1, 0, 4, 1, 0),
(284, 291, 'tele', 1, 0, 6, 1, 0),
(285, 290, 'tele', 1, 0, 7, 5, 0),
(286, 300, 'tele', 0, 0, 8, 1, 0),
(287, 298, 'tele', 0, 0, 1, 1, 0),
(288, 296, 'tele', 0, 0, 3, 1, 0),
(289, 297, 'tele', 0, 0, 6, 1, 0),
(290, 295, 'tele', 0, 34, 9, 1, 0),
(291, 299, 'tele', 0, 0, 5, 5, 0),
(292, 302, 'tele', 0, 0, 3, 3, 0),
(293, 306, 'tele', 0, 0, 1, 1, 0),
(294, 301, 'tele', 1, 0, 6, 1, 0),
(295, 303, 'tele', 1, 0, 6, 5, 0),
(296, 304, 'tele', 1, 0, 4, 1, 0),
(297, 305, 'tele', 0, 0, 1, 7, 0),
(298, 312, 'tele', 1, 0, 4, 5, 0),
(299, 310, 'tele', 1, 0, 7, 1, 0),
(300, 309, 'tele', 1, 0, 2, 5, 0),
(301, 311, 'tele', 1, 0, 6, 1, 0),
(302, 308, 'tele', 0, 10, 9, 3, 0),
(303, 307, 'tele', 0, 0, 3, 1, 0),
(304, 313, 'tele', 0, 0, 1, 1, 0),
(305, 315, 'tele', 1, 0, 2, 1, 0),
(306, 316, 'tele', 0, 8, 4, 5, 0),
(307, 317, 'tele', 1, 26, 3, 1, 0),
(308, 314, 'tele', 1, 0, 7, 5, 0),
(309, 318, 'tele', 1, 0, 1, 1, 0),
(310, 319, 'tele', 1, 0, 5, 7, 0),
(311, 322, 'tele', 0, 0, 5, 3, 0),
(312, 324, 'tele', 1, 0, 7, 5, 0),
(313, 321, 'tele', 1, 0, 5, 1, 0),
(314, 320, 'tele', 1, 0, 5, 1, 0),
(315, 323, 'tele', 1, 0, 5, 1, 0),
(316, 329, 'tele', 0, 0, 1, 1, 0),
(317, 326, 'tele', 0, 0, 1, 1, 0),
(318, 330, 'tele', 1, 0, 2, 1, 0),
(319, 325, 'tele', 1, 0, 8, 4, 0),
(320, 328, 'tele', 1, 0, 1, 1, 0),
(321, 327, 'tele', 0, 0, 1, 1, 0),
(322, 334, 'tele', 0, 0, 8, 1, 0),
(323, 333, 'tele', 1, 0, 8, 5, 0),
(324, 336, 'tele', 1, 0, 7, 1, 0),
(325, 331, 'tele', 0, 7, 6, 5, 0),
(326, 332, 'tele', 0, 0, 1, 1, 0),
(327, 335, 'tele', 1, 0, 1, 1, 0),
(328, 340, 'tele', 0, 0, 4, 3, 0),
(329, 338, 'tele', 0, 0, 3, 1, 0),
(330, 342, 'tele', 1, 0, 5, 5, 0),
(331, 341, 'tele', 1, 0, 6, 1, 0),
(332, 339, 'tele', 0, 0, 6, 4, 0),
(333, 337, 'tele', 0, 0, 5, 5, 0),
(334, 344, 'tele', 0, 0, 7, 3, 0),
(335, 345, 'tele', 0, 0, 1, 1, 0),
(336, 348, 'tele', 1, 0, 4, 5, 0),
(337, 343, 'tele', 1, 0, 5, 1, 0),
(338, 347, 'tele', 1, 0, 6, 1, 0),
(339, 346, 'tele', 1, 0, 5, 2, 0),
(340, 353, 'tele', 1, 0, 5, 5, 0),
(341, 351, 'tele', 0, 0, 2, 1, 0),
(342, 350, 'tele', 1, 0, 5, 1, 0),
(343, 352, 'tele', 1, 0, 6, 1, 0),
(344, 354, 'tele', 1, 3, 8, 4, 0),
(345, 349, 'tele', 0, 0, 3, 1, 0),
(346, 356, 'tele', 0, 0, 1, 3, 0),
(347, 357, 'tele', 0, 0, 1, 1, 0),
(348, 360, 'tele', 1, 0, 7, 1, 0),
(349, 359, 'tele', 0, 0, 1, 1, 0),
(350, 358, 'tele', 0, 0, 1, 1, 0);

-- --------------------------------------------------------

--
-- Table structure for table `matchdefenses`
--

CREATE TABLE IF NOT EXISTS `matchdefenses` (
  `matchID` int(11) NOT NULL,
  `side` enum('red','blue') NOT NULL,
  `slot` tinyint(4) NOT NULL,
  `defenseID` int(11) NOT NULL,
  UNIQUE KEY `unique_defenses` (`matchID`,`side`,`defenseID`)
) ENGINE=InnoDB DEFAULT CHARSET=latin1;

--
-- Dumping data for table `matchdefenses`
--

INSERT INTO `matchdefenses` (`matchID`, `side`, `slot`, `defenseID`) VALUES
(1, 'red', 2, 1),
(1, 'red', 3, 4),
(1, 'red', 4, 6),
(1, 'red', 5, 7),
(1, 'red', 1, 9),
(1, 'blue', 2, 1),
(1, 'blue', 3, 4),
(1, 'blue', 5, 5),
(1, 'blue', 4, 8),
(1, 'blue', 1, 9),
(2, 'red', 2, 2),
(2, 'red', 3, 4),
(2, 'red', 4, 6),
(2, 'red', 5, 7),
(2, 'red', 1, 9),
(2, 'blue', 2, 2),
(2, 'blue', 3, 4),
(2, 'blue', 4, 5),
(2, 'blue', 5, 7),
(2, 'blue', 1, 9),
(3, 'red', 4, 1),
(3, 'red', 3, 4),
(3, 'red', 2, 5),
(3, 'red', 5, 7),
(3, 'red', 1, 9),
(3, 'blue', 5, 2),
(3, 'blue', 3, 4),
(3, 'blue', 2, 5),
(3, 'blue', 4, 7),
(3, 'blue', 1, 9),
(4, 'red', 2, 2),
(4, 'red', 3, 4),
(4, 'red', 4, 6),
(4, 'red', 5, 7),
(4, 'red', 1, 9),
(4, 'blue', 2, 2),
(4, 'blue', 3, 4),
(4, 'blue', 5, 6),
(4, 'blue', 4, 7),
(4, 'blue', 1, 9),
(5, 'red', 4, 2),
(5, 'red', 3, 4),
(5, 'red', 2, 5),
(5, 'red', 5, 7),
(5, 'red', 1, 9),
(5, 'blue', 5, 2),
(5, 'blue', 3, 4),
(5, 'blue', 2, 6),
(5, 'blue', 4, 7),
(5, 'blue', 1, 9),
(6, 'red', 2, 2),
(6, 'red', 3, 4),
(6, 'red', 4, 6),
(6, 'red', 5, 7),
(6, 'red', 1, 9),
(6, 'blue', 5, 1),
(6, 'blue', 3, 4),
(6, 'blue', 4, 6),
(6, 'blue', 2, 7),
(6, 'blue', 1, 9),
(7, 'red', 2, 1),
(7, 'red', 4, 3),
(7, 'red', 3, 5),
(7, 'red', 5, 7),
(7, 'red', 1, 9),
(7, 'blue', 2, 1),
(7, 'blue', 4, 4),
(7, 'blue', 3, 5),
(7, 'blue', 5, 8),
(7, 'blue', 1, 9),
(8, 'red', 2, 1),
(8, 'red', 4, 3),
(8, 'red', 3, 5),
(8, 'red', 5, 7),
(8, 'red', 1, 9),
(8, 'blue', 2, 2),
(8, 'blue', 5, 3),
(8, 'blue', 3, 5),
(8, 'blue', 4, 7),
(8, 'blue', 1, 9),
(9, 'red', 4, 2),
(9, 'red', 2, 4),
(9, 'red', 3, 5),
(9, 'red', 5, 7),
(9, 'red', 1, 9),
(9, 'blue', 2, 2),
(9, 'blue', 5, 3),
(9, 'blue', 3, 5),
(9, 'blue', 4, 7),
(9, 'blue', 1, 9),
(10, 'red', 2, 2),
(10, 'red', 5, 3),
(10, 'red', 3, 5),
(10, 'red', 4, 7),
(10, 'red', 1, 9),
(10, 'blue', 4, 2),
(10, 'blue', 2, 4),
(10, 'blue', 3, 5),
(10, 'blue', 5, 7),
(10, 'blue', 1, 9),
(11, 'red', 2, 2),
(11, 'red', 4, 3),
(11, 'red', 3, 5),
(11, 'red', 5, 7),
(11, 'red', 1, 9),
(11, 'blue', 2, 2),
(11, 'blue', 4, 3),
(11, 'blue', 3, 5),
(11, 'blue', 5, 7),
(11, 'blue', 1, 9),
(12, 'red', 2, 1),
(12, 'red', 5, 4),
(12, 'red', 3, 5),
(12, 'red', 4, 7),
(12, 'red', 1, 9),
(12, 'blue', 2, 2),
(12, 'blue', 5, 4),
(12, 'blue', 3, 5),
(12, 'blue', 4, 7),
(12, 'blue', 1, 9),
(13, 'red', 5, 2),
(13, 'red', 2, 3),
(13, 'red', 4, 6),
(13, 'red', 3, 7),
(13, 'red', 1, 9),
(13, 'blue', 5, 1),
(13, 'blue', 4, 4),
(13, 'blue', 2, 6),
(13, 'blue', 3, 7),
(13, 'blue', 1, 9),
(14, 'red', 2, 1),
(14, 'red', 4, 3),
(14, 'red', 5, 6),
(14, 'red', 3, 7),
(14, 'red', 1, 9),
(14, 'blue', 5, 1),
(14, 'blue', 4, 3),
(14, 'blue', 2, 6),
(14, 'blue', 3, 7),
(14, 'blue', 1, 9),
(15, 'red', 2, 2),
(15, 'red', 4, 3),
(15, 'red', 5, 5),
(15, 'red', 3, 7),
(15, 'red', 1, 9),
(15, 'blue', 4, 2),
(15, 'blue', 5, 3),
(15, 'blue', 2, 6),
(15, 'blue', 3, 7),
(15, 'blue', 1, 9),
(16, 'red', 5, 1),
(16, 'red', 2, 3),
(16, 'red', 4, 6),
(16, 'red', 3, 7),
(16, 'red', 1, 9),
(16, 'blue', 2, 2),
(16, 'blue', 4, 4),
(16, 'blue', 5, 5),
(16, 'blue', 3, 7),
(16, 'blue', 1, 9),
(17, 'red', 2, 2),
(17, 'red', 5, 4),
(17, 'red', 4, 6),
(17, 'red', 3, 7),
(17, 'red', 1, 9),
(17, 'blue', 2, 2),
(17, 'blue', 5, 4),
(17, 'blue', 4, 6),
(17, 'blue', 3, 7),
(17, 'blue', 1, 9),
(18, 'red', 2, 2),
(18, 'red', 4, 3),
(18, 'red', 5, 6),
(18, 'red', 3, 7),
(18, 'red', 1, 9),
(18, 'blue', 4, 2),
(18, 'blue', 2, 3),
(18, 'blue', 5, 6),
(18, 'blue', 3, 7),
(18, 'blue', 1, 9),
(19, 'red', 3, 2),
(19, 'red', 5, 4),
(19, 'red', 2, 6),
(19, 'red', 4, 7),
(19, 'red', 1, 9),
(19, 'blue', 3, 2),
(19, 'blue', 5, 3),
(19, 'blue', 2, 6),
(19, 'blue', 4, 7),
(19, 'blue', 1, 9),
(20, 'red', 3, 2),
(20, 'red', 2, 4),
(20, 'red', 4, 6),
(20, 'red', 5, 7),
(20, 'red', 1, 9),
(20, 'blue', 3, 2),
(20, 'blue', 2, 3),
(20, 'blue', 4, 5),
(20, 'blue', 5, 7),
(20, 'blue', 1, 9),
(21, 'red', 3, 2),
(21, 'red', 2, 4),
(21, 'red', 5, 5),
(21, 'red', 4, 7),
(21, 'red', 1, 9),
(21, 'blue', 3, 2),
(21, 'blue', 2, 3),
(21, 'blue', 4, 6),
(21, 'blue', 5, 7),
(21, 'blue', 1, 9),
(22, 'red', 3, 2),
(22, 'red', 5, 3),
(22, 'red', 2, 6),
(22, 'red', 4, 7),
(22, 'red', 1, 9),
(22, 'blue', 3, 2),
(22, 'blue', 4, 4),
(22, 'blue', 2, 6),
(22, 'blue', 5, 7),
(22, 'blue', 1, 9),
(23, 'red', 3, 2),
(23, 'red', 4, 4),
(23, 'red', 5, 5),
(23, 'red', 2, 8),
(23, 'red', 1, 9),
(23, 'blue', 3, 2),
(23, 'blue', 2, 4),
(23, 'blue', 4, 5),
(23, 'blue', 5, 7),
(23, 'blue', 1, 9),
(24, 'red', 3, 2),
(24, 'red', 5, 3),
(24, 'red', 2, 6),
(24, 'red', 4, 7),
(24, 'red', 1, 9),
(24, 'blue', 3, 2),
(24, 'blue', 2, 4),
(24, 'blue', 5, 6),
(24, 'blue', 4, 7),
(24, 'blue', 1, 9),
(25, 'red', 5, 2),
(25, 'red', 3, 4),
(25, 'red', 4, 6),
(25, 'red', 2, 8),
(25, 'red', 1, 9),
(25, 'blue', 2, 1),
(25, 'blue', 3, 4),
(25, 'blue', 5, 6),
(25, 'blue', 4, 7),
(25, 'blue', 1, 9),
(26, 'red', 2, 2),
(26, 'red', 3, 4),
(26, 'red', 4, 6),
(26, 'red', 5, 7),
(26, 'red', 1, 9),
(26, 'blue', 2, 2),
(26, 'blue', 3, 4),
(26, 'blue', 4, 6),
(26, 'blue', 5, 7),
(26, 'blue', 1, 9),
(27, 'red', 2, 1),
(27, 'red', 3, 4),
(27, 'red', 4, 6),
(27, 'red', 5, 7),
(27, 'red', 1, 9),
(27, 'blue', 4, 1),
(27, 'blue', 3, 4),
(27, 'blue', 2, 6),
(27, 'blue', 5, 8),
(27, 'blue', 1, 9),
(28, 'red', 2, 1),
(28, 'red', 3, 4),
(28, 'red', 4, 6),
(28, 'red', 5, 7),
(28, 'red', 1, 9),
(28, 'blue', 4, 2),
(28, 'blue', 3, 4),
(28, 'blue', 2, 6),
(28, 'blue', 5, 7),
(28, 'blue', 1, 9),
(29, 'red', 4, 1),
(29, 'red', 3, 4),
(29, 'red', 5, 5),
(29, 'red', 2, 7),
(29, 'red', 1, 9),
(29, 'blue', 2, 2),
(29, 'blue', 3, 4),
(29, 'blue', 4, 6),
(29, 'blue', 5, 7),
(29, 'blue', 1, 9),
(30, 'red', 5, 2),
(30, 'red', 3, 4),
(30, 'red', 4, 5),
(30, 'red', 2, 7),
(30, 'red', 1, 9),
(30, 'blue', 5, 2),
(30, 'blue', 3, 4),
(30, 'blue', 2, 6),
(30, 'blue', 4, 7),
(30, 'blue', 1, 9),
(31, 'red', 2, 2),
(31, 'red', 4, 3),
(31, 'red', 3, 6),
(31, 'red', 5, 7),
(31, 'red', 1, 9),
(31, 'blue', 2, 2),
(31, 'blue', 5, 4),
(31, 'blue', 3, 6),
(31, 'blue', 4, 7),
(31, 'blue', 1, 9),
(32, 'red', 5, 2),
(32, 'red', 4, 3),
(32, 'red', 3, 6),
(32, 'red', 2, 8),
(32, 'red', 1, 9),
(32, 'blue', 2, 1),
(32, 'blue', 4, 4),
(32, 'blue', 3, 6),
(32, 'blue', 5, 7),
(32, 'blue', 1, 9),
(33, 'red', 4, 2),
(33, 'red', 2, 4),
(33, 'red', 3, 6),
(33, 'red', 5, 7),
(33, 'red', 1, 9),
(33, 'blue', 2, 1),
(33, 'blue', 4, 3),
(33, 'blue', 3, 6),
(33, 'blue', 5, 7),
(33, 'blue', 1, 9),
(34, 'red', 4, 2),
(34, 'red', 2, 3),
(34, 'red', 3, 6),
(34, 'red', 5, 7),
(34, 'red', 1, 9),
(34, 'blue', 2, 2),
(34, 'blue', 4, 3),
(34, 'blue', 3, 6),
(34, 'blue', 5, 7),
(34, 'blue', 1, 9),
(35, 'red', 4, 2),
(35, 'red', 5, 3),
(35, 'red', 3, 6),
(35, 'red', 2, 8),
(35, 'red', 1, 9),
(35, 'blue', 5, 2),
(35, 'blue', 2, 4),
(35, 'blue', 3, 6),
(35, 'blue', 4, 7),
(35, 'blue', 1, 9),
(36, 'red', 2, 1),
(36, 'red', 4, 3),
(36, 'red', 3, 6),
(36, 'red', 5, 7),
(36, 'red', 1, 9),
(36, 'blue', 2, 1),
(36, 'blue', 4, 4),
(36, 'blue', 3, 6),
(36, 'blue', 5, 7),
(36, 'blue', 1, 9),
(37, 'red', 5, 2),
(37, 'red', 4, 4),
(37, 'red', 2, 6),
(37, 'red', 3, 8),
(37, 'red', 1, 9),
(37, 'blue', 4, 2),
(37, 'blue', 5, 4),
(37, 'blue', 2, 6),
(37, 'blue', 3, 8),
(37, 'blue', 1, 9),
(38, 'red', 2, 2),
(38, 'red', 5, 4),
(38, 'red', 4, 6),
(38, 'red', 3, 8),
(38, 'red', 1, 9),
(38, 'blue', 2, 1),
(38, 'blue', 4, 3),
(38, 'blue', 5, 6),
(38, 'blue', 3, 8),
(38, 'blue', 1, 9),
(39, 'red', 4, 2),
(39, 'red', 2, 3),
(39, 'red', 5, 6),
(39, 'red', 3, 8),
(39, 'red', 1, 9),
(39, 'blue', 2, 2),
(39, 'blue', 4, 3),
(39, 'blue', 5, 6),
(39, 'blue', 3, 8),
(39, 'blue', 1, 9),
(40, 'red', 5, 1),
(40, 'red', 4, 3),
(40, 'red', 2, 5),
(40, 'red', 3, 8),
(40, 'red', 1, 9),
(40, 'blue', 4, 2),
(40, 'blue', 5, 3),
(40, 'blue', 2, 6),
(40, 'blue', 3, 8),
(40, 'blue', 1, 9),
(41, 'red', 2, 1),
(41, 'red', 4, 4),
(41, 'red', 5, 6),
(41, 'red', 3, 8),
(41, 'red', 1, 9),
(41, 'blue', 4, 2),
(41, 'blue', 2, 3),
(41, 'blue', 5, 6),
(41, 'blue', 3, 8),
(41, 'blue', 1, 9),
(42, 'red', 2, 2),
(42, 'red', 4, 4),
(42, 'red', 5, 6),
(42, 'red', 3, 8),
(42, 'red', 1, 9),
(42, 'blue', 5, 2),
(42, 'blue', 4, 3),
(42, 'blue', 2, 6),
(42, 'blue', 3, 8),
(42, 'blue', 1, 9),
(43, 'red', 3, 1),
(43, 'red', 2, 3),
(43, 'red', 4, 6),
(43, 'red', 5, 8),
(43, 'red', 1, 9),
(43, 'blue', 3, 1),
(43, 'blue', 2, 3),
(43, 'blue', 5, 6),
(43, 'blue', 4, 7),
(43, 'blue', 1, 9),
(44, 'red', 3, 1),
(44, 'red', 2, 4),
(44, 'red', 4, 6),
(44, 'red', 5, 8),
(44, 'red', 1, 9),
(44, 'blue', 3, 1),
(44, 'blue', 2, 3),
(44, 'blue', 4, 6),
(44, 'blue', 5, 8),
(44, 'blue', 1, 9),
(45, 'red', 3, 1),
(45, 'red', 5, 3),
(45, 'red', 2, 6),
(45, 'red', 4, 7),
(45, 'red', 1, 9),
(45, 'blue', 3, 1),
(45, 'blue', 2, 3),
(45, 'blue', 5, 6),
(45, 'blue', 4, 7),
(45, 'blue', 1, 9),
(46, 'red', 3, 1),
(46, 'red', 5, 3),
(46, 'red', 2, 6),
(46, 'red', 4, 7),
(46, 'red', 1, 9),
(46, 'blue', 3, 1),
(46, 'blue', 4, 3),
(46, 'blue', 5, 6),
(46, 'blue', 2, 7),
(46, 'blue', 1, 9),
(47, 'red', 3, 1),
(47, 'red', 5, 3),
(47, 'red', 2, 5),
(47, 'red', 4, 7),
(47, 'red', 1, 9),
(47, 'blue', 3, 1),
(47, 'blue', 2, 4),
(47, 'blue', 5, 6),
(47, 'blue', 4, 8),
(47, 'blue', 1, 9),
(48, 'red', 3, 1),
(48, 'red', 2, 4),
(48, 'red', 5, 5),
(48, 'red', 4, 8),
(48, 'red', 1, 9),
(48, 'blue', 3, 1),
(48, 'blue', 2, 3),
(48, 'blue', 5, 6),
(48, 'blue', 4, 8),
(48, 'blue', 1, 9),
(49, 'red', 5, 1),
(49, 'red', 3, 3),
(49, 'red', 2, 6),
(49, 'red', 4, 7),
(49, 'red', 1, 9),
(49, 'blue', 2, 2),
(49, 'blue', 3, 3),
(49, 'blue', 5, 6),
(49, 'blue', 4, 7),
(49, 'blue', 1, 9),
(50, 'red', 2, 2),
(50, 'red', 3, 3),
(50, 'red', 5, 5),
(50, 'red', 4, 7),
(50, 'red', 1, 9),
(50, 'blue', 5, 1),
(50, 'blue', 3, 3),
(50, 'blue', 2, 5),
(50, 'blue', 4, 7),
(50, 'blue', 1, 9),
(51, 'red', 4, 2),
(51, 'red', 3, 3),
(51, 'red', 2, 6),
(51, 'red', 5, 7),
(51, 'red', 1, 9),
(51, 'blue', 4, 1),
(51, 'blue', 3, 3),
(51, 'blue', 2, 6),
(51, 'blue', 5, 8),
(51, 'blue', 1, 9),
(52, 'red', 2, 2),
(52, 'red', 3, 3),
(52, 'red', 4, 6),
(52, 'red', 5, 7),
(52, 'red', 1, 9),
(52, 'blue', 4, 2),
(52, 'blue', 3, 3),
(52, 'blue', 2, 6),
(52, 'blue', 5, 7),
(52, 'blue', 1, 9),
(53, 'red', 2, 1),
(53, 'red', 3, 3),
(53, 'red', 4, 5),
(53, 'red', 5, 7),
(53, 'red', 1, 9),
(53, 'blue', 2, 1),
(53, 'blue', 3, 3),
(53, 'blue', 4, 5),
(53, 'blue', 5, 7),
(53, 'blue', 1, 9),
(54, 'red', 4, 1),
(54, 'red', 3, 3),
(54, 'red', 5, 5),
(54, 'red', 2, 7),
(54, 'red', 1, 9),
(54, 'blue', 2, 2),
(54, 'blue', 3, 3),
(54, 'blue', 4, 6),
(54, 'blue', 5, 7),
(54, 'blue', 1, 9),
(55, 'red', 2, 1),
(55, 'red', 5, 3),
(55, 'red', 3, 6),
(55, 'red', 4, 8),
(55, 'red', 1, 9),
(55, 'blue', 2, 2),
(55, 'blue', 4, 3),
(55, 'blue', 3, 6),
(55, 'blue', 5, 7),
(55, 'blue', 1, 9),
(56, 'red', 2, 1),
(56, 'red', 5, 3),
(56, 'red', 3, 6),
(56, 'red', 4, 8),
(56, 'red', 1, 9),
(56, 'blue', 2, 2),
(56, 'blue', 4, 3),
(56, 'blue', 3, 6),
(56, 'blue', 5, 7),
(56, 'blue', 1, 9),
(57, 'red', 2, 1),
(57, 'red', 5, 3),
(57, 'red', 3, 6),
(57, 'red', 4, 7),
(57, 'red', 1, 9),
(57, 'blue', 2, 2),
(57, 'blue', 5, 4),
(57, 'blue', 3, 6),
(57, 'blue', 4, 7),
(57, 'blue', 1, 9),
(58, 'red', 2, 1),
(58, 'red', 5, 3),
(58, 'red', 3, 6),
(58, 'red', 4, 7),
(58, 'red', 1, 9),
(58, 'blue', 2, 2),
(58, 'blue', 4, 3),
(58, 'blue', 3, 6),
(58, 'blue', 5, 7),
(58, 'blue', 1, 9),
(59, 'red', 4, 2),
(59, 'red', 2, 3),
(59, 'red', 3, 6),
(59, 'red', 5, 7),
(59, 'red', 1, 9),
(59, 'blue', 2, 1),
(59, 'blue', 4, 3),
(59, 'blue', 3, 6),
(59, 'blue', 5, 7),
(59, 'blue', 1, 9),
(60, 'red', 2, 2),
(60, 'red', 4, 3),
(60, 'red', 3, 6),
(60, 'red', 5, 7),
(60, 'red', 1, 9),
(60, 'blue', 2, 2),
(60, 'blue', 4, 3),
(60, 'blue', 3, 6),
(60, 'blue', 5, 7),
(60, 'blue', 1, 9),
(61, 'red', 2, 2),
(61, 'red', 4, 3),
(61, 'red', 3, 5),
(61, 'red', 5, 7),
(61, 'red', 1, 9),
(61, 'blue', 5, 1),
(61, 'blue', 4, 4),
(61, 'blue', 3, 5),
(61, 'blue', 2, 8),
(61, 'blue', 1, 9);

-- --------------------------------------------------------

--
-- Table structure for table `matches`
--

CREATE TABLE IF NOT EXISTS `matches` (
  `id` int(11) NOT NULL AUTO_INCREMENT,
  `matchNumber` int(11) NOT NULL,
  `compID` int(11) NOT NULL,
  `lastUpdated` int(11) NOT NULL,
  `lastExported` int(11) NOT NULL,
  PRIMARY KEY (`id`),
  KEY `fk_compID` (`compID`)
) ENGINE=InnoDB  DEFAULT CHARSET=latin1 AUTO_INCREMENT=68 ;

--
-- Dumping data for table `matches`
--

INSERT INTO `matches` (`id`, `matchNumber`, `compID`, `lastUpdated`, `lastExported`) VALUES
(1, 1, 1, 1458309648, 0),
(2, 2, 1, 1458310336, 0),
(3, 3, 1, 1458311010, 0),
(4, 4, 1, 1458311493, 0),
(5, 5, 1, 1458312095, 0),
(6, 6, 1, 1458312557, 0),
(7, 7, 1, 1458313579, 0),
(8, 8, 1, 1458313807, 0),
(9, 9, 1, 1458314270, 0),
(10, 10, 1, 1458314698, 0),
(11, 11, 1, 1458315596, 0),
(12, 12, 1, 1458316297, 0),
(13, 13, 1, 1458316790, 0),
(14, 14, 1, 1458317190, 0),
(15, 15, 1, 1458317725, 0),
(16, 16, 1, 1458318131, 0),
(17, 17, 1, 1458318583, 0),
(18, 18, 1, 1458319359, 0),
(19, 19, 1, 1458319990, 0),
(20, 20, 1, 1458320420, 0),
(21, 21, 1, 1458320760, 0),
(22, 22, 1, 1458324198, 0),
(23, 23, 1, 1458324977, 0),
(24, 24, 1, 1458325389, 0),
(25, 25, 1, 1458325843, 0),
(26, 26, 1, 1458326314, 0),
(27, 27, 1, 1458326911, 0),
(28, 28, 1, 1458327411, 0),
(29, 29, 1, 1458327877, 0),
(30, 30, 1, 1458328282, 0),
(31, 31, 1, 1458328809, 0),
(32, 32, 1, 1458329248, 0),
(33, 33, 1, 1458329828, 0),
(34, 34, 1, 1458330435, 0),
(35, 35, 1, 1458330954, 0),
(36, 36, 1, 1458331399, 0),
(37, 37, 1, 1458331883, 0),
(38, 38, 1, 1458332404, 0),
(39, 39, 1, 1458332904, 0),
(40, 40, 1, 1458333410, 0),
(41, 41, 1, 1458333873, 0),
(42, 42, 1, 1458334365, 0),
(43, 43, 1, 1458335395, 0),
(44, 44, 1, 1458335719, 0),
(45, 45, 1, 1458336384, 0),
(46, 46, 1, 1458336795, 0),
(47, 47, 1, 1458337400, 0),
(48, 48, 1, 1458337839, 0),
(49, 49, 1, 1458338284, 0),
(50, 50, 1, 1458338744, 0),
(51, 51, 1, 1458396018, 0),
(52, 52, 1, 1458396370, 0),
(53, 53, 1, 1458396961, 0),
(54, 54, 1, 1458397474, 0),
(55, 55, 1, 1458397964, 0),
(56, 56, 1, 1458398649, 0),
(57, 57, 1, 1458399706, 0),
(58, 58, 1, 1458400033, 0),
(59, 59, 1, 1458400495, 0),
(60, 60, 1, 1458401130, 0),
(61, 61, 1, 1458414205, 0),
(62, 62, 1, 0, 0),
(63, 63, 1, 0, 0),
(64, 64, 1, 0, 0),
(65, 65, 1, 0, 0),
(66, 66, 1, 0, 0),
(67, 67, 1, 0, 0);

-- --------------------------------------------------------

--
-- Table structure for table `matchfeeds`
--

CREATE TABLE IF NOT EXISTS `matchfeeds` (
  `id` int(11) NOT NULL AUTO_INCREMENT,
  `teamMatchID` int(11) NOT NULL,
  `orderID` int(11) NOT NULL,
  `mode` enum('tele','auto') NOT NULL,
  `zoneID` int(11) NOT NULL,
  PRIMARY KEY (`id`),
  KEY `teamMatchID` (`teamMatchID`)
) ENGINE=InnoDB  DEFAULT CHARSET=latin1 AUTO_INCREMENT=605 ;

--
-- Dumping data for table `matchfeeds`
--

INSERT INTO `matchfeeds` (`id`, `teamMatchID`, `orderID`, `mode`, `zoneID`) VALUES
(1, 1, 5, 'tele', 7),
(2, 5, 7, 'tele', 7),
(3, 12, 2, 'tele', 4),
(4, 7, 12, 'tele', 5),
(5, 7, 10, 'tele', 5),
(6, 7, 6, 'tele', 7),
(7, 7, 3, 'tele', 7),
(8, 10, 7, 'tele', 2),
(9, 10, 3, 'tele', 7),
(10, 8, 10, 'tele', 1),
(11, 8, 8, 'tele', 1),
(12, 8, 4, 'tele', 1),
(13, 8, 2, 'tele', 7),
(14, 15, 3, 'auto', 4),
(15, 18, 10, 'tele', 7),
(16, 18, 5, 'tele', 7),
(17, 17, 8, 'tele', 4),
(18, 17, 6, 'tele', 4),
(19, 17, 4, 'tele', 4),
(20, 17, 2, 'tele', 4),
(21, 16, 5, 'tele', 7),
(22, 14, 1, 'tele', 7),
(23, 13, 15, 'tele', 1),
(24, 13, 12, 'tele', 7),
(25, 13, 9, 'tele', 1),
(26, 13, 6, 'tele', 7),
(27, 13, 3, 'tele', 7),
(28, 20, 8, 'tele', 7),
(29, 20, 4, 'tele', 7),
(30, 21, 15, 'tele', 1),
(31, 21, 11, 'tele', 1),
(32, 21, 9, 'tele', 1),
(33, 21, 7, 'tele', 1),
(34, 21, 4, 'tele', 7),
(35, 19, 13, 'tele', 5),
(36, 19, 9, 'tele', 7),
(37, 19, 4, 'tele', 7),
(38, 22, 9, 'tele', 4),
(39, 22, 7, 'tele', 4),
(40, 22, 4, 'tele', 7),
(41, 24, 3, 'tele', 7),
(42, 29, 9, 'tele', 7),
(43, 29, 5, 'tele', 7),
(44, 29, 2, 'tele', 4),
(45, 27, 4, 'tele', 7),
(46, 28, 4, 'tele', 7),
(47, 25, 10, 'tele', 2),
(48, 25, 7, 'tele', 7),
(49, 25, 5, 'tele', 7),
(50, 33, 10, 'tele', 7),
(51, 33, 5, 'tele', 7),
(52, 33, 3, 'tele', 1),
(53, 35, 8, 'tele', 4),
(54, 35, 5, 'tele', 7),
(55, 32, 11, 'tele', 7),
(56, 32, 7, 'tele', 7),
(57, 32, 3, 'tele', 7),
(58, 31, 3, 'tele', 1),
(59, 42, 2, 'tele', 7),
(60, 40, 6, 'tele', 4),
(61, 41, 4, 'tele', 4),
(62, 38, 8, 'tele', 5),
(63, 38, 4, 'tele', 7),
(64, 44, 4, 'tele', 7),
(65, 47, 1, 'tele', 7),
(66, 43, 8, 'tele', 5),
(67, 43, 5, 'tele', 7),
(68, 43, 2, 'tele', 7),
(69, 48, 11, 'tele', 5),
(70, 48, 6, 'tele', 7),
(71, 45, 5, 'tele', 7),
(72, 45, 1, 'tele', 7),
(73, 49, 3, 'tele', 1),
(74, 52, 5, 'tele', 7),
(75, 50, 19, 'tele', 7),
(76, 50, 12, 'tele', 7),
(77, 50, 8, 'tele', 7),
(78, 50, 4, 'tele', 7),
(79, 56, 5, 'tele', 1),
(80, 56, 2, 'tele', 7),
(81, 60, 8, 'tele', 7),
(82, 60, 3, 'tele', 7),
(83, 57, 12, 'tele', 7),
(84, 57, 11, 'tele', 7),
(85, 57, 7, 'tele', 7),
(86, 57, 3, 'tele', 7),
(87, 58, 5, 'auto', 7),
(88, 55, 8, 'tele', 7),
(89, 55, 3, 'tele', 1),
(90, 62, 7, 'tele', 1),
(91, 64, 4, 'tele', 7),
(92, 61, 16, 'tele', 2),
(93, 61, 12, 'tele', 7),
(94, 61, 8, 'tele', 7),
(95, 61, 4, 'tele', 7),
(96, 65, 3, 'auto', 7),
(97, 71, 2, 'tele', 7),
(98, 68, 9, 'tele', 7),
(99, 67, 12, 'tele', 7),
(100, 67, 8, 'tele', 7),
(101, 67, 4, 'tele', 7),
(102, 67, 1, 'tele', 7),
(103, 70, 10, 'tele', 7),
(104, 70, 5, 'tele', 7),
(105, 70, 2, 'tele', 7),
(106, 73, 5, 'tele', 1),
(107, 73, 2, 'tele', 7),
(108, 75, 9, 'tele', 7),
(109, 78, 6, 'tele', 4),
(110, 78, 4, 'tele', 4),
(111, 78, 1, 'tele', 7),
(112, 77, 5, 'tele', 4),
(113, 77, 4, 'tele', 7),
(114, 74, 13, 'tele', 7),
(115, 74, 10, 'tele', 7),
(116, 74, 6, 'tele', 7),
(117, 74, 2, 'tele', 7),
(118, 83, 3, 'tele', 4),
(119, 79, 13, 'tele', 7),
(120, 79, 6, 'tele', 7),
(121, 79, 3, 'tele', 7),
(122, 80, 12, 'tele', 7),
(123, 80, 9, 'tele', 7),
(124, 80, 7, 'tele', 1),
(125, 80, 4, 'tele', 7),
(126, 80, 1, 'tele', 7),
(127, 81, 6, 'tele', 1),
(128, 81, 3, 'tele', 1),
(129, 90, 13, 'tele', 7),
(130, 90, 8, 'tele', 7),
(131, 90, 3, 'tele', 7),
(132, 90, 13, 'tele', 7),
(133, 90, 8, 'tele', 7),
(134, 90, 3, 'tele', 7),
(135, 89, 12, 'tele', 7),
(136, 89, 8, 'tele', 7),
(137, 89, 5, 'tele', 4),
(138, 89, 2, 'tele', 7),
(139, 88, 14, 'tele', 4),
(140, 88, 11, 'tele', 7),
(141, 88, 7, 'tele', 7),
(142, 88, 3, 'tele', 7),
(143, 85, 7, 'tele', 1),
(144, 85, 4, 'tele', 7),
(145, 86, 4, 'tele', 7),
(146, 95, 13, 'tele', 4),
(147, 95, 9, 'tele', 4),
(148, 95, 6, 'tele', 7),
(149, 95, 1, 'tele', 4),
(150, 96, 9, 'tele', 4),
(151, 96, 5, 'tele', 7),
(152, 96, 2, 'tele', 7),
(153, 91, 4, 'tele', 7),
(154, 92, 12, 'tele', 7),
(155, 92, 8, 'tele', 7),
(156, 92, 4, 'tele', 5),
(157, 92, 1, 'tele', 1),
(158, 97, 2, 'tele', 7),
(159, 98, 2, 'tele', 7),
(160, 102, 2, 'tele', 7),
(161, 99, 11, 'tele', 7),
(162, 99, 8, 'tele', 1),
(163, 99, 6, 'tele', 1),
(164, 99, 3, 'tele', 7),
(165, 106, 15, 'tele', 7),
(166, 106, 11, 'tele', 7),
(167, 106, 8, 'tele', 7),
(168, 106, 4, 'tele', 7),
(169, 103, 9, 'tele', 1),
(170, 103, 7, 'tele', 7),
(171, 105, 7, 'tele', 7),
(172, 105, 3, 'tele', 7),
(173, 110, 13, 'tele', 7),
(174, 110, 9, 'tele', 7),
(175, 110, 4, 'tele', 1),
(176, 114, 14, 'tele', 4),
(177, 114, 9, 'tele', 7),
(178, 114, 5, 'tele', 7),
(179, 109, 8, 'tele', 1),
(180, 109, 5, 'tele', 7),
(181, 113, 10, 'tele', 7),
(182, 113, 8, 'tele', 4),
(183, 113, 5, 'tele', 7),
(184, 115, 4, 'tele', 1),
(185, 115, 1, 'tele', 7),
(186, 118, 10, 'tele', 4),
(187, 118, 7, 'tele', 7),
(188, 118, 4, 'tele', 4),
(189, 118, 2, 'tele', 4),
(190, 121, 7, 'tele', 7),
(191, 121, 3, 'tele', 7),
(192, 122, 4, 'tele', 7),
(193, 125, 11, 'tele', 4),
(194, 125, 9, 'tele', 4),
(195, 125, 4, 'tele', 4),
(196, 125, 2, 'tele', 4),
(197, 123, 3, 'tele', 7),
(198, 124, 8, 'tele', 7),
(199, 124, 4, 'tele', 7),
(200, 127, 12, 'tele', 2),
(201, 127, 9, 'tele', 7),
(202, 127, 5, 'tele', 7),
(203, 127, 2, 'tele', 7),
(204, 132, 7, 'tele', 2),
(205, 132, 3, 'tele', 7),
(206, 130, 12, 'tele', 2),
(207, 130, 8, 'tele', 7),
(208, 130, 5, 'tele', 4),
(209, 130, 3, 'tele', 4),
(210, 130, 1, 'tele', 7),
(211, 128, 9, 'tele', 1),
(212, 128, 6, 'tele', 7),
(213, 128, 2, 'tele', 7),
(214, 129, 11, 'tele', 1),
(215, 129, 6, 'tele', 7),
(216, 129, 2, 'tele', 7),
(217, 137, 12, 'tele', 7),
(218, 137, 11, 'tele', 7),
(219, 137, 7, 'tele', 4),
(220, 137, 4, 'tele', 7),
(221, 133, 9, 'tele', 1),
(222, 133, 4, 'tele', 7),
(223, 138, 13, 'tele', 7),
(224, 138, 10, 'tele', 7),
(225, 140, 11, 'tele', 7),
(226, 140, 8, 'tele', 7),
(227, 140, 4, 'tele', 7),
(228, 142, 12, 'tele', 7),
(229, 142, 10, 'tele', 5),
(230, 142, 8, 'tele', 4),
(231, 142, 6, 'tele', 4),
(232, 142, 3, 'tele', 7),
(233, 139, 9, 'tele', 7),
(234, 139, 3, 'tele', 7),
(235, 143, 8, 'tele', 4),
(236, 143, 3, 'tele', 7),
(237, 145, 14, 'tele', 7),
(238, 145, 8, 'tele', 7),
(239, 145, 4, 'tele', 7),
(240, 146, 7, 'tele', 7),
(241, 146, 4, 'tele', 1),
(242, 146, 2, 'tele', 1),
(243, 148, 11, 'auto', 7),
(244, 148, 10, 'tele', 1),
(245, 148, 9, 'tele', 1),
(246, 155, 12, 'tele', 7),
(247, 155, 8, 'tele', 7),
(248, 155, 2, 'tele', 7),
(249, 156, 6, 'tele', 4),
(250, 158, 3, 'tele', 1),
(251, 160, 1, 'tele', 7),
(252, 162, 7, 'tele', 7),
(253, 162, 3, 'tele', 7),
(254, 157, 2, 'tele', 7),
(255, 159, 2, 'tele', 7),
(256, 161, 1, 'tele', 4),
(257, 168, 6, 'tele', 7),
(258, 166, 7, 'tele', 4),
(259, 166, 5, 'tele', 4),
(260, 166, 3, 'tele', 7),
(261, 163, 10, 'tele', 1),
(262, 163, 8, 'tele', 1),
(263, 163, 6, 'tele', 1),
(264, 163, 3, 'tele', 7),
(265, 167, 11, 'tele', 7),
(266, 167, 7, 'tele', 7),
(267, 167, 4, 'tele', 4),
(268, 167, 2, 'tele', 4),
(269, 173, 5, 'tele', 4),
(270, 173, 3, 'tele', 4),
(271, 174, 4, 'tele', 7),
(272, 170, 15, 'tele', 7),
(273, 170, 12, 'tele', 7),
(274, 170, 8, 'tele', 7),
(275, 170, 6, 'tele', 7),
(276, 170, 3, 'tele', 7),
(277, 172, 9, 'tele', 1),
(278, 180, 7, 'tele', 7),
(279, 180, 3, 'tele', 7),
(280, 178, 6, 'tele', 7),
(281, 179, 15, 'tele', 7),
(282, 179, 11, 'tele', 7),
(283, 179, 7, 'tele', 7),
(284, 179, 6, 'tele', 7),
(285, 175, 6, 'tele', 7),
(286, 177, 3, 'tele', 5),
(287, 185, 16, 'tele', 4),
(288, 185, 13, 'tele', 2),
(289, 185, 9, 'tele', 7),
(290, 185, 6, 'tele', 7),
(291, 185, 2, 'tele', 7),
(292, 181, 10, 'tele', 7),
(293, 181, 6, 'tele', 7),
(294, 181, 2, 'tele', 7),
(295, 182, 14, 'tele', 7),
(296, 182, 10, 'tele', 7),
(297, 182, 7, 'tele', 1),
(298, 182, 4, 'tele', 7),
(299, 184, 11, 'tele', 7),
(300, 189, 14, 'tele', 7),
(301, 189, 8, 'tele', 7),
(302, 189, 4, 'tele', 7),
(303, 187, 3, 'tele', 5),
(304, 194, 7, 'tele', 1),
(305, 195, 3, 'auto', 7),
(306, 197, 7, 'tele', 7),
(307, 197, 3, 'tele', 7),
(308, 204, 13, 'auto', 7),
(309, 204, 10, 'tele', 2),
(310, 204, 6, 'tele', 7),
(311, 200, 7, 'tele', 6),
(312, 200, 4, 'tele', 6),
(313, 201, 10, 'tele', 1),
(314, 201, 8, 'tele', 2),
(315, 201, 7, 'tele', 1),
(316, 201, 5, 'tele', 7),
(317, 201, 2, 'tele', 7),
(318, 199, 11, 'tele', 2),
(319, 199, 9, 'tele', 1),
(320, 199, 6, 'tele', 7),
(321, 199, 4, 'tele', 2),
(322, 199, 2, 'tele', 2),
(323, 206, 7, 'tele', 7),
(324, 206, 3, 'tele', 7),
(325, 207, 15, 'tele', 7),
(326, 207, 11, 'tele', 7),
(327, 207, 8, 'tele', 1),
(328, 207, 6, 'tele', 1),
(329, 207, 3, 'tele', 7),
(330, 209, 12, 'tele', 4),
(331, 209, 6, 'tele', 7),
(332, 209, 2, 'tele', 7),
(333, 205, 5, 'tele', 7),
(334, 216, 4, 'tele', 7),
(335, 211, 12, 'tele', 1),
(336, 211, 9, 'tele', 7),
(337, 211, 6, 'tele', 1),
(338, 211, 3, 'tele', 7),
(339, 212, 5, 'tele', 7),
(340, 213, 13, 'tele', 2),
(341, 213, 11, 'tele', 1),
(342, 213, 9, 'tele', 3),
(343, 215, 12, 'auto', 4),
(344, 215, 9, 'tele', 7),
(345, 221, 1, 'tele', 7),
(346, 220, 8, 'tele', 4),
(347, 220, 7, 'tele', 7),
(348, 220, 4, 'tele', 7),
(349, 222, 12, 'tele', 5),
(350, 222, 6, 'tele', 7),
(351, 222, 2, 'tele', 7),
(352, 218, 4, 'tele', 1),
(353, 218, 1, 'tele', 7),
(354, 226, 10, 'tele', 5),
(355, 226, 8, 'tele', 5),
(356, 226, 6, 'tele', 4),
(357, 226, 3, 'tele', 7),
(358, 224, 4, 'auto', 1),
(359, 228, 9, 'tele', 7),
(360, 228, 6, 'tele', 7),
(361, 227, 12, 'tele', 2),
(362, 227, 8, 'tele', 7),
(363, 227, 4, 'tele', 7),
(364, 227, 1, 'tele', 4),
(365, 225, 8, 'tele', 7),
(366, 229, 9, 'tele', 1),
(367, 229, 7, 'tele', 1),
(368, 229, 5, 'tele', 1),
(369, 229, 3, 'tele', 1),
(370, 229, 1, 'tele', 1),
(371, 231, 8, 'tele', 2),
(372, 230, 11, 'tele', 7),
(373, 230, 7, 'tele', 7),
(374, 230, 3, 'tele', 7),
(375, 235, 9, 'tele', 1),
(376, 235, 6, 'tele', 7),
(377, 235, 2, 'tele', 7),
(378, 236, 3, 'tele', 7),
(379, 236, 1, 'tele', 1),
(380, 240, 12, 'tele', 7),
(381, 240, 9, 'tele', 7),
(382, 240, 7, 'tele', 7),
(383, 240, 3, 'tele', 7),
(384, 237, 9, 'tele', 2),
(385, 239, 6, 'tele', 4),
(386, 239, 3, 'tele', 7),
(387, 241, 15, 'tele', 7),
(388, 241, 10, 'tele', 1),
(389, 241, 8, 'tele', 1),
(390, 241, 3, 'tele', 1),
(391, 243, 9, 'tele', 7),
(392, 243, 6, 'tele', 1),
(393, 245, 8, 'tele', 7),
(394, 246, 14, 'tele', 7),
(395, 246, 11, 'tele', 4),
(396, 246, 9, 'tele', 4),
(397, 246, 6, 'tele', 7),
(398, 246, 2, 'tele', 7),
(399, 244, 13, 'tele', 7),
(400, 244, 10, 'tele', 4),
(401, 244, 7, 'tele', 2),
(402, 244, 4, 'tele', 4),
(403, 244, 2, 'tele', 4),
(404, 251, 11, 'auto', 4),
(405, 251, 8, 'tele', 3),
(406, 252, 13, 'tele', 4),
(407, 252, 10, 'tele', 7),
(408, 252, 6, 'tele', 7),
(409, 252, 2, 'tele', 7),
(410, 247, 7, 'tele', 7),
(411, 247, 3, 'tele', 7),
(412, 248, 4, 'tele', 7),
(413, 257, 6, 'tele', 4),
(414, 257, 4, 'tele', 7),
(415, 257, 1, 'tele', 4),
(416, 253, 8, 'tele', 1),
(417, 253, 2, 'tele', 7),
(418, 262, 12, 'tele', 7),
(419, 262, 9, 'tele', 4),
(420, 262, 7, 'tele', 4),
(421, 262, 4, 'tele', 7),
(422, 262, 1, 'tele', 4),
(423, 260, 14, 'tele', 7),
(424, 260, 10, 'tele', 7),
(425, 260, 7, 'tele', 1),
(426, 260, 5, 'tele', 1),
(427, 260, 2, 'tele', 7),
(428, 261, 15, 'tele', 2),
(429, 261, 11, 'tele', 7),
(430, 261, 7, 'tele', 7),
(431, 261, 3, 'tele', 7),
(432, 264, 8, 'tele', 7),
(433, 267, 17, 'tele', 2),
(434, 267, 15, 'tele', 2),
(435, 267, 12, 'tele', 7),
(436, 267, 9, 'tele', 1),
(437, 267, 6, 'tele', 7),
(438, 267, 3, 'tele', 1),
(439, 266, 13, 'tele', 1),
(440, 266, 10, 'tele', 7),
(441, 266, 7, 'tele', 1),
(442, 266, 4, 'tele', 7),
(443, 270, 11, 'tele', 7),
(444, 270, 4, 'tele', 4),
(445, 270, 1, 'tele', 7),
(446, 265, 6, 'tele', 7),
(447, 268, 9, 'tele', 7),
(448, 268, 5, 'tele', 7),
(449, 268, 2, 'tele', 7),
(450, 273, 4, 'tele', 7),
(451, 273, 2, 'tele', 7),
(452, 272, 5, 'tele', 7),
(453, 276, 7, 'tele', 7),
(454, 276, 5, 'tele', 4),
(455, 275, 15, 'tele', 7),
(456, 275, 11, 'tele', 7),
(457, 275, 7, 'tele', 7),
(458, 275, 3, 'tele', 7),
(459, 274, 7, 'tele', 4),
(460, 280, 6, 'tele', 7),
(461, 280, 2, 'tele', 7),
(462, 278, 10, 'tele', 1),
(463, 278, 2, 'tele', 7),
(464, 281, 14, 'tele', 7),
(465, 281, 11, 'tele', 4),
(466, 281, 8, 'tele', 7),
(467, 281, 4, 'tele', 7),
(468, 277, 11, 'tele', 1),
(469, 277, 8, 'tele', 1),
(470, 287, 9, 'tele', 7),
(471, 287, 6, 'tele', 4),
(472, 285, 4, 'tele', 1),
(473, 288, 14, 'tele', 7),
(474, 288, 10, 'tele', 7),
(475, 288, 6, 'tele', 7),
(476, 288, 2, 'tele', 7),
(477, 293, 3, 'tele', 7),
(478, 294, 7, 'tele', 5),
(479, 294, 4, 'tele', 4),
(480, 294, 2, 'tele', 7),
(481, 289, 4, 'tele', 1),
(482, 289, 1, 'tele', 7),
(483, 291, 3, 'tele', 7),
(484, 300, 10, 'tele', 5),
(485, 300, 8, 'tele', 4),
(486, 300, 3, 'tele', 7),
(487, 298, 15, 'tele', 7),
(488, 298, 11, 'tele', 7),
(489, 298, 4, 'tele', 7),
(490, 297, 7, 'tele', 7),
(491, 295, 4, 'tele', 1),
(492, 295, 2, 'tele', 7),
(493, 306, 14, 'tele', 7),
(494, 306, 10, 'tele', 7),
(495, 306, 2, 'tele', 7),
(496, 301, 9, 'tele', 2),
(497, 301, 3, 'tele', 7),
(498, 301, 1, 'tele', 1),
(499, 303, 2, 'tele', 7),
(500, 304, 9, 'tele', 7),
(501, 304, 6, 'tele', 4),
(502, 304, 3, 'tele', 5),
(503, 304, 2, 'tele', 1),
(504, 304, 1, 'auto', 1),
(505, 312, 6, 'tele', 7),
(506, 312, 2, 'tele', 7),
(507, 310, 12, 'tele', 2),
(508, 310, 8, 'tele', 7),
(509, 310, 3, 'tele', 4),
(510, 310, 1, 'tele', 4),
(511, 311, 12, 'tele', 4),
(512, 311, 9, 'tele', 2),
(513, 311, 6, 'tele', 7),
(514, 311, 2, 'tele', 7),
(515, 308, 13, 'tele', 7),
(516, 308, 10, 'tele', 2),
(517, 308, 7, 'tele', 7),
(518, 308, 3, 'tele', 7),
(519, 313, 15, 'tele', 7),
(520, 313, 12, 'tele', 7),
(521, 313, 8, 'tele', 5),
(522, 313, 4, 'tele', 7),
(523, 316, 8, 'tele', 7),
(524, 317, 7, 'tele', 4),
(525, 317, 4, 'tele', 7),
(526, 317, 3, 'tele', 7),
(527, 314, 10, 'tele', 7),
(528, 314, 6, 'tele', 7),
(529, 322, 9, 'tele', 4),
(530, 322, 6, 'tele', 2),
(531, 324, 6, 'tele', 7),
(532, 321, 8, 'tele', 7),
(533, 320, 3, 'tele', 7),
(534, 323, 4, 'tele', 7),
(535, 329, 16, 'tele', 7),
(536, 329, 12, 'tele', 7),
(537, 329, 8, 'tele', 7),
(538, 329, 4, 'tele', 7),
(539, 330, 8, 'tele', 7),
(540, 325, 15, 'tele', 1),
(541, 325, 13, 'tele', 2),
(542, 325, 11, 'tele', 1),
(543, 325, 9, 'tele', 1),
(544, 325, 7, 'tele', 1),
(545, 325, 4, 'tele', 7),
(546, 325, 1, 'tele', 7),
(547, 328, 17, 'tele', 4),
(548, 328, 15, 'tele', 4),
(549, 328, 13, 'tele', 4),
(550, 328, 8, 'tele', 7),
(551, 328, 4, 'tele', 7),
(552, 327, 8, 'tele', 7),
(553, 334, 5, 'tele', 7),
(554, 334, 2, 'tele', 7),
(555, 333, 14, 'tele', 1),
(556, 333, 11, 'tele', 7),
(557, 333, 7, 'tele', 7),
(558, 333, 3, 'tele', 1),
(559, 336, 5, 'tele', 4),
(560, 336, 2, 'tele', 7),
(561, 331, 11, 'tele', 7),
(562, 331, 6, 'tele', 7),
(563, 331, 2, 'tele', 7),
(564, 332, 15, 'tele', 1),
(565, 332, 12, 'tele', 7),
(566, 332, 8, 'tele', 7),
(567, 332, 5, 'tele', 1),
(568, 332, 2, 'tele', 7),
(569, 335, 8, 'tele', 7),
(570, 335, 5, 'tele', 7),
(571, 338, 3, 'tele', 1),
(572, 342, 12, 'tele', 4),
(573, 342, 9, 'tele', 7),
(574, 342, 4, 'tele', 7),
(575, 342, 1, 'tele', 7),
(576, 339, 8, 'tele', 7),
(577, 339, 4, 'tele', 7),
(578, 337, 5, 'tele', 7),
(579, 337, 2, 'tele', 1),
(580, 344, 1, 'tele', 7),
(581, 348, 6, 'tele', 4),
(582, 348, 4, 'tele', 5),
(583, 348, 2, 'tele', 4),
(584, 347, 9, 'tele', 4),
(585, 347, 4, 'tele', 7),
(586, 353, 8, 'tele', 7),
(587, 351, 3, 'tele', 7),
(588, 354, 14, 'tele', 5),
(589, 354, 12, 'tele', 4),
(590, 354, 9, 'tele', 7),
(591, 354, 5, 'tele', 7),
(592, 354, 2, 'tele', 4),
(593, 349, 4, 'tele', 7),
(594, 357, 10, 'tele', 7),
(595, 360, 6, 'tele', 4),
(596, 360, 2, 'tele', 7),
(597, 359, 16, 'tele', 5),
(598, 359, 14, 'tele', 4),
(599, 359, 11, 'tele', 7),
(600, 359, 7, 'tele', 2),
(601, 359, 3, 'tele', 7),
(602, 358, 15, 'tele', 2),
(603, 358, 8, 'tele', 7),
(604, 358, 4, 'tele', 7);

-- --------------------------------------------------------

--
-- Table structure for table `matchshoots`
--

CREATE TABLE IF NOT EXISTS `matchshoots` (
  `id` int(11) NOT NULL AUTO_INCREMENT,
  `teamMatchID` int(11) NOT NULL,
  `orderID` int(11) NOT NULL,
  `mode` enum('tele','auto') NOT NULL,
  `coordX` decimal(7,3) NOT NULL,
  `coordY` decimal(7,3) NOT NULL,
  `highLow` tinyint(1) NOT NULL,
  `scoreMiss` tinyint(1) NOT NULL,
  PRIMARY KEY (`id`),
  KEY `teamMatchID` (`teamMatchID`)
) ENGINE=InnoDB  DEFAULT CHARSET=latin1 AUTO_INCREMENT=702 ;

--
-- Dumping data for table `matchshoots`
--

INSERT INTO `matchshoots` (`id`, `teamMatchID`, `orderID`, `mode`, `coordX`, `coordY`, `highLow`, `scoreMiss`) VALUES
(1, 6, 5, 'tele', '116.644', '165.937', 1, 1),
(2, 6, 2, 'tele', '108.024', '159.647', 1, 0),
(3, 4, 1, 'tele', '102.084', '201.748', 1, 0),
(4, 5, 5, 'tele', '174.862', '171.748', 1, 0),
(5, 5, 1, 'tele', '176.983', '161.814', 1, 1),
(6, 12, 3, 'tele', '112.522', '10.896', 1, 1),
(7, 12, 1, 'tele', '101.280', '21.340', 1, 0),
(8, 9, 2, 'tele', '86.468', '209.362', 0, 0),
(9, 7, 8, 'tele', '70.209', '76.257', 1, 1),
(10, 7, 5, 'tele', '97.750', '54.150', 1, 1),
(11, 7, 2, 'tele', '107.543', '166.529', 1, 0),
(12, 10, 9, 'auto', '26.407', '130.599', 0, 1),
(13, 10, 5, 'tele', '21.729', '125.052', 0, 1),
(14, 10, 1, 'tele', '26.832', '122.919', 0, 1),
(15, 8, 11, 'tele', '37.307', '115.474', 0, 1),
(16, 8, 9, 'tele', '50.406', '167.476', 1, 1),
(17, 8, 5, 'tele', '56.102', '169.762', 1, 1),
(18, 8, 3, 'tele', '25.347', '124.617', 1, 1),
(19, 18, 1, 'tele', '24.546', '219.471', 0, 1),
(20, 17, 7, 'tele', '26.751', '123.694', 0, 1),
(21, 17, 5, 'tele', '46.736', '91.526', 0, 1),
(22, 17, 3, 'tele', '49.651', '99.881', 0, 1),
(23, 17, 1, 'tele', '58.811', '73.979', 1, 0),
(24, 14, 2, 'tele', '35.340', '168.581', 1, 0),
(25, 13, 17, 'auto', '5.850', '19.909', 1, 1),
(26, 13, 14, 'tele', '143.750', '173.174', 1, 0),
(27, 13, 10, 'tele', '114.755', '65.321', 1, 0),
(28, 13, 8, 'tele', '118.998', '94.413', 1, 0),
(29, 13, 4, 'tele', '114.048', '47.582', 1, 0),
(30, 20, 10, 'tele', '27.625', '134.903', 0, 1),
(31, 20, 6, 'tele', '34.460', '228.050', 0, 1),
(32, 21, 16, 'tele', '17.594', '150.439', 0, 1),
(33, 21, 12, 'tele', '17.594', '147.932', 0, 1),
(34, 21, 10, 'tele', '20.093', '153.363', 0, 1),
(35, 21, 8, 'tele', '18.011', '140.830', 0, 1),
(36, 21, 6, 'tele', '21.758', '150.439', 0, 1),
(37, 21, 2, 'tele', '11.349', '148.350', 0, 1),
(38, 19, 11, 'tele', '21.733', '212.956', 0, 1),
(39, 19, 1, 'tele', '22.158', '206.129', 0, 1),
(40, 22, 10, 'tele', '30.154', '108.946', 0, 0),
(41, 22, 8, 'tele', '25.847', '117.933', 0, 0),
(42, 22, 6, 'tele', '105.749', '80.206', 0, 0),
(43, 22, 2, 'tele', '129.250', '110.523', 1, 0),
(44, 23, 1, 'tele', '63.128', '249.091', 0, 1),
(45, 29, 12, 'tele', '70.469', '137.481', 1, 0),
(46, 29, 7, 'tele', '115.437', '165.054', 1, 0),
(47, 29, 3, 'tele', '94.202', '151.685', 1, 0),
(48, 29, 1, 'tele', '23.836', '138.734', 0, 0),
(49, 27, 2, 'tele', '89.638', '210.913', 1, 1),
(50, 28, 6, 'tele', '14.656', '213.147', 0, 1),
(51, 28, 2, 'tele', '18.184', '210.788', 0, 1),
(52, 25, 9, 'tele', '145.055', '140.420', 1, 1),
(53, 25, 6, 'tele', '170.995', '164.741', 1, 0),
(54, 25, 4, 'tele', '172.696', '158.767', 1, 1),
(55, 25, 2, 'tele', '167.593', '158.341', 1, 1),
(56, 33, 8, 'tele', '27.431', '128.566', 0, 1),
(57, 33, 7, 'tele', '33.706', '127.597', 0, 1),
(58, 33, 2, 'tele', '32.258', '127.597', 0, 1),
(59, 35, 9, 'tele', '19.283', '130.593', 0, 1),
(60, 35, 7, 'tele', '70.907', '171.039', 1, 0),
(61, 35, 1, 'tele', '73.028', '168.910', 1, 0),
(62, 32, 9, 'tele', '40.911', '170.074', 1, 1),
(63, 32, 5, 'tele', '14.680', '213.104', 1, 1),
(64, 32, 1, 'tele', '35.498', '165.896', 1, 0),
(65, 42, 5, 'auto', '124.652', '229.223', 1, 1),
(66, 40, 7, 'tele', '90.871', '47.660', 1, 0),
(67, 40, 5, 'tele', '94.202', '48.913', 1, 0),
(68, 41, 2, 'tele', '115.568', '163.431', 1, 0),
(69, 38, 10, 'tele', '94.481', '165.426', 1, 1),
(70, 38, 6, 'tele', '109.110', '162.405', 1, 1),
(71, 38, 2, 'tele', '91.652', '170.490', 1, 1),
(72, 44, 6, 'tele', '32.016', '225.682', 0, 1),
(73, 44, 2, 'tele', '41.209', '107.894', 0, 0),
(74, 43, 12, 'auto', '112.386', '58.339', 1, 0),
(75, 43, 10, 'tele', '172.240', '152.782', 1, 1),
(76, 43, 7, 'tele', '160.173', '171.671', 1, 0),
(77, 43, 3, 'tele', '167.896', '176.999', 1, 1),
(78, 48, 8, 'tele', '19.804', '216.969', 1, 1),
(79, 48, 1, 'tele', '53.376', '171.830', 1, 1),
(80, 45, 8, 'tele', '103.805', '164.741', 1, 1),
(81, 49, 4, 'tele', '103.067', '223.713', 0, 0),
(82, 49, 2, 'tele', '84.938', '233.819', 1, 0),
(83, 52, 7, 'tele', '101.250', '101.585', 1, 1),
(84, 52, 3, 'tele', '137.822', '170.707', 1, 1),
(85, 50, 14, 'tele', '49.225', '95.080', 0, 1),
(86, 50, 10, 'tele', '48.831', '93.700', 0, 1),
(87, 50, 6, 'tele', '43.342', '99.908', 0, 1),
(88, 50, 2, 'tele', '47.655', '108.956', 0, 1),
(89, 56, 6, 'tele', '98.367', '36.421', 1, 1),
(90, 56, 4, 'tele', '155.440', '165.100', 1, 1),
(91, 59, 2, 'tele', '48.724', '172.573', 1, 1),
(92, 60, 6, 'tele', '38.377', '111.435', 0, 1),
(93, 60, 5, 'tele', '36.255', '108.597', 0, 0),
(94, 60, 1, 'tele', '53.935', '94.406', 1, 1),
(95, 57, 14, 'tele', '49.238', '173.416', 1, 1),
(96, 57, 9, 'tele', '42.993', '172.998', 1, 0),
(97, 57, 5, 'tele', '55.484', '171.745', 1, 1),
(98, 57, 1, 'tele', '58.398', '170.909', 1, 1),
(99, 55, 4, 'tele', '33.929', '112.496', 1, 0),
(100, 62, 8, 'tele', '55.261', '64.604', 1, 1),
(101, 62, 6, 'tele', '57.951', '90.441', 1, 0),
(102, 64, 5, 'tele', '35.044', '129.212', 0, 1),
(103, 64, 2, 'tele', '23.283', '135.699', 0, 1),
(104, 61, 14, 'tele', '121.283', '109.625', 1, 0),
(105, 61, 10, 'tele', '156.783', '112.551', 1, 1),
(106, 61, 6, 'tele', '137.982', '192.049', 1, 1),
(107, 61, 2, 'auto', '120.524', '183.290', 1, 1),
(108, 65, 4, 'auto', '25.131', '212.949', 0, 1),
(109, 65, 2, 'auto', '24.280', '214.656', 0, 1),
(110, 71, 5, 'tele', '31.237', '233.130', 0, 1),
(111, 71, 4, 'tele', '27.299', '229.837', 0, 0),
(112, 68, 6, 'tele', '62.978', '170.074', 1, 1),
(113, 67, 15, 'auto', '148.054', '188.006', 1, 0),
(114, 67, 10, 'tele', '131.333', '238.034', 1, 1),
(115, 67, 6, 'tele', '55.394', '104.466', 1, 1),
(116, 67, 2, 'tele', '153.425', '173.185', 1, 1),
(117, 70, 14, 'tele', '52.293', '96.303', 1, 1),
(118, 70, 12, 'tele', '53.863', '74.368', 1, 0),
(119, 70, 8, 'tele', '40.143', '107.393', 0, 1),
(120, 70, 6, 'tele', '38.967', '96.778', 1, 1),
(121, 70, 4, 'tele', '65.624', '86.947', 1, 1),
(122, 73, 6, 'tele', '20.925', '213.940', 0, 0),
(123, 73, 4, 'tele', '162.073', '166.732', 1, 0),
(124, 76, 3, 'tele', '28.612', '218.644', 0, 0),
(125, 75, 11, 'tele', '134.683', '156.014', 1, 1),
(126, 78, 7, 'tele', '44.454', '103.459', 0, 0),
(127, 78, 5, 'tele', '47.588', '103.070', 0, 0),
(128, 78, 3, 'tele', '44.848', '89.306', 0, 1),
(129, 74, 15, 'tele', '42.160', '98.635', 1, 0),
(130, 74, 11, 'tele', '46.740', '88.608', 1, 1),
(131, 74, 8, 'tele', '65.893', '63.542', 1, 1),
(132, 74, 4, 'tele', '36.747', '107.826', 1, 1),
(133, 83, 5, 'auto', '33.233', '15.529', 1, 1),
(134, 83, 4, 'tele', '75.534', '74.816', 1, 0),
(135, 79, 9, 'tele', '14.263', '138.741', 0, 1),
(136, 79, 5, 'tele', '56.316', '77.328', 0, 1),
(137, 79, 1, 'tele', '75.469', '51.427', 1, 0),
(138, 84, 11, 'tele', '63.393', '170.576', 1, 0),
(139, 80, 14, 'tele', '142.503', '151.514', 1, 0),
(140, 80, 11, 'tele', '177.799', '235.144', 1, 1),
(141, 80, 8, 'tele', '163.340', '149.807', 1, 1),
(142, 80, 6, 'tele', '159.938', '150.660', 1, 1),
(143, 80, 3, 'tele', '116.563', '109.272', 1, 1),
(144, 81, 5, 'tele', '176.695', '180.918', 1, 0),
(145, 81, 2, 'tele', '77.071', '166.762', 1, 0),
(146, 90, 15, 'tele', '59.227', '169.649', 1, 1),
(147, 90, 11, 'tele', '44.238', '166.725', 1, 1),
(148, 90, 6, 'tele', '46.736', '167.978', 1, 1),
(149, 90, 5, 'tele', '47.153', '167.142', 1, 0),
(150, 90, 1, 'tele', '47.153', '164.218', 1, 0),
(151, 90, 15, 'tele', '59.227', '169.649', 1, 1),
(152, 90, 11, 'tele', '44.238', '166.725', 1, 1),
(153, 90, 6, 'tele', '46.736', '167.978', 1, 1),
(154, 90, 5, 'tele', '47.153', '167.142', 1, 0),
(155, 90, 1, 'tele', '47.153', '164.218', 1, 0),
(156, 89, 16, 'auto', '119.333', '44.098', 1, 0),
(157, 89, 14, 'tele', '77.780', '84.509', 1, 1),
(158, 89, 10, 'tele', '93.069', '95.908', 1, 1),
(159, 89, 6, 'tele', '95.810', '84.199', 0, 1),
(160, 89, 4, 'tele', '126.389', '147.494', 1, 1),
(161, 88, 15, 'tele', '28.612', '218.644', 0, 1),
(162, 88, 13, 'tele', '27.955', '218.644', 0, 0),
(163, 88, 9, 'tele', '24.674', '214.693', 0, 1),
(164, 88, 5, 'tele', '28.612', '219.961', 0, 1),
(165, 88, 1, 'tele', '24.674', '217.327', 0, 1),
(166, 87, 2, 'tele', '86.281', '218.323', 0, 0),
(167, 86, 2, 'tele', '32.167', '114.092', 0, 0),
(168, 95, 16, 'auto', '137.088', '30.113', 1, 0),
(169, 95, 14, 'tele', '151.661', '164.636', 1, 1),
(170, 95, 10, 'tele', '120.850', '40.975', 1, 1),
(171, 95, 8, 'tele', '132.508', '38.469', 1, 1),
(172, 95, 2, 'tele', '120.433', '55.180', 1, 1),
(173, 96, 15, 'auto', '27.190', '16.203', 1, 0),
(174, 91, 1, 'tele', '25.560', '216.796', 0, 1),
(175, 92, 16, 'auto', '39.088', '103.637', 0, 0),
(176, 92, 14, 'tele', '36.259', '114.280', 0, 1),
(177, 92, 10, 'tele', '25.651', '123.505', 0, 1),
(178, 92, 6, 'tele', '27.066', '117.119', 0, 1),
(179, 92, 2, 'tele', '27.066', '127.053', 0, 1),
(180, 97, 3, 'tele', '40.443', '231.304', 0, 1),
(181, 98, 4, 'tele', '150.740', '154.321', 1, 0),
(182, 99, 9, 'tele', '73.387', '119.106', 1, 0),
(183, 99, 7, 'tele', '85.046', '79.417', 1, 0),
(184, 99, 5, 'tele', '77.135', '96.546', 1, 1),
(185, 99, 1, 'tele', '99.619', '61.453', 1, 0),
(186, 100, 1, 'tele', '39.084', '108.597', 1, 1),
(187, 108, 3, 'tele', '30.234', '121.639', 0, 1),
(188, 106, 13, 'tele', '32.197', '120.899', 0, 1),
(189, 106, 6, 'tele', '31.429', '127.840', 0, 1),
(190, 106, 2, 'tele', '43.343', '98.532', 0, 1),
(191, 103, 10, 'tele', '55.497', '247.061', 1, 0),
(192, 103, 8, 'tele', '70.794', '238.328', 1, 1),
(193, 103, 4, 'tele', '71.582', '246.981', 1, 1),
(194, 105, 8, 'tele', '22.115', '132.020', 1, 1),
(195, 105, 5, 'tele', '34.137', '170.336', 1, 1),
(196, 105, 1, 'tele', '36.259', '167.498', 1, 1),
(197, 110, 15, 'auto', '80.909', '82.234', 1, 0),
(198, 110, 11, 'tele', '19.437', '127.777', 0, 1),
(199, 110, 5, 'tele', '64.123', '105.140', 1, 0),
(200, 110, 3, 'tele', '57.409', '97.729', 1, 0),
(201, 114, 11, 'tele', '31.578', '231.236', 0, 1),
(202, 114, 7, 'tele', '50.404', '69.955', 1, 0),
(203, 109, 7, 'tele', '103.353', '166.367', 1, 1),
(204, 109, 2, 'tele', '46.478', '228.891', 0, 1),
(205, 113, 13, 'tele', '36.255', '106.468', 1, 1),
(206, 113, 9, 'tele', '46.863', '102.921', 1, 1),
(207, 113, 7, 'tele', '43.327', '100.792', 1, 1),
(208, 113, 3, 'tele', '41.205', '98.663', 1, 1),
(209, 115, 5, 'tele', '24.508', '130.741', 0, 1),
(210, 115, 3, 'tele', '35.251', '121.983', 0, 1),
(211, 118, 11, 'tele', '29.905', '126.551', 1, 1),
(212, 118, 9, 'tele', '24.806', '123.760', 1, 1),
(213, 118, 5, 'tele', '22.488', '129.807', 1, 1),
(214, 118, 3, 'tele', '32.223', '117.248', 1, 0),
(215, 118, 1, 'tele', '24.342', '124.690', 1, 0),
(216, 117, 3, 'tele', '162.490', '160.047', 1, 0),
(217, 121, 9, 'tele', '25.468', '126.432', 0, 1),
(218, 121, 5, 'tele', '22.493', '129.393', 0, 1),
(219, 121, 1, 'tele', '25.851', '125.351', 0, 1),
(220, 125, 12, 'tele', '26.660', '216.322', 1, 1),
(221, 125, 10, 'tele', '53.547', '229.346', 1, 0),
(222, 125, 8, 'tele', '30.832', '228.880', 1, 0),
(223, 125, 3, 'tele', '27.124', '222.368', 1, 1),
(224, 125, 1, 'tele', '28.514', '219.113', 1, 1),
(225, 123, 5, 'tele', '132.297', '208.689', 1, 0),
(226, 124, 10, 'tele', '33.426', '176.715', 1, 0),
(227, 124, 6, 'tele', '36.255', '172.458', 1, 0),
(228, 124, 2, 'tele', '27.769', '176.715', 1, 0),
(229, 127, 16, 'auto', '35.935', '117.255', 0, 1),
(230, 127, 13, 'tele', '22.492', '210.747', 0, 1),
(231, 127, 11, 'tele', '31.763', '131.674', 0, 1),
(232, 127, 7, 'tele', '100.371', '113.534', 0, 0),
(233, 132, 9, 'tele', '49.585', '171.469', 1, 0),
(234, 132, 5, 'tele', '43.976', '172.504', 1, 1),
(235, 132, 1, 'tele', '25.176', '215.622', 1, 1),
(236, 130, 10, 'tele', '46.736', '90.272', 1, 1),
(237, 130, 6, 'tele', '55.064', '90.690', 1, 0),
(238, 130, 4, 'tele', '49.235', '76.068', 1, 0),
(239, 128, 14, 'auto', '169.915', '168.207', 1, 1),
(240, 128, 10, 'tele', '51.817', '40.486', 1, 1),
(241, 128, 8, 'tele', '53.938', '64.611', 1, 1),
(242, 128, 4, 'tele', '123.242', '12.103', 1, 1),
(243, 129, 14, 'auto', '148.066', '226.926', 1, 0),
(244, 129, 12, 'tele', '28.045', '128.112', 0, 1),
(245, 129, 8, 'tele', '40.989', '239.903', 0, 1),
(246, 129, 4, 'tele', '157.086', '183.667', 1, 1),
(247, 137, 9, 'tele', '72.135', '243.177', 0, 1),
(248, 137, 8, 'tele', '71.302', '249.443', 0, 1),
(249, 137, 6, 'tele', '47.153', '106.983', 0, 1),
(250, 137, 2, 'tele', '53.815', '93.615', 0, 1),
(251, 133, 6, 'tele', '28.536', '129.326', 0, 1),
(252, 133, 2, 'tele', '129.320', '162.607', 1, 0),
(253, 138, 15, 'tele', '39.556', '113.928', 0, 1),
(254, 140, 6, 'tele', '167.486', '169.656', 1, 0),
(255, 140, 2, 'tele', '144.586', '157.958', 1, 0),
(256, 142, 11, 'tele', '25.131', '213.376', 0, 1),
(257, 142, 9, 'tele', '26.832', '214.656', 0, 1),
(258, 142, 7, 'tele', '23.430', '209.962', 0, 0),
(259, 142, 5, 'tele', '81.264', '224.043', 0, 0),
(260, 142, 1, 'tele', '147.177', '157.907', 1, 1),
(261, 139, 11, 'tele', '177.755', '165.098', 1, 1),
(262, 139, 5, 'tele', '96.884', '24.808', 1, 0),
(263, 139, 1, 'tele', '72.525', '36.050', 1, 0),
(264, 143, 9, 'tele', '166.378', '159.683', 1, 0),
(265, 143, 4, 'tele', '134.622', '29.945', 1, 1),
(266, 143, 1, 'tele', '153.835', '24.048', 1, 1),
(267, 144, 5, 'tele', '72.135', '83.170', 1, 0),
(268, 145, 10, 'tele', '24.709', '212.529', 0, 1),
(269, 145, 6, 'tele', '26.836', '218.503', 0, 1),
(270, 145, 2, 'tele', '18.331', '128.899', 0, 1),
(271, 146, 9, 'tele', '40.495', '112.421', 1, 0),
(272, 146, 5, 'tele', '40.911', '108.661', 1, 1),
(273, 146, 3, 'tele', '35.082', '113.257', 0, 0),
(274, 146, 1, 'tele', '32.167', '114.928', 1, 0),
(275, 149, 2, 'tele', '38.094', '233.200', 0, 1),
(276, 148, 8, 'tele', '14.260', '144.165', 0, 1),
(277, 148, 5, 'tele', '20.089', '130.796', 0, 1),
(278, 147, 1, 'tele', '145.713', '199.003', 1, 0),
(279, 155, 15, 'auto', '142.084', '51.420', 1, 0),
(280, 155, 10, 'tele', '152.077', '84.424', 1, 1),
(281, 155, 6, 'tele', '127.928', '50.166', 1, 1),
(282, 153, 3, 'auto', '13.412', '10.919', 1, 0),
(283, 156, 7, 'tele', '60.920', '70.830', 1, 1),
(284, 156, 5, 'tele', '50.334', '83.409', 1, 1),
(285, 158, 4, 'tele', '17.055', '212.956', 0, 1),
(286, 158, 2, 'tele', '23.859', '209.969', 0, 0),
(287, 162, 9, 'tele', '79.991', '47.938', 1, 0),
(288, 162, 5, 'tele', '83.889', '31.318', 1, 1),
(289, 162, 1, 'tele', '94.607', '59.670', 1, 0),
(290, 157, 8, 'tele', '43.409', '98.217', 0, 0),
(291, 159, 14, 'auto', '103.741', '221.812', 1, 0),
(292, 159, 10, 'tele', '21.768', '128.307', 0, 1),
(293, 161, 2, 'tele', '11.762', '197.640', 0, 0),
(294, 166, 6, 'tele', '25.085', '124.948', 0, 1),
(295, 166, 1, 'tele', '30.498', '115.339', 0, 1),
(296, 163, 11, 'tele', '46.084', '107.562', 1, 1),
(297, 163, 9, 'tele', '46.084', '96.764', 1, 0),
(298, 163, 7, 'tele', '64.522', '116.424', 1, 0),
(299, 163, 5, 'tele', '60.992', '104.238', 1, 1),
(300, 163, 1, 'tele', '64.911', '96.369', 1, 1),
(301, 167, 13, 'tele', '23.420', '125.783', 1, 0),
(302, 167, 9, 'tele', '17.174', '134.556', 1, 1),
(303, 167, 5, 'tele', '20.089', '200.982', 1, 1),
(304, 167, 3, 'tele', '15.509', '216.440', 1, 0),
(305, 167, 1, 'tele', '56.313', '174.662', 1, 1),
(306, 173, 6, 'tele', '69.822', '168.689', 1, 1),
(307, 173, 4, 'tele', '65.943', '169.554', 1, 1),
(308, 173, 2, 'tele', '39.652', '115.930', 1, 0),
(309, 174, 8, 'tele', '17.299', '217.424', 0, 0),
(310, 174, 2, 'tele', '136.504', '152.545', 1, 0),
(311, 170, 10, 'tele', '135.699', '63.617', 1, 1),
(312, 172, 11, 'tele', '28.000', '127.872', 0, 1),
(313, 172, 1, 'tele', '20.505', '203.071', 0, 0),
(314, 180, 9, 'tele', '26.751', '211.844', 1, 1),
(315, 180, 5, 'tele', '23.003', '220.617', 1, 1),
(316, 180, 1, 'tele', '47.985', '167.560', 1, 1),
(317, 178, 7, 'tele', '19.603', '125.052', 0, 1),
(318, 178, 1, 'tele', '23.005', '114.812', 0, 1),
(319, 179, 13, 'tele', '22.784', '217.858', 0, 1),
(320, 179, 9, 'tele', '22.114', '123.736', 0, 1),
(321, 179, 4, 'tele', '25.176', '207.537', 0, 1),
(322, 179, 1, 'tele', '33.904', '213.600', 0, 1),
(323, 175, 10, 'auto', '23.695', '20.374', 1, 1),
(324, 175, 9, 'tele', '139.981', '163.459', 1, 1),
(325, 176, 8, 'auto', '83.187', '49.773', 1, 0),
(326, 185, 15, 'tele', '44.824', '102.957', 1, 0),
(327, 185, 11, 'tele', '52.151', '105.119', 1, 1),
(328, 185, 8, 'tele', '59.478', '96.470', 1, 0),
(329, 185, 4, 'tele', '43.962', '101.660', 1, 1),
(330, 181, 14, 'auto', '131.728', '178.141', 1, 1),
(331, 181, 12, 'tele', '85.761', '169.626', 1, 1),
(332, 181, 8, 'tele', '161.429', '172.465', 1, 1),
(333, 181, 4, 'tele', '165.672', '169.626', 1, 0),
(334, 182, 16, 'tele', '22.471', '118.630', 0, 1),
(335, 182, 12, 'tele', '22.471', '122.314', 0, 1),
(336, 182, 8, 'tele', '29.815', '125.385', 0, 1),
(337, 182, 6, 'tele', '21.859', '132.754', 0, 1),
(338, 182, 2, 'tele', '21.247', '133.368', 0, 1),
(339, 184, 13, 'tele', '18.562', '206.829', 1, 0),
(340, 184, 9, 'tele', '50.801', '176.214', 1, 1),
(341, 189, 10, 'tele', '27.773', '119.247', 0, 1),
(342, 189, 6, 'tele', '22.823', '131.310', 0, 1),
(343, 189, 2, 'tele', '18.579', '212.200', 0, 1),
(344, 187, 5, 'tele', '140.839', '171.327', 1, 1),
(345, 187, 1, 'tele', '114.191', '171.745', 1, 1),
(346, 194, 9, 'tele', '82.932', '58.225', 0, 1),
(347, 194, 8, 'tele', '157.893', '51.839', 1, 0),
(348, 196, 5, 'tele', '122.938', '79.824', 1, 1),
(349, 196, 2, 'tele', '125.489', '158.334', 1, 1),
(350, 197, 10, 'tele', '23.003', '217.275', 0, 1),
(351, 197, 5, 'tele', '21.754', '207.666', 0, 1),
(352, 198, 2, 'tele', '52.184', '99.518', 0, 1),
(353, 204, 12, 'tele', '40.083', '91.281', 0, 1),
(354, 204, 8, 'tele', '34.050', '93.443', 0, 1),
(355, 204, 4, 'tele', '38.791', '86.091', 0, 1),
(356, 204, 1, 'tele', '31.464', '87.821', 0, 1),
(357, 201, 11, 'tele', '23.786', '206.160', 0, 1),
(358, 201, 9, 'tele', '21.262', '205.803', 0, 0),
(359, 201, 3, 'tele', '22.125', '132.824', 0, 1),
(360, 199, 14, 'auto', '122.519', '165.478', 1, 1),
(361, 199, 12, 'tele', '159.992', '150.021', 0, 1),
(362, 199, 10, 'tele', '167.486', '154.616', 1, 1),
(363, 199, 8, 'tele', '153.330', '156.287', 1, 0),
(364, 199, 5, 'tele', '140.839', '159.212', 1, 1),
(365, 199, 3, 'tele', '140.006', '168.403', 1, 1),
(366, 199, 1, 'tele', '140.839', '161.301', 1, 1),
(367, 202, 7, 'tele', '29.891', '220.708', 0, 1),
(368, 206, 12, 'tele', '145.602', '78.933', 1, 0),
(369, 206, 5, 'tele', '141.726', '31.153', 1, 0),
(370, 206, 1, 'tele', '147.817', '31.153', 1, 0),
(371, 208, 14, 'auto', '14.923', '16.701', 1, 1),
(372, 207, 13, 'tele', '29.387', '126.766', 0, 1),
(373, 207, 9, 'tele', '25.560', '134.446', 0, 1),
(374, 207, 7, 'tele', '30.663', '208.689', 0, 1),
(375, 207, 5, 'tele', '31.088', '218.076', 0, 1),
(376, 207, 1, 'tele', '20.882', '125.913', 0, 1),
(377, 209, 15, 'auto', '139.643', '239.179', 1, 0),
(378, 209, 13, 'tele', '70.684', '236.584', 1, 1),
(379, 209, 11, 'tele', '101.716', '235.719', 1, 1),
(380, 209, 8, 'tele', '156.021', '176.473', 1, 1),
(381, 209, 4, 'tele', '141.367', '164.797', 1, 0),
(382, 211, 13, 'tele', '24.919', '133.982', 1, 0),
(383, 211, 11, 'tele', '24.307', '133.368', 1, 0),
(384, 211, 7, 'tele', '24.307', '132.754', 1, 0),
(385, 211, 5, 'tele', '8.394', '110.032', 1, 0),
(386, 211, 1, 'tele', '29.815', '127.841', 1, 1),
(387, 213, 14, 'tele', '24.579', '238.525', 1, 0),
(388, 213, 12, 'tele', '72.668', '171.417', 1, 1),
(389, 213, 10, 'tele', '69.744', '164.492', 1, 1),
(390, 213, 8, 'tele', '66.421', '170.603', 1, 1),
(391, 215, 11, 'tele', '68.098', '214.529', 0, 1),
(392, 215, 3, 'tele', '45.255', '101.227', 0, 0),
(393, 220, 9, 'tele', '36.327', '171.320', 1, 1),
(394, 220, 6, 'tele', '53.398', '167.978', 1, 0),
(395, 220, 2, 'tele', '56.313', '169.649', 1, 1),
(396, 222, 13, 'tele', '39.840', '238.377', 1, 1),
(397, 222, 11, 'tele', '70.847', '178.374', 1, 0),
(398, 222, 8, 'tele', '84.136', '177.819', 1, 1),
(399, 222, 4, 'tele', '95.764', '175.597', 1, 1),
(400, 218, 9, 'tele', '48.276', '121.992', 0, 1),
(401, 218, 7, 'tele', '41.811', '83.071', 1, 0),
(402, 218, 5, 'tele', '28.019', '115.072', 1, 1),
(403, 218, 3, 'tele', '32.760', '62.314', 1, 1),
(404, 226, 11, 'tele', '142.499', '151.080', 1, 1),
(405, 226, 9, 'tele', '156.107', '159.614', 1, 0),
(406, 226, 7, 'tele', '164.187', '154.493', 1, 1),
(407, 226, 5, 'tele', '152.705', '164.734', 1, 1),
(408, 226, 1, 'tele', '105.078', '213.803', 1, 0),
(409, 228, 13, 'auto', '102.962', '22.257', 1, 1),
(410, 228, 11, 'tele', '45.580', '119.831', 1, 0),
(411, 228, 8, 'tele', '73.616', '33.369', 1, 1),
(412, 227, 16, 'auto', '118.466', '165.041', 1, 1),
(413, 227, 14, 'tele', '95.210', '22.257', 1, 1),
(414, 227, 10, 'tele', '94.103', '172.819', 1, 1),
(415, 227, 6, 'tele', '93.549', '166.707', 1, 1),
(416, 227, 2, 'tele', '94.103', '163.374', 1, 1),
(417, 234, 2, 'tele', '55.245', '229.706', 0, 1),
(418, 229, 10, 'tele', '38.182', '108.379', 1, 0),
(419, 229, 8, 'tele', '21.571', '133.380', 0, 1),
(420, 229, 6, 'tele', '38.182', '106.156', 1, 1),
(421, 229, 4, 'tele', '37.628', '103.934', 1, 0),
(422, 229, 2, 'tele', '35.414', '107.267', 1, 0),
(423, 231, 9, 'tele', '44.827', '234.495', 0, 1),
(424, 232, 8, 'tele', '157.073', '162.965', 1, 1),
(425, 230, 13, 'tele', '19.830', '114.208', 0, 1),
(426, 230, 9, 'tele', '46.552', '238.321', 0, 1),
(427, 230, 5, 'tele', '56.034', '239.186', 0, 1),
(428, 230, 1, 'tele', '48.276', '232.699', 0, 1),
(429, 238, 2, 'tele', '152.077', '166.307', 1, 1),
(430, 235, 8, 'tele', '144.204', '97.325', 1, 0),
(431, 235, 4, 'tele', '128.470', '113.539', 1, 0),
(432, 236, 9, 'auto', '10.230', '22.831', 1, 0),
(433, 236, 6, 'tele', '156.505', '168.986', 1, 0),
(434, 236, 2, 'tele', '165.686', '175.741', 1, 1),
(435, 240, 1, 'tele', '40.945', '112.471', 0, 1),
(436, 237, 8, 'tele', '33.752', '233.939', 0, 1),
(437, 239, 7, 'tele', '43.716', '172.819', 1, 1),
(438, 239, 1, 'tele', '94.103', '169.485', 1, 1),
(439, 241, 16, 'auto', '17.480', '19.242', 1, 1),
(440, 241, 13, 'tele', '129.320', '155.354', 1, 1),
(441, 241, 11, 'tele', '105.506', '58.070', 1, 1),
(442, 241, 9, 'tele', '95.301', '57.216', 1, 0),
(443, 241, 7, 'tele', '102.955', '61.910', 1, 0),
(444, 241, 4, 'tele', '88.922', '77.697', 1, 1),
(445, 243, 11, 'tele', '20.634', '130.912', 1, 1),
(446, 243, 7, 'tele', '12.066', '140.737', 0, 1),
(447, 243, 1, 'tele', '146.101', '165.301', 1, 0),
(448, 246, 17, 'auto', '95.251', '191.609', 1, 0),
(449, 246, 12, 'tele', '110.336', '170.852', 1, 1),
(450, 246, 10, 'tele', '102.578', '168.257', 1, 1),
(451, 246, 8, 'tele', '74.132', '173.446', 1, 1),
(452, 246, 4, 'tele', '112.060', '180.366', 1, 0),
(453, 244, 15, 'tele', '46.132', '173.074', 1, 0),
(454, 244, 11, 'tele', '21.811', '126.486', 1, 1),
(455, 244, 9, 'tele', '25.443', '130.039', 1, 1),
(456, 244, 5, 'tele', '16.584', '143.929', 1, 1),
(457, 244, 3, 'tele', '30.980', '129.484', 1, 1),
(458, 244, 1, 'tele', '25.443', '128.928', 1, 1),
(459, 251, 10, 'tele', '24.568', '226.638', 0, 1),
(460, 251, 1, 'tele', '28.447', '225.340', 0, 1),
(461, 252, 16, 'auto', '99.640', '28.368', 1, 1),
(462, 252, 14, 'tele', '120.127', '14.479', 1, 0),
(463, 252, 12, 'tele', '108.499', '46.702', 1, 0),
(464, 252, 8, 'tele', '94.103', '28.368', 1, 1),
(465, 252, 4, 'tele', '112.929', '18.368', 1, 1),
(466, 247, 9, 'tele', '20.925', '213.940', 0, 1),
(467, 247, 5, 'tele', '22.174', '211.433', 0, 0),
(468, 247, 2, 'tele', '27.587', '219.789', 0, 1),
(469, 248, 2, 'tele', '27.194', '132.762', 0, 1),
(470, 255, 2, 'tele', '28.004', '213.940', 0, 0),
(471, 257, 13, 'auto', '123.207', '64.710', 0, 0),
(472, 257, 7, 'tele', '17.118', '211.579', 1, 0),
(473, 257, 2, 'tele', '23.161', '129.386', 0, 0),
(474, 253, 11, 'auto', '37.075', '36.709', 1, 0),
(475, 253, 9, 'tele', '130.652', '188.937', 1, 0),
(476, 253, 7, 'tele', '55.347', '101.156', 1, 1),
(477, 253, 4, 'tele', '49.810', '86.155', 1, 1),
(478, 262, 17, 'auto', '14.851', '81.709', 0, 0),
(479, 262, 14, 'tele', '33.211', '102.588', 0, 1),
(480, 262, 10, 'tele', '30.763', '93.991', 0, 1),
(481, 262, 8, 'tele', '43.616', '95.219', 0, 1),
(482, 262, 6, 'tele', '39.332', '99.518', 0, 1),
(483, 262, 2, 'tele', '22.195', '102.588', 0, 1),
(484, 260, 16, 'tele', '66.678', '64.570', 1, 1),
(485, 260, 12, 'tele', '87.678', '48.767', 1, 0),
(486, 260, 8, 'tele', '48.959', '72.472', 1, 1),
(487, 260, 6, 'tele', '55.521', '48.767', 1, 0),
(488, 260, 4, 'tele', '56.834', '75.106', 1, 1),
(489, 263, 2, 'tele', '31.305', '122.788', 0, 0),
(490, 261, 13, 'tele', '22.118', '209.797', 0, 1),
(491, 261, 9, 'tele', '22.118', '207.108', 0, 1),
(492, 261, 5, 'tele', '29.208', '220.344', 0, 1),
(493, 261, 1, 'tele', '26.522', '221.018', 0, 1),
(494, 264, 10, 'tele', '20.089', '213.515', 0, 1),
(495, 264, 7, 'tele', '28.416', '218.528', 0, 1),
(496, 264, 1, 'tele', '21.754', '212.680', 0, 1),
(497, 267, 16, 'tele', '23.365', '214.700', 1, 1),
(498, 267, 14, 'tele', '37.803', '169.924', 1, 0),
(499, 267, 10, 'tele', '35.834', '172.558', 1, 0),
(500, 267, 8, 'tele', '39.771', '173.875', 1, 0),
(501, 267, 4, 'tele', '45.021', '168.607', 1, 0),
(502, 267, 2, 'tele', '37.146', '165.973', 1, 0),
(503, 266, 14, 'tele', '13.653', '134.873', 0, 1),
(504, 266, 12, 'tele', '28.111', '125.913', 0, 1),
(505, 266, 8, 'tele', '18.756', '132.740', 0, 1),
(506, 266, 6, 'tele', '27.261', '132.740', 0, 0),
(507, 266, 2, 'tele', '19.606', '134.873', 0, 0),
(508, 270, 13, 'tele', '27.703', '221.109', 0, 0),
(509, 270, 5, 'tele', '27.703', '218.038', 1, 1),
(510, 270, 3, 'tele', '21.583', '216.810', 1, 1),
(511, 265, 8, 'tele', '158.125', '169.816', 1, 0),
(512, 265, 1, 'tele', '156.111', '167.121', 1, 1),
(513, 269, 2, 'tele', '163.574', '167.682', 1, 0),
(514, 268, 11, 'tele', '32.580', '120.770', 1, 0),
(515, 268, 4, 'tele', '26.334', '126.201', 0, 0),
(516, 276, 9, 'tele', '37.496', '172.595', 1, 0),
(517, 276, 4, 'tele', '35.660', '165.840', 1, 1),
(518, 276, 3, 'tele', '47.288', '173.823', 1, 1),
(519, 275, 13, 'tele', '44.228', '100.132', 0, 1),
(520, 275, 9, 'tele', '33.824', '100.746', 0, 0),
(521, 275, 5, 'tele', '31.375', '93.377', 0, 1),
(522, 275, 1, 'tele', '49.736', '100.746', 0, 1),
(523, 274, 2, 'tele', '51.362', '217.643', 1, 0),
(524, 280, 10, 'auto', '21.583', '133.907', 1, 1),
(525, 280, 8, 'tele', '38.108', '169.525', 1, 0),
(526, 280, 4, 'tele', '29.539', '173.209', 1, 0),
(527, 278, 13, 'auto', '120.815', '78.551', 1, 0),
(528, 278, 11, 'tele', '63.832', '84.524', 1, 1),
(529, 278, 8, 'tele', '79.992', '93.058', 1, 1),
(530, 281, 16, 'tele', '26.479', '216.810', 0, 1),
(531, 281, 12, 'tele', '28.315', '221.109', 0, 1),
(532, 281, 10, 'tele', '22.807', '210.669', 0, 1),
(533, 281, 6, 'tele', '39.332', '243.216', 0, 1),
(534, 281, 2, 'tele', '31.987', '235.847', 0, 1),
(535, 277, 12, 'tele', '177.063', '172.163', 1, 0),
(536, 277, 10, 'tele', '156.661', '169.656', 1, 1),
(537, 277, 7, 'tele', '165.404', '164.643', 1, 1),
(538, 287, 11, 'tele', '23.419', '125.924', 0, 0),
(539, 287, 7, 'tele', '22.807', '125.924', 0, 1),
(540, 287, 5, 'tele', '16.687', '207.599', 0, 1),
(541, 287, 2, 'tele', '26.479', '130.837', 0, 1),
(542, 285, 3, 'tele', '156.505', '176.969', 1, 0),
(543, 286, 2, 'tele', '96.861', '34.274', 1, 0),
(544, 288, 16, 'auto', '162.150', '166.441', 1, 0),
(545, 288, 12, 'tele', '168.181', '190.294', 1, 1),
(546, 288, 8, 'tele', '167.522', '151.619', 1, 1),
(547, 288, 4, 'tele', '172.893', '159.030', 1, 1),
(548, 293, 13, 'tele', '28.612', '127.776', 0, 0),
(549, 293, 1, 'tele', '21.393', '206.791', 0, 1),
(550, 294, 9, 'tele', '23.419', '213.740', 0, 1),
(551, 294, 8, 'tele', '35.048', '242.602', 0, 1),
(552, 294, 6, 'tele', '43.004', '97.061', 0, 1),
(553, 294, 3, 'tele', '38.720', '93.991', 0, 1),
(554, 289, 5, 'tele', '26.338', '122.866', 0, 1),
(555, 289, 3, 'tele', '26.754', '127.879', 0, 0),
(556, 291, 1, 'tele', '25.135', '126.766', 0, 1),
(557, 300, 11, 'tele', '49.449', '226.317', 1, 0),
(558, 300, 9, 'tele', '71.955', '168.930', 1, 1),
(559, 300, 7, 'tele', '47.038', '100.593', 1, 0),
(560, 300, 1, 'tele', '71.401', '169.485', 1, 1),
(561, 298, 13, 'tele', '24.018', '129.093', 0, 1),
(562, 298, 9, 'tele', '58.799', '167.942', 0, 1),
(563, 298, 6, 'tele', '31.237', '136.994', 1, 1),
(564, 298, 2, 'tele', '25.987', '127.776', 0, 1),
(565, 296, 5, 'tele', '146.668', '214.775', 1, 1),
(566, 296, 2, 'tele', '117.939', '230.233', 1, 0),
(567, 297, 9, 'tele', '18.331', '213.809', 0, 1),
(568, 295, 7, 'auto', '130.188', '48.623', 1, 0),
(569, 295, 5, 'tele', '64.701', '72.573', 1, 1),
(570, 295, 3, 'tele', '69.597', '64.589', 1, 1),
(571, 306, 12, 'tele', '26.751', '208.084', 0, 1),
(572, 306, 4, 'tele', '20.922', '218.528', 0, 1),
(573, 301, 10, 'tele', '29.815', '218.114', 0, 1),
(574, 301, 5, 'tele', '26.143', '124.771', 0, 1),
(575, 301, 2, 'tele', '23.083', '203.375', 0, 1),
(576, 303, 10, 'auto', '11.454', '13.005', 1, 1),
(577, 304, 11, 'tele', '28.016', '132.364', 0, 1),
(578, 304, 7, 'tele', '34.050', '109.876', 0, 1),
(579, 304, 5, 'tele', '139.212', '172.149', 1, 1),
(580, 312, 12, 'auto', '111.791', '232.831', 1, 0),
(581, 312, 10, 'tele', '30.796', '221.138', 1, 0),
(582, 312, 4, 'tele', '186.377', '161.502', 1, 0),
(583, 310, 14, 'tele', '75.178', '167.262', 1, 1),
(584, 310, 10, 'tele', '63.788', '173.446', 1, 1),
(585, 310, 6, 'tele', '69.391', '169.122', 1, 1),
(586, 310, 4, 'tele', '60.197', '169.946', 1, 1),
(587, 310, 2, 'tele', '64.477', '171.557', 1, 0),
(588, 311, 13, 'tele', '36.185', '113.652', 0, 1),
(589, 311, 11, 'tele', '67.676', '94.155', 1, 1),
(590, 311, 8, 'tele', '66.134', '86.943', 1, 1),
(591, 311, 4, 'tele', '74.863', '83.574', 1, 0),
(592, 311, 1, 'tele', '75.534', '84.248', 1, 0),
(593, 308, 15, 'tele', '30.085', '218.118', 1, 1),
(594, 308, 11, 'tele', '23.840', '213.104', 1, 1),
(595, 308, 9, 'tele', '20.925', '212.269', 1, 1),
(596, 308, 5, 'tele', '23.007', '132.892', 1, 1),
(597, 308, 1, 'tele', '32.584', '221.460', 1, 1),
(598, 307, 4, 'auto', '89.794', '42.482', 1, 0),
(599, 313, 13, 'tele', '97.228', '24.697', 1, 0),
(600, 313, 10, 'tele', '68.675', '53.346', 1, 0),
(601, 313, 6, 'tele', '74.502', '34.637', 1, 1),
(602, 313, 2, 'tele', '114.709', '58.023', 1, 1),
(603, 316, 1, 'tele', '25.918', '207.249', 0, 0),
(604, 317, 8, 'tele', '27.898', '123.215', 1, 0),
(605, 317, 6, 'tele', '21.104', '127.110', 1, 0),
(606, 317, 1, 'tele', '46.337', '172.389', 1, 0),
(607, 314, 12, 'tele', '45.728', '91.610', 1, 1),
(608, 314, 8, 'tele', '54.908', '256.802', 1, 1),
(609, 318, 2, 'tele', '127.235', '154.988', 1, 0),
(610, 322, 10, 'tele', '25.648', '126.336', 0, 1),
(611, 322, 8, 'tele', '50.399', '172.458', 1, 0),
(612, 322, 4, 'tele', '53.935', '168.200', 1, 1),
(613, 324, 8, 'tele', '120.017', '172.574', 1, 1),
(614, 321, 10, 'tele', '24.372', '123.354', 0, 1),
(615, 321, 2, 'tele', '29.225', '127.736', 0, 1),
(616, 320, 8, 'tele', '24.919', '208.288', 0, 1),
(617, 320, 6, 'tele', '26.143', '223.641', 0, 1),
(618, 320, 5, 'tele', '32.875', '219.956', 0, 0),
(619, 320, 2, 'tele', '24.919', '218.728', 0, 1),
(620, 323, 6, 'tele', '21.818', '129.386', 0, 1),
(621, 323, 2, 'tele', '28.533', '126.692', 0, 1),
(622, 329, 14, 'tele', '59.904', '73.643', 1, 1),
(623, 329, 10, 'tele', '66.121', '67.405', 1, 1),
(624, 329, 6, 'tele', '61.769', '66.157', 1, 1),
(625, 329, 2, 'auto', '94.893', '11.243', 1, 1),
(626, 330, 10, 'tele', '137.077', '202.576', 1, 0),
(627, 325, 18, 'auto', '32.875', '122.929', 0, 1),
(628, 325, 16, 'tele', '35.935', '128.455', 0, 0),
(629, 325, 14, 'tele', '18.798', '211.359', 0, 1),
(630, 325, 12, 'tele', '22.471', '221.798', 0, 1),
(631, 325, 10, 'tele', '27.367', '124.771', 0, 1),
(632, 325, 8, 'tele', '31.039', '131.526', 0, 1),
(633, 325, 6, 'tele', '27.979', '125.999', 0, 1),
(634, 325, 3, 'tele', '28.591', '121.086', 0, 1),
(635, 328, 16, 'tele', '83.377', '170.902', 1, 1),
(636, 328, 14, 'tele', '81.295', '165.889', 1, 0),
(637, 328, 12, 'tele', '165.817', '176.333', 1, 1),
(638, 328, 11, 'tele', '169.981', '183.436', 1, 1),
(639, 328, 10, 'tele', '164.152', '153.356', 1, 1),
(640, 328, 6, 'tele', '152.493', '163.800', 1, 1),
(641, 328, 2, 'auto', '151.661', '174.662', 1, 1),
(642, 334, 4, 'tele', '25.255', '123.467', 1, 1),
(643, 334, 1, 'tele', '51.572', '170.753', 1, 1),
(644, 333, 16, 'auto', '21.984', '21.874', 1, 1),
(645, 333, 15, 'tele', '25.714', '21.250', 1, 1),
(646, 333, 13, 'tele', '15.145', '21.250', 1, 0),
(647, 333, 9, 'tele', '15.145', '20.626', 1, 0),
(648, 333, 4, 'tele', '17.010', '26.864', 1, 1),
(649, 336, 11, 'auto', '18.678', '14.153', 1, 1),
(650, 336, 6, 'tele', '127.372', '135.873', 1, 1),
(651, 336, 4, 'tele', '65.261', '250.777', 1, 1),
(652, 331, 15, 'auto', '96.704', '30.956', 1, 0),
(653, 331, 13, 'tele', '92.124', '170.909', 1, 1),
(654, 331, 9, 'tele', '82.964', '173.834', 1, 1),
(655, 331, 4, 'tele', '104.199', '168.403', 1, 0),
(656, 332, 16, 'tele', '41.916', '241.292', 1, 1),
(657, 332, 14, 'tele', '41.916', '249.807', 1, 1),
(658, 332, 10, 'tele', '41.916', '240.583', 1, 1),
(659, 332, 6, 'tele', '61.010', '254.064', 1, 1),
(660, 332, 4, 'tele', '56.060', '252.645', 1, 0),
(661, 335, 9, 'tele', '93.138', '155.334', 1, 0),
(662, 335, 6, 'tele', '29.876', '115.239', 1, 0),
(663, 335, 2, 'tele', '40.619', '169.135', 1, 0),
(664, 338, 4, 'tele', '170.211', '190.701', 1, 1),
(665, 338, 2, 'tele', '173.569', '171.837', 1, 0),
(666, 342, 13, 'tele', '27.091', '135.749', 0, 1),
(667, 342, 11, 'tele', '22.195', '128.994', 0, 1),
(668, 342, 5, 'tele', '25.867', '132.679', 0, 1),
(669, 342, 2, 'tele', '19.747', '129.608', 0, 1),
(670, 339, 6, 'tele', '122.519', '135.817', 1, 1),
(671, 339, 2, 'tele', '141.255', '173.416', 1, 1),
(672, 337, 7, 'tele', '21.219', '129.853', 0, 1),
(673, 337, 3, 'tele', '33.951', '224.243', 0, 1),
(674, 337, 1, 'tele', '31.121', '220.695', 0, 1),
(675, 348, 7, 'tele', '52.444', '227.100', 0, 0),
(676, 348, 5, 'tele', '56.796', '228.971', 0, 0),
(677, 348, 3, 'tele', '44.362', '230.842', 1, 0),
(678, 348, 1, 'tele', '163.730', '188.424', 1, 0),
(679, 347, 8, 'tele', '20.619', '123.215', 0, 1),
(680, 347, 1, 'tele', '12.370', '130.031', 0, 1),
(681, 346, 1, 'tele', '41.740', '241.924', 0, 0),
(682, 352, 7, 'tele', '109.801', '173.167', 1, 1),
(683, 354, 13, 'tele', '31.331', '108.654', 1, 1),
(684, 354, 11, 'tele', '21.338', '123.694', 1, 1),
(685, 354, 7, 'tele', '24.669', '125.783', 1, 1),
(686, 354, 3, 'tele', '39.242', '238.164', 1, 1),
(687, 354, 1, 'tele', '34.245', '236.075', 1, 0),
(688, 349, 2, 'tele', '29.225', '128.710', 0, 1),
(689, 357, 12, 'tele', '81.032', '173.021', 1, 1),
(690, 357, 2, 'tele', '79.308', '169.994', 1, 1),
(691, 360, 5, 'tele', '51.106', '170.329', 1, 0),
(692, 360, 3, 'tele', '48.277', '173.877', 1, 1),
(693, 359, 15, 'tele', '34.662', '236.493', 0, 1),
(694, 359, 13, 'tele', '35.911', '232.733', 0, 0),
(695, 359, 9, 'tele', '37.576', '236.493', 0, 1),
(696, 359, 5, 'tele', '39.242', '104.477', 0, 1),
(697, 359, 1, 'tele', '40.907', '104.477', 0, 1),
(698, 358, 13, 'tele', '36.279', '73.019', 1, 1),
(699, 358, 10, 'tele', '50.579', '74.267', 1, 1),
(700, 358, 6, 'tele', '46.848', '79.881', 1, 1),
(701, 358, 2, 'auto', '44.362', '67.405', 1, 1);

-- --------------------------------------------------------

--
-- Table structure for table `scouters`
--

CREATE TABLE IF NOT EXISTS `scouters` (
  `scouterName` varchar(15) NOT NULL
) ENGINE=InnoDB DEFAULT CHARSET=latin1;

--
-- Dumping data for table `scouters`
--

INSERT INTO `scouters` (`scouterName`) VALUES
('Tori A.'),
('William A.'),
('Neha A.'),
('Tiye B.'),
('Albert C.'),
('Evan C.'),
('Aisha D.'),
('Kate F.'),
('Isaac F.'),
('Alexandre G.'),
('Kyle G.'),
('Martin G.'),
('Anisha G.'),
('Sarah H.'),
('Kashyap J.'),
('Gus K.'),
('Sadie K.'),
('Isandro M.'),
('Joaquin M.'),
('Sarah M.'),
('Roman M.'),
('Omeed M.'),
('Rahi M.'),
('Ishan M.'),
('Kavi N.'),
('Anna O.'),
('Jan O.'),
('Caleb P.'),
('Thomas P.'),
('Nolan P.'),
('Chloe P.'),
('Rima R.'),
('Lyle R.'),
('Nishant S.'),
('Alex S.'),
('Luie S.'),
('Mikhail S.'),
('Elizabeth S.'),
('Jay S.'),
('Robert S.'),
('Maggie T.'),
('Neil T.'),
('Ha T.'),
('Jazmin T.'),
('Maia V.'),
('Philip W.'),
('Justin W.'),
('Jack Z.');

-- --------------------------------------------------------

--
-- Table structure for table `teammatches`
--

CREATE TABLE IF NOT EXISTS `teammatches` (
  `id` int(11) NOT NULL AUTO_INCREMENT,
  `matchID` int(11) NOT NULL,
  `side` enum('blue','red') NOT NULL,
  `position` int(11) NOT NULL,
  `teamNumber` int(11) NOT NULL,
  `deviceID` varchar(10) NOT NULL,
  `collectionStarted` tinyint(1) NOT NULL,
  `collectionEnded` tinyint(1) NOT NULL,
  `scouterName` varchar(15) NOT NULL,
  PRIMARY KEY (`id`),
  UNIQUE KEY `unique_slots` (`matchID`,`side`,`position`),
  KEY `teamNumber` (`teamNumber`)
) ENGINE=InnoDB  DEFAULT CHARSET=latin1 AUTO_INCREMENT=403 ;

--
-- Dumping data for table `teammatches`
--

INSERT INTO `teammatches` (`id`, `matchID`, `side`, `position`, `teamNumber`, `deviceID`, `collectionStarted`, `collectionEnded`, `scouterName`) VALUES
(1, 1, 'red', 1, 4213, 'tkIvJo', 1, 1, 'Sarah M.'),
(2, 1, 'red', 2, 2022, 'lxHmaj', 1, 1, 'Ha T.'),
(3, 1, 'red', 3, 2081, 'vGYNit', 1, 1, 'Kyle G.'),
(4, 1, 'blue', 1, 4143, 'DoWG4r', 1, 1, 'Sarah H.'),
(5, 1, 'blue', 2, 93, 'Sxxni4', 1, 1, 'Maggie T.'),
(6, 1, 'blue', 3, 4655, 'd8UxOU', 1, 1, 'Isaac F.'),
(7, 2, 'red', 1, 5442, 'd8UxOU', 1, 1, 'Isaac F.'),
(8, 2, 'red', 2, 876, 'lxHmaj', 1, 1, 'Ha T.'),
(9, 2, 'red', 3, 3352, 'Sxxni4', 1, 1, 'Maggie T.'),
(10, 2, 'blue', 1, 81, 'vGYNit', 1, 1, 'Kyle G.'),
(11, 2, 'blue', 2, 4296, 'DoWG4r', 1, 1, 'Sarah H.'),
(12, 2, 'blue', 3, 2358, 'tkIvJo', 1, 1, 'Sarah M.'),
(13, 3, 'red', 1, 111, 'Sxxni4', 1, 1, 'Maggie T.'),
(14, 3, 'red', 2, 1732, 'vGYNit', 1, 1, 'Kyle G.'),
(15, 3, 'red', 3, 2704, 'lVIuDL', 1, 1, 'Isaac F.'),
(16, 3, 'blue', 1, 5847, 'DoWG4r', 1, 1, 'Sarah H.'),
(17, 3, 'blue', 2, 2220, 'tkIvJo', 1, 1, 'Sarah M.'),
(18, 3, 'blue', 3, 4212, 'lxHmaj', 1, 1, 'Ha T.'),
(19, 4, 'red', 1, 3528, 'vGYNit', 1, 1, 'Kyle G.'),
(20, 4, 'red', 2, 4646, 'lxHmaj', 1, 1, 'Ha T.'),
(21, 4, 'red', 3, 1736, 'tkIvJo', 1, 1, 'Sarah M.'),
(22, 4, 'blue', 1, 4314, 'lVIuDL', 1, 1, 'Isaac F.'),
(23, 4, 'blue', 2, 1094, 'Sxxni4', 1, 1, 'Maggie T.'),
(24, 4, 'blue', 3, 2040, 'DoWG4r', 1, 1, 'Sarah H.'),
(25, 5, 'red', 1, 2481, 'vGYNit', 1, 1, 'Anisha G.'),
(26, 5, 'red', 2, 2709, 'Sxxni4', 1, 1, 'Rima R.'),
(27, 5, 'red', 3, 2169, 'lVIuDL', 1, 1, 'Isaac F.'),
(28, 5, 'blue', 1, 2039, 'DoWG4r', 1, 1, 'Sarah H.'),
(29, 5, 'blue', 2, 4645, 'tkIvJo', 1, 1, 'Sarah M.'),
(30, 5, 'blue', 3, 4787, 'lxHmaj', 1, 1, 'Ha T.'),
(31, 6, 'red', 1, 1038, 'vGYNit', 1, 1, 'Anisha G.'),
(32, 6, 'red', 2, 1756, 'tkIvJo', 1, 1, 'Sarah M.'),
(33, 6, 'red', 3, 5822, 'lxHmaj', 1, 1, 'Ha T.'),
(34, 6, 'blue', 1, 5541, 'DoWG4r', 1, 1, 'Sarah H.'),
(35, 6, 'blue', 2, 1091, 'Sxxni4', 1, 1, 'Kavi N.'),
(36, 6, 'blue', 3, 1781, 'lVIuDL', 1, 1, 'Isaac F.'),
(37, 7, 'red', 1, 4021, 'DoWG4r', 1, 1, 'Sarah H.'),
(38, 7, 'red', 2, 1625, 'lVIuDL', 1, 1, 'Isaac F.'),
(39, 7, 'red', 3, 2220, '', 0, 0, ''),
(40, 7, 'blue', 1, 4156, 'tkIvJo', 1, 1, 'Sarah H.'),
(41, 7, 'blue', 2, 4096, 'lxHmaj', 1, 1, 'Ha T.'),
(42, 7, 'blue', 3, 4143, 'Sxxni4', 1, 1, 'Kavi N.'),
(43, 8, 'red', 1, 93, 'lxHmaj', 1, 1, 'Ha T.'),
(44, 8, 'red', 2, 3352, 'Sxxni4', 1, 1, 'Maggie T.'),
(45, 8, 'red', 3, 2169, 'vGYNit', 1, 1, 'Anisha G.'),
(46, 8, 'blue', 1, 111, '', 0, 0, ''),
(47, 8, 'blue', 2, 2709, 'DoWG4r', 1, 1, 'Sarah H.'),
(48, 8, 'blue', 3, 876, 'lVIuDL', 1, 1, 'Isaac F.'),
(49, 9, 'red', 1, 4314, 'lVIuDL', 1, 1, 'Isaac F.'),
(50, 9, 'red', 2, 3528, 'DoWG4r', 1, 1, 'Sarah H.'),
(51, 9, 'red', 3, 1038, 'tkIvJo', 1, 1, 'Sarah M.'),
(52, 9, 'blue', 1, 4655, 'vGYNit', 1, 1, 'Anisha G.'),
(53, 9, 'blue', 2, 2081, 'lxHmaj', 1, 1, 'Ha T.'),
(54, 9, 'blue', 3, 4296, 'Sxxni4', 1, 1, 'Maggie T.'),
(55, 10, 'red', 1, 4645, 'DoWG4r', 1, 1, 'Sarah H.'),
(56, 10, 'red', 2, 4156, 'lVIuDL', 1, 1, 'Isaac F.'),
(57, 10, 'red', 3, 1756, 'tkIvJo', 1, 1, 'Sarah M.'),
(58, 10, 'blue', 1, 81, 'vGYNit', 1, 1, 'Anisha G.'),
(59, 10, 'blue', 2, 1732, 'U09KLW', 1, 1, 'Ha T.'),
(60, 10, 'blue', 3, 5822, 'Sxxni4', 1, 1, 'Maggie T.'),
(61, 11, 'red', 1, 2481, 'lVIuDL', 1, 1, 'Isaac F.'),
(62, 11, 'red', 2, 2358, 'U09KLW', 1, 1, 'Ha T.'),
(63, 11, 'red', 3, 4096, 'tkIvJo', 1, 1, 'Sarah M.'),
(64, 11, 'blue', 1, 1094, 'DoWG4r', 1, 1, 'Sarah H.'),
(65, 11, 'blue', 2, 5847, 'vGYNit', 1, 1, 'Anisha G.'),
(66, 11, 'blue', 3, 2704, '9xEkNl', 1, 1, 'Maggie T.'),
(67, 12, 'red', 1, 1625, 'lVIuDL', 1, 1, 'Kyle G.'),
(68, 12, 'red', 2, 1091, 'tkIvJo', 1, 1, 'Sarah M.'),
(69, 12, 'red', 3, 4787, 'vGYNit', 1, 1, 'Anisha G.'),
(70, 12, 'blue', 1, 1736, 'DoWG4r', 1, 1, 'Sarah H.'),
(71, 12, 'blue', 2, 4212, '9xEkNl', 1, 1, 'Maggie T.'),
(72, 12, 'blue', 3, 5541, 'U09KLW', 1, 1, 'Ha T.'),
(73, 13, 'red', 1, 2040, 'tkIvJo', 1, 1, 'Sarah M.'),
(74, 13, 'red', 2, 5442, 'U09KLW', 1, 1, 'Ha T.'),
(75, 13, 'red', 3, 4021, 'lVIuDL', 1, 1, 'Kyle G.'),
(76, 13, 'blue', 1, 2039, '9xEkNl', 1, 1, 'Maggie T.'),
(77, 13, 'blue', 2, 1781, 'vGYNit', 1, 1, 'Anisha G.'),
(78, 13, 'blue', 3, 2022, 'DoWG4r', 1, 1, 'Sarah H.'),
(79, 14, 'red', 1, 4646, 'tkIvJo', 1, 1, 'Sarah M.'),
(80, 14, 'red', 2, 2481, 'vGYNit', 1, 1, 'Anisha G.'),
(81, 14, 'red', 3, 4156, 'DoWG4r', 1, 1, 'Sarah H.'),
(82, 14, 'blue', 1, 4213, 'U09KLW', 1, 1, 'Ha T.'),
(83, 14, 'blue', 2, 4655, 'lVIuDL', 1, 1, 'Kyle G.'),
(84, 14, 'blue', 3, 2169, '9xEkNl', 1, 1, 'Maggie T.'),
(85, 15, 'red', 1, 4212, 'vGYNit', 1, 1, 'Anisha G.'),
(86, 15, 'red', 2, 3352, 'U09KLW', 1, 1, 'Ha T.'),
(87, 15, 'red', 3, 4314, 'lVIuDL', 1, 1, 'Kyle G.'),
(88, 15, 'blue', 1, 5847, '9xEkNl', 1, 1, 'Maggie T.'),
(89, 15, 'blue', 2, 1625, 'DoWG4r', 1, 1, 'Sarah H.'),
(90, 15, 'blue', 3, 1756, 'tkIvJo', 1, 1, 'Sarah M.'),
(91, 16, 'red', 1, 1094, 'vGYNit', 1, 1, 'Anisha G.'),
(92, 16, 'red', 2, 5822, 'Sxxni4', 1, 1, 'Maggie T.'),
(93, 16, 'red', 3, 2709, 'tkIvJo', 1, 1, 'Sarah M.'),
(94, 16, 'blue', 1, 1038, 'DoWG4r', 1, 1, 'Sarah H.'),
(95, 16, 'blue', 2, 4143, 'U09KLW', 1, 1, 'Ha T.'),
(96, 16, 'blue', 3, 111, 'lVIuDL', 1, 1, 'Kyle G.'),
(97, 17, 'red', 1, 2039, 'vGYNit', 1, 1, 'Anisha G.'),
(98, 17, 'red', 2, 2040, 'lVIuDL', 1, 1, 'Kyle G.'),
(99, 17, 'red', 3, 2220, 'U09KLW', 1, 1, 'Ha T.'),
(100, 17, 'blue', 1, 2358, 'Sxxni4', 1, 1, 'Maggie T.'),
(101, 17, 'blue', 2, 5541, 'tkIvJo', 1, 1, 'Sarah M.'),
(102, 17, 'blue', 3, 2081, 'DoWG4r', 1, 1, 'Sarah H.'),
(103, 18, 'red', 1, 876, 'DoWG4r', 1, 1, 'Sarah H.'),
(104, 18, 'red', 2, 4213, 'lVIuDL', 1, 1, 'Kyle G.'),
(105, 18, 'red', 3, 1732, 'Sxxni4', 1, 1, 'Maggie T.'),
(106, 18, 'blue', 1, 3528, 'U09KLW', 1, 1, 'Ha T.'),
(107, 18, 'blue', 2, 4787, 'lxHmaj', 1, 1, 'Sarah M.'),
(108, 18, 'blue', 3, 1781, 'vGYNit', 1, 1, 'Anisha G.'),
(109, 19, 'red', 1, 1091, 'DoWG4r', 1, 1, 'Sarah H.'),
(110, 19, 'red', 2, 1736, 'lVIuDL', 1, 1, 'Kyle G.'),
(111, 19, 'red', 3, 4096, 'vGYNit', 1, 1, 'Anisha G.'),
(112, 19, 'blue', 1, 81, 'U09KLW', 1, 1, 'Ha T.'),
(113, 19, 'blue', 2, 5442, 'Sxxni4', 1, 1, 'Maggie T.'),
(114, 19, 'blue', 3, 4646, 'lxHmaj', 1, 1, 'Jay S.'),
(115, 20, 'red', 1, 2022, 'lVIuDL', 1, 1, 'Kyle G.'),
(116, 20, 'red', 2, 4021, 'U09KLW', 1, 1, 'Ha T.'),
(117, 20, 'red', 3, 93, 'vGYNit', 1, 1, 'Anisha G.'),
(118, 20, 'blue', 1, 4645, 'lxHmaj', 1, 1, 'Kavi N.'),
(119, 20, 'blue', 2, 2704, 'DoWG4r', 1, 1, 'Sarah H.'),
(120, 20, 'blue', 3, 4296, 'Sxxni4', 1, 1, 'Maggie T.'),
(121, 21, 'red', 1, 5847, 'lVIuDL', 1, 1, 'Kyle G.'),
(122, 21, 'red', 2, 2081, 'U09KLW', 1, 1, 'Ha T.'),
(123, 21, 'red', 3, 2040, 'vGYNit', 1, 1, 'Anisha G.'),
(124, 21, 'blue', 1, 1756, 'Sxxni4', 1, 1, 'Maggie T.'),
(125, 21, 'blue', 2, 876, 'lxHmaj', 1, 1, 'Kavi N.'),
(126, 21, 'blue', 3, 2220, 'DoWG4r', 1, 1, 'Sarah H.'),
(127, 22, 'red', 1, 1736, 'lxHmaj', 1, 1, 'Kavi N.'),
(128, 22, 'red', 2, 4143, 'Sxxni4', 1, 1, 'Maggie T.'),
(129, 22, 'red', 3, 2481, 'DoWG4r', 1, 1, 'Sarah H.'),
(130, 22, 'blue', 1, 5442, 'U09KLW', 1, 1, 'Ha T.'),
(131, 22, 'blue', 2, 4212, 'vGYNit', 1, 1, 'Anisha G.'),
(132, 22, 'blue', 3, 1732, 'lVIuDL', 1, 1, 'Kyle G.'),
(133, 23, 'red', 1, 1038, 'vGYNit', 1, 1, 'Kyle G.'),
(134, 23, 'red', 2, 2704, 'DoWG4r', 1, 1, 'Sarah H.'),
(135, 23, 'red', 3, 1091, '', 0, 0, ''),
(136, 23, 'blue', 1, 4787, '', 0, 0, ''),
(137, 23, 'blue', 2, 2022, 'tkIvJo', 1, 1, 'Rahi M.'),
(138, 23, 'blue', 3, 111, 'wusL24', 1, 1, 'Jay S.'),
(139, 24, 'red', 1, 4156, 'wusL24', 1, 1, 'Maggie T.'),
(140, 24, 'red', 2, 2039, 'tkIvJo', 1, 1, 'Rahi M.'),
(141, 24, 'red', 3, 5822, '', 0, 0, ''),
(142, 24, 'blue', 1, 4646, 'vGYNit', 1, 1, 'Kyle G.'),
(143, 24, 'blue', 2, 93, 'DoWG4r', 1, 1, 'Sarah H.'),
(144, 24, 'blue', 3, 4314, 'ZklxHm', 1, 1, 'Kavi N.'),
(145, 25, 'red', 1, 3528, 'vGYNit', 1, 1, 'Kyle G.'),
(146, 25, 'red', 2, 4645, 'tkIvJo', 1, 1, 'Rahi M.'),
(147, 25, 'red', 3, 4096, 'DoWG4r', 1, 1, 'Sarah H.'),
(148, 25, 'blue', 1, 2358, 'ZklxHm', 1, 1, 'Isandro M.'),
(149, 25, 'blue', 2, 3352, 'wusL24', 1, 1, 'Maggie T.'),
(150, 25, 'blue', 3, 2709, 'lxHmaj', 1, 1, 'Tori A.'),
(151, 26, 'red', 1, 81, 'lxHmaj', 1, 1, 'Omeed M.'),
(152, 26, 'red', 2, 1094, 'wusL24', 1, 1, 'Maggie T.'),
(153, 26, 'red', 3, 4655, 'vGYNit', 1, 1, 'Kyle G.'),
(154, 26, 'blue', 1, 4296, 'ZklxHm', 1, 1, 'Isandro M.'),
(155, 26, 'blue', 2, 1625, 'tkIvJo', 1, 1, 'Rahi M.'),
(156, 26, 'blue', 3, 2169, 'DoWG4r', 1, 1, 'Sarah H.'),
(157, 27, 'red', 1, 4021, 'tkIvJo', 1, 1, 'Rahi M.'),
(158, 27, 'red', 2, 1781, 'vGYNit', 1, 1, 'Kyle G.'),
(159, 27, 'red', 3, 4646, 'DoWG4r', 1, 1, 'Sarah H.'),
(160, 27, 'blue', 1, 5541, 'lxHmaj', 1, 1, 'Omeed M.'),
(161, 27, 'blue', 2, 4213, 'ZklxHm', 1, 1, 'Isandro M.'),
(162, 27, 'blue', 3, 2220, 'wusL24', 1, 1, 'Maggie T.'),
(163, 28, 'red', 1, 4645, 'DoWG4r', 1, 1, 'Sarah H.'),
(164, 28, 'red', 2, 4314, 'wusL24', 1, 1, 'Maggie T.'),
(165, 28, 'red', 3, 4143, '', 0, 0, ''),
(166, 28, 'blue', 1, 4212, 'tkIvJo', 1, 1, 'Anisha G.'),
(167, 28, 'blue', 2, 876, 'ZklxHm', 1, 1, 'Isandro M.'),
(168, 28, 'blue', 3, 2040, 'vGYNit', 1, 1, 'Kyle G.'),
(169, 29, 'red', 1, 2709, '', 0, 0, ''),
(170, 29, 'red', 2, 2039, 'vGYNit', 1, 1, 'Kyle G.'),
(171, 29, 'red', 3, 4296, 'tkIvJo', 1, 1, 'Anisha G.'),
(172, 29, 'blue', 1, 1094, 'ZklxHm', 1, 1, 'Isandro M.'),
(173, 29, 'blue', 2, 1732, 'lxHmaj', 1, 1, 'Rahi M.'),
(174, 29, 'blue', 3, 1091, 'wusL24', 1, 1, 'Maggie T.'),
(175, 30, 'red', 1, 111, 'wusL24', 1, 1, 'Maggie T.'),
(176, 30, 'red', 2, 2358, 'lxHmaj', 1, 1, 'Rahi M.'),
(177, 30, 'red', 3, 4213, 'Sxxni4', 1, 1, 'Sarah H.'),
(178, 30, 'blue', 1, 4021, 'vGYNit', 1, 1, 'Kyle G.'),
(179, 30, 'blue', 2, 1736, 'lVIuDL', 1, 1, 'Isandro M.'),
(180, 30, 'blue', 3, 1756, 'tkIvJo', 1, 1, 'Anisha G.'),
(181, 31, 'red', 1, 1625, 'Sxxni4', 1, 1, 'Alexandre G.'),
(182, 31, 'red', 2, 5822, 'wusL24', 1, 1, 'Maggie T.'),
(183, 31, 'red', 3, 2081, 'vGYNit', 1, 1, 'Kyle G.'),
(184, 31, 'blue', 1, 2169, 'lVIuDL', 1, 1, 'Isandro M.'),
(185, 31, 'blue', 2, 5442, 'lxHmaj', 1, 1, 'Rahi M.'),
(186, 31, 'blue', 3, 2022, 'tkIvJo', 1, 1, 'Anisha G.'),
(187, 32, 'red', 1, 4655, 'tkIvJo', 1, 1, 'Anisha G.'),
(188, 32, 'red', 2, 5847, 'vGYNit', 1, 1, 'Kyle G.'),
(189, 32, 'red', 3, 3528, 'Sxxni4', 1, 1, 'Alexandre G.'),
(190, 32, 'blue', 1, 4096, 'lxHmaj', 1, 1, 'Sarah H.'),
(191, 32, 'blue', 2, 5541, 'wusL24', 1, 1, 'Maggie T.'),
(192, 32, 'blue', 3, 4787, 'lVIuDL', 1, 1, 'Ha T.'),
(193, 33, 'red', 1, 4156, 'lVIuDL', 1, 1, 'Ha T.'),
(194, 33, 'red', 2, 93, 'Sxxni4', 1, 1, 'Kavi N.'),
(195, 33, 'red', 3, 2704, 'lxHmaj', 1, 1, 'Sarah H.'),
(196, 33, 'blue', 1, 1038, 'vGYNit', 1, 1, 'Kyle G.'),
(197, 33, 'blue', 2, 1781, 'tkIvJo', 1, 1, 'Anisha G.'),
(198, 33, 'blue', 3, 81, 'wusL24', 1, 1, 'Maggie T.'),
(199, 34, 'red', 1, 2481, 'tkIvJo', 1, 1, 'Anisha G.'),
(200, 34, 'red', 2, 1094, 'vGYNit', 1, 1, 'Kyle G.'),
(201, 34, 'red', 3, 2220, 'lVIuDL', 1, 1, 'Ha T.'),
(202, 34, 'blue', 1, 3352, 'Sxxni4', 1, 1, 'Kavi N.'),
(203, 34, 'blue', 2, 1091, 'wusL24', 1, 1, 'Maggie T.'),
(204, 34, 'blue', 3, 5822, 'lxHmaj', 1, 1, 'Sarah H.'),
(205, 35, 'red', 1, 4296, 'tkIvJo', 1, 1, 'Anisha G.'),
(206, 35, 'red', 2, 4213, 'Sxxni4', 1, 1, 'Kavi N.'),
(207, 35, 'red', 3, 3528, 'vGYNit', 1, 1, 'Kyle G.'),
(208, 35, 'blue', 1, 111, 'lVIuDL', 1, 1, 'Ha T.'),
(209, 35, 'blue', 2, 1625, 'lxHmaj', 1, 1, 'Sarah H.'),
(210, 35, 'blue', 3, 2039, 'wusL24', 1, 1, 'Maggie T.'),
(211, 36, 'red', 1, 4645, 'wusL24', 1, 1, 'Maggie T.'),
(212, 36, 'red', 2, 5541, 'Sxxni4', 1, 1, 'Kavi N.'),
(213, 36, 'red', 3, 2169, 'lVIuDL', 1, 1, 'Ha T.'),
(214, 36, 'blue', 1, 2704, 'vGYNit', 1, 1, 'Kyle G.'),
(215, 36, 'blue', 2, 4212, 'lxHmaj', 1, 1, 'Sarah H.'),
(216, 36, 'blue', 3, 2081, 'tkIvJo', 1, 1, 'Anisha G.'),
(217, 37, 'red', 1, 1781, 'wusL24', 1, 1, 'Maggie T.'),
(218, 37, 'red', 2, 876, 'lxHmaj', 1, 1, 'Sarah H.'),
(219, 37, 'red', 3, 4096, 'lVIuDL', 1, 1, 'Ha T.'),
(220, 37, 'blue', 1, 1756, 'tkIvJo', 1, 1, 'Tori A.'),
(221, 37, 'blue', 2, 2022, 'vGYNit', 1, 1, 'Kyle G.'),
(222, 37, 'blue', 3, 2481, 'Sxxni4', 1, 1, 'Rahi M.'),
(223, 38, 'red', 1, 4787, '', 0, 0, ''),
(224, 38, 'red', 2, 81, 'lxHmaj', 1, 1, 'Sarah H.'),
(225, 38, 'red', 3, 93, 'wusL24', 1, 1, 'Maggie T.'),
(226, 38, 'blue', 1, 4143, 'vGYNit', 1, 1, 'Kyle G.'),
(227, 38, 'blue', 2, 4646, 'Sxxni4', 1, 1, 'Rahi M.'),
(228, 38, 'blue', 3, 2358, 'lVIuDL', 1, 1, 'Ha T.'),
(229, 39, 'red', 1, 5442, 'lVIuDL', 1, 1, 'Ha T.'),
(230, 39, 'red', 2, 1736, 'lxHmaj', 1, 1, 'Sarah H.'),
(231, 39, 'red', 3, 5847, 'Sxxni4', 1, 1, 'Rahi M.'),
(232, 39, 'blue', 1, 4156, 'tkIvJo', 1, 1, 'Anisha G.'),
(233, 39, 'blue', 2, 2709, 'vGYNit', 1, 1, 'Kyle G.'),
(234, 39, 'blue', 3, 4314, 'wusL24', 1, 1, 'Maggie T.'),
(235, 40, 'red', 1, 2040, 'vGYNit', 1, 1, 'Kyle G.'),
(236, 40, 'red', 2, 4655, 'wusL24', 1, 1, 'Maggie T.'),
(237, 40, 'red', 3, 3352, 'Sxxni4', 1, 1, 'Rahi M.'),
(238, 40, 'blue', 1, 1038, 'tkIvJo', 1, 1, 'Anisha G.'),
(239, 40, 'blue', 2, 1732, 'lVIuDL', 1, 1, 'Ha T.'),
(240, 40, 'blue', 3, 4021, 'lxHmaj', 1, 1, 'Sarah H.'),
(241, 41, 'red', 1, 111, 'vGYNit', 1, 1, 'Kyle G.'),
(242, 41, 'red', 2, 1091, 'Sxxni4', 1, 1, 'Rahi M.'),
(243, 41, 'red', 3, 4646, 'wusL24', 1, 1, 'Maggie T.'),
(244, 41, 'blue', 1, 876, 'lVIuDL', 1, 1, 'Ha T.'),
(245, 41, 'blue', 2, 2081, 'tkIvJo', 1, 1, 'Anisha G.'),
(246, 41, 'blue', 3, 2481, 'lxHmaj', 1, 1, 'Sarah H.'),
(247, 42, 'red', 1, 4212, 'tkIvJo', 1, 1, 'Anisha G.'),
(248, 42, 'red', 2, 81, 'lVIuDL', 1, 1, 'Ha T.'),
(249, 42, 'red', 3, 4156, 'vGYNit', 1, 1, 'Kyle G.'),
(250, 42, 'blue', 1, 2022, 'wusL24', 1, 1, 'Maggie T.'),
(251, 42, 'blue', 2, 1094, 'lxHmaj', 1, 1, 'Sarah H.'),
(252, 42, 'blue', 3, 2358, 'Sxxni4', 1, 1, 'Rahi M.'),
(253, 43, 'red', 1, 4655, 'Sxxni4', 1, 1, 'Rahi M.'),
(254, 43, 'red', 2, 4787, 'vGYNit', 1, 1, 'Jay S.'),
(255, 43, 'red', 3, 2709, 'tkIvJo', 1, 1, 'Anisha G.'),
(256, 43, 'blue', 1, 2040, 'lxHmaj', 1, 1, 'Sarah H.'),
(257, 43, 'blue', 2, 5822, 'lVIuDL', 1, 1, 'Ha T.'),
(258, 43, 'blue', 3, 2704, 'wusL24', 1, 1, 'Maggie T.'),
(259, 44, 'red', 1, 4296, 'vGYNit', 1, 1, 'Kyle G.'),
(260, 44, 'red', 2, 4143, '9xEkNl', 1, 1, 'Sarah M.'),
(261, 44, 'red', 3, 5847, 'lVIuDL', 1, 1, 'Ha T.'),
(262, 44, 'blue', 1, 1736, 'wusL24', 1, 1, 'Maggie T.'),
(263, 44, 'blue', 2, 3352, 'Sxxni4', 1, 1, 'Isandro M.'),
(264, 44, 'blue', 3, 1781, 'tkIvJo', 1, 1, 'Anisha G.'),
(265, 45, 'red', 1, 4213, 'lVIuDL', 1, 1, 'Ha T.'),
(266, 45, 'red', 2, 2039, 'vGYNit', 1, 1, 'Kyle G.'),
(267, 45, 'red', 3, 1756, '9xEkNl', 1, 1, 'Sarah M.'),
(268, 45, 'blue', 1, 4645, 'tkIvJo', 1, 1, 'Anisha G.'),
(269, 45, 'blue', 2, 1038, 'wusL24', 1, 1, 'Maggie T.'),
(270, 45, 'blue', 3, 5442, 'Sxxni4', 1, 1, 'Isandro M.'),
(271, 46, 'red', 1, 1732, '', 0, 0, ''),
(272, 46, 'red', 2, 4314, 'vGYNit', 1, 1, 'Kyle G.'),
(273, 46, 'red', 3, 5541, '9xEkNl', 1, 1, 'Sarah M.'),
(274, 46, 'blue', 1, 4096, 'lVIuDL', 1, 1, 'Ha T.'),
(275, 46, 'blue', 2, 4021, 'wusL24', 1, 1, 'Maggie T.'),
(276, 46, 'blue', 3, 2169, 'Sxxni4', 1, 1, 'Isandro M.'),
(277, 47, 'red', 1, 93, 'tkIvJo', 1, 1, 'Rima R.'),
(278, 47, 'red', 2, 2220, 'vGYNit', 1, 1, 'Kyle G.'),
(279, 47, 'red', 3, 1781, 'lVIuDL', 1, 1, 'Ha T.'),
(280, 47, 'blue', 1, 1625, 'Sxxni4', 1, 1, 'Isandro M.'),
(281, 47, 'blue', 2, 3528, 'wusL24', 1, 1, 'Maggie T.'),
(282, 47, 'blue', 3, 2709, '', 0, 0, ''),
(283, 48, 'red', 1, 2040, 'tkIvJo', 1, 1, 'Jay S.'),
(284, 48, 'red', 2, 4296, 'vGYNit', 1, 1, 'Kyle G.'),
(285, 48, 'red', 3, 4156, 'wusL24', 1, 1, 'Rima R.'),
(286, 48, 'blue', 1, 4213, '9xEkNl', 1, 1, 'Sarah M.'),
(287, 48, 'blue', 2, 3352, 'Sxxni4', 1, 1, 'Isandro M.'),
(288, 48, 'blue', 3, 2481, 'lVIuDL', 1, 1, 'Ha T.'),
(289, 49, 'red', 1, 81, 'tkIvJo', 1, 1, 'Jay S.'),
(290, 49, 'red', 2, 2081, 'wusL24', 1, 1, 'Maggie T.'),
(291, 49, 'red', 3, 4021, 'vGYNit', 1, 1, 'Kyle G.'),
(292, 49, 'blue', 1, 4787, 'lVIuDL', 1, 1, 'Ha T.'),
(293, 49, 'blue', 2, 5847, '9xEkNl', 1, 1, 'Sarah M.'),
(294, 49, 'blue', 3, 5822, 'Sxxni4', 1, 1, 'Isandro M.'),
(295, 50, 'red', 1, 2220, 'Sxxni4', 1, 1, 'Omeed M.'),
(296, 50, 'red', 2, 1038, 'tkIvJo', 1, 1, 'Jay S.'),
(297, 50, 'red', 3, 2022, 'vGYNit', 1, 1, 'Kyle G.'),
(298, 50, 'blue', 1, 1736, '9xEkNl', 1, 1, 'Sarah M.'),
(299, 50, 'blue', 2, 4314, 'wusL24', 1, 1, 'Maggie T.'),
(300, 50, 'blue', 3, 2169, 'lVIuDL', 1, 1, 'Ha T.'),
(301, 51, 'red', 1, 4212, 'Sxxni4', 1, 1, 'Omeed M.'),
(302, 51, 'red', 2, 1756, '9xEkNl', 1, 1, 'Kavi N.'),
(303, 51, 'red', 3, 4655, 'd8UxOU', 1, 1, 'Maggie T.'),
(304, 51, 'blue', 1, 93, 'lxHmaj', 1, 1, 'Ha T.'),
(305, 51, 'blue', 2, 2039, 'lVIuDL', 1, 1, 'Anisha G.'),
(306, 51, 'blue', 3, 3528, 'tkIvJo', 1, 1, 'Sarah M.'),
(307, 52, 'red', 1, 2358, 'Sxxni4', 1, 1, 'Omeed M.'),
(308, 52, 'red', 2, 876, 'tkIvJo', 1, 1, 'Sarah M.'),
(309, 52, 'red', 3, 2704, 'd8UxOU', 1, 1, 'Maggie T.'),
(310, 52, 'blue', 1, 1732, 'lxHmaj', 1, 1, 'Ha T.'),
(311, 52, 'blue', 2, 4646, 'lVIuDL', 1, 1, 'Anisha G.'),
(312, 52, 'blue', 3, 1625, '9xEkNl', 1, 1, 'Kavi N.'),
(313, 53, 'red', 1, 4143, '9xEkNl', 1, 1, 'Kavi N.'),
(314, 53, 'red', 2, 5442, 'd8UxOU', 1, 1, 'Maggie T.'),
(315, 53, 'red', 3, 5541, 'Sxxni4', 1, 1, 'Omeed M.'),
(316, 53, 'blue', 1, 1094, 'tkIvJo', 1, 1, 'Sarah M.'),
(317, 53, 'blue', 2, 4645, 'lxHmaj', 1, 1, 'Ha T.'),
(318, 53, 'blue', 3, 111, 'lVIuDL', 1, 1, 'Anisha G.'),
(319, 54, 'red', 1, 4096, '9xEkNl', 1, 1, 'Kavi N.'),
(320, 54, 'red', 2, 5847, 'Sxxni4', 1, 1, 'Omeed M.'),
(321, 54, 'red', 3, 3352, 'lxHmaj', 1, 1, 'Ha T.'),
(322, 54, 'blue', 1, 1091, 'VyIXgW', 1, 1, 'Sarah M.'),
(323, 54, 'blue', 2, 93, 'lVIuDL', 1, 1, 'Anisha G.'),
(324, 54, 'blue', 3, 2040, 'tkIvJo', 1, 1, 'Maggie T.'),
(325, 55, 'red', 1, 1736, 'Sxxni4', 1, 1, 'Omeed M.'),
(326, 55, 'red', 2, 4787, 'lVIuDL', 1, 1, 'Anisha G.'),
(327, 55, 'red', 3, 2081, 'VyIXgW', 1, 1, 'Sarah M.'),
(328, 55, 'blue', 1, 2481, 'tkIvJo', 1, 1, 'Maggie T.'),
(329, 55, 'blue', 2, 1625, '9xEkNl', 1, 1, 'Kavi N.'),
(330, 55, 'blue', 3, 1781, 'lxHmaj', 1, 1, 'Ha T.'),
(331, 56, 'red', 1, 2220, 'tkIvJo', 1, 1, 'Maggie T.'),
(332, 56, 'red', 2, 5442, 'VyIXgW', 1, 1, 'Sarah M.'),
(333, 56, 'red', 3, 111, '9xEkNl', 1, 1, 'Kavi N.'),
(334, 56, 'blue', 1, 1732, 'Sxxni4', 1, 1, 'Omeed M.'),
(335, 56, 'blue', 2, 4645, 'lVIuDL', 1, 1, 'Anisha G.'),
(336, 56, 'blue', 3, 4655, 'lxHmaj', 1, 1, 'Ha T.'),
(337, 57, 'red', 1, 4212, '9xEkNl', 1, 1, 'Maggie T.'),
(338, 57, 'red', 2, 2358, 'lVIuDL', 1, 1, 'Rima R.'),
(339, 57, 'red', 3, 1038, 'tkIvJo', 1, 1, 'Tori A.'),
(340, 57, 'blue', 1, 4296, 'VyIXgW', 1, 1, 'Sarah M.'),
(341, 57, 'blue', 2, 4096, 'lxHmaj', 1, 1, 'Ha T.'),
(342, 57, 'blue', 3, 5822, 'Sxxni4', 1, 1, 'Elizabeth S.'),
(343, 58, 'red', 1, 81, 'lVIuDL', 1, 1, 'Rima R.'),
(344, 58, 'red', 2, 1091, 'Sxxni4', 1, 1, 'Elizabeth S.'),
(345, 58, 'red', 3, 2709, 'VyIXgW', 1, 1, 'Sarah M.'),
(346, 58, 'blue', 1, 4314, 'tkIvJo', 1, 1, 'Maia V.'),
(347, 58, 'blue', 2, 4021, 'lxHmaj', 1, 1, 'Ha T.'),
(348, 58, 'blue', 3, 4213, '9xEkNl', 1, 1, 'Maggie T.'),
(349, 59, 'red', 1, 1094, 'lxHmaj', 1, 1, 'Ha T.'),
(350, 59, 'red', 2, 2039, 'lVIuDL', 1, 1, 'Rima R.'),
(351, 59, 'red', 3, 5541, 'Sxxni4', 1, 1, 'Elizabeth S.'),
(352, 59, 'blue', 1, 4156, 'VyIXgW', 1, 1, 'Anisha G.'),
(353, 59, 'blue', 2, 2022, '9xEkNl', 1, 1, 'Maggie T.'),
(354, 59, 'blue', 3, 876, 'tkIvJo', 1, 1, 'Maia V.'),
(355, 60, 'red', 1, 4646, '', 0, 0, ''),
(356, 60, 'red', 2, 2704, 'lVIuDL', 1, 1, 'Sarah M.'),
(357, 60, 'red', 3, 2169, 'lxHmaj', 1, 1, 'Ha T.'),
(358, 60, 'blue', 1, 4143, '9xEkNl', 1, 1, 'Maggie T.'),
(359, 60, 'blue', 2, 3528, 'tkIvJo', 1, 1, 'Tori A.'),
(360, 60, 'blue', 3, 1756, 'VyIXgW', 1, 1, 'Anisha G.'),
(361, 61, 'red', 1, 4212, 'tkIvJo', 0, 0, 'Maia V.'),
(362, 61, 'red', 2, 5822, '', 0, 0, ''),
(363, 61, 'red', 3, 111, '', 0, 0, ''),
(364, 61, 'blue', 1, 2040, '', 0, 0, ''),
(365, 61, 'blue', 2, 4096, '', 0, 0, ''),
(366, 61, 'blue', 3, 4213, '', 0, 0, ''),
(367, 62, 'red', 1, 876, '', 0, 0, ''),
(368, 62, 'red', 2, 4645, '', 0, 0, ''),
(369, 62, 'red', 3, 5847, '', 0, 0, ''),
(370, 62, 'blue', 1, 1736, '', 0, 0, ''),
(371, 62, 'blue', 2, 4655, '', 0, 0, ''),
(372, 62, 'blue', 3, 1038, '', 0, 0, ''),
(373, 63, 'red', 1, 1094, '', 0, 0, ''),
(374, 63, 'red', 2, 4296, '', 0, 0, ''),
(375, 63, 'red', 3, 1756, '', 0, 0, ''),
(376, 63, 'blue', 1, 2220, '', 0, 0, ''),
(377, 63, 'blue', 2, 4787, '', 0, 0, ''),
(378, 63, 'blue', 3, 4156, '', 0, 0, ''),
(379, 64, 'red', 1, 4021, '', 0, 0, ''),
(380, 64, 'red', 2, 3528, '', 0, 0, ''),
(381, 64, 'red', 3, 5541, '', 0, 0, ''),
(382, 64, 'blue', 1, 5442, '', 0, 0, ''),
(383, 64, 'blue', 2, 93, '', 0, 0, ''),
(384, 64, 'blue', 3, 2481, '', 0, 0, ''),
(385, 65, 'red', 1, 4143, '', 0, 0, ''),
(386, 65, 'red', 2, 1781, '', 0, 0, ''),
(387, 65, 'red', 3, 2169, '', 0, 0, ''),
(388, 65, 'blue', 1, 1091, '', 0, 0, ''),
(389, 65, 'blue', 2, 4314, '', 0, 0, ''),
(390, 65, 'blue', 3, 2358, '', 0, 0, ''),
(391, 66, 'red', 1, 1732, '', 0, 0, ''),
(392, 66, 'red', 2, 2081, '', 0, 0, ''),
(393, 66, 'red', 3, 2039, '', 0, 0, ''),
(394, 66, 'blue', 1, 81, '', 0, 0, ''),
(395, 66, 'blue', 2, 2704, '', 0, 0, ''),
(396, 66, 'blue', 3, 3352, '', 0, 0, ''),
(397, 67, 'red', 1, 1625, '', 0, 0, ''),
(398, 67, 'red', 2, 2022, '', 0, 0, ''),
(399, 67, 'red', 3, 4212, '', 0, 0, ''),
(400, 67, 'blue', 1, 2709, '', 0, 0, ''),
(401, 67, 'blue', 2, 4646, '', 0, 0, ''),
(402, 67, 'blue', 3, 5847, '', 0, 0, '');

-- --------------------------------------------------------

--
-- Table structure for table `teams`
--

CREATE TABLE IF NOT EXISTS `teams` (
  `teamNumber` int(11) NOT NULL,
  `teamName` varchar(255) NOT NULL,
  PRIMARY KEY (`teamNumber`)
) ENGINE=InnoDB DEFAULT CHARSET=latin1;

--
-- Dumping data for table `teams`
--

INSERT INTO `teams` (`teamNumber`, `teamName`) VALUES
(81, 'MetalHeads'),
(93, 'NEW Apple Corps'),
(101, 'Striker'),
(111, 'WildStang'),
(171, 'Cheese Curd Herd'),
(291, 'CIA - Creativity In Action'),
(375, 'Robotic Plague'),
(379, 'RoboCats'),
(876, 'Thunder Robotics'),
(931, 'Perpetual Chaos'),
(1038, 'Thunderhawks'),
(1091, 'Oriole Assault'),
(1094, 'Channel Cats'),
(1625, 'Winnovation'),
(1732, 'Hilltoppers'),
(1736, 'Robot Casserole'),
(1739, 'Chicago Knights'),
(1756, 'Argos'),
(1781, 'Electric Eagles'),
(1850, 'Mechanicats'),
(2022, 'Titan Robotics'),
(2039, 'Rockford Robotics'),
(2040, 'DERT'),
(2062, 'C.O.R.E 2062'),
(2081, 'Icarus'),
(2115, 'Nightmares'),
(2136, 'Impossible Mission Force'),
(2151, 'Monty Pythons'),
(2169, 'KING TeC'),
(2220, 'Blue Twilight'),
(2338, 'Gear It Forward'),
(2358, 'Bearbotics'),
(2451, 'PWNAGE'),
(2481, 'Roboteers'),
(2704, 'Order 2 Chaos'),
(2709, 'Iron Wolves'),
(2725, 'Ice Princesses'),
(2781, 'RoboPRIDE'),
(3061, 'Huskie Robotics'),
(3067, 'Robovikes'),
(3110, 'SeaBots'),
(3135, 'Robotic Colonels'),
(3352, 'Flaming Monkeys'),
(3390, 'ANATOLIAN EAGLEBOTS'),
(3488, 'RoboEAGLES'),
(3528, 'Up Next'),
(3695, 'Foximus Prime'),
(4021, 'igKnightion'),
(4096, 'Ctrl-Z'),
(4143, 'MARS/ WARS'),
(4156, 'Ninjaneers'),
(4191, 'IMC'),
(4212, 'Techno Ferrets'),
(4213, 'MetalCow Robotics'),
(4241, 'Joliet Cyborgs'),
(4247, 'CougarBots'),
(4292, 'PorterBots'),
(4296, 'Trident Robotics'),
(4302, 'Robophins'),
(4314, 'SUL Abe-Ro-Bots'),
(4329, 'Lutheran Roboteers'),
(4645, 'X-Machina'),
(4646, 'Team ASAP'),
(4655, 'Stateline Robotics'),
(4676, 'Battery Chargers'),
(4702, 'CyberDoggz'),
(4721, 'Tiger Bots'),
(4787, 'Axiom'),
(4979, 'DevilStorm Robotics'),
(5125, 'Hawks on the Horizon'),
(5350, 'Hope Robotics'),
(5442, 'Mechanical Monarchy'),
(5541, 'Shakopee Robotics'),
(5822, 'WolfByte'),
(5847, 'Ironclad'),
(5934, 'Crowbotics'),
(6237, 'Martin Motion');

-- --------------------------------------------------------

--
-- Table structure for table `zones`
--

CREATE TABLE IF NOT EXISTS `zones` (
  `id` int(11) NOT NULL AUTO_INCREMENT,
  `name` varchar(50) NOT NULL,
  PRIMARY KEY (`id`)
) ENGINE=InnoDB  DEFAULT CHARSET=latin1 AUTO_INCREMENT=8 ;

--
-- Dumping data for table `zones`
--

INSERT INTO `zones` (`id`, `name`) VALUES
(1, 'Blue Home'),
(2, 'Blue Secret Passage'),
(3, 'Blue Drop Zone'),
(4, 'Red Home'),
(5, 'Red Secret Passage'),
(6, 'Red Drop Zone'),
(7, 'Neutral Territory');

--
-- Constraints for dumped tables
--

--
-- Constraints for table `matchbreaches`
--
ALTER TABLE `matchbreaches`
  ADD CONSTRAINT `matchbreaches_ibfk_1` FOREIGN KEY (`teamMatchID`) REFERENCES `teammatches` (`id`);

--
-- Constraints for table `matchclimbs`
--
ALTER TABLE `matchclimbs`
  ADD CONSTRAINT `matchclimbs_ibfk_1` FOREIGN KEY (`teamMatchID`) REFERENCES `teammatches` (`id`);

--
-- Constraints for table `matchdefenses`
--
ALTER TABLE `matchdefenses`
  ADD CONSTRAINT `matchdefenses_ibfk_1` FOREIGN KEY (`matchID`) REFERENCES `matches` (`id`);

--
-- Constraints for table `matches`
--
ALTER TABLE `matches`
  ADD CONSTRAINT `fk_compID` FOREIGN KEY (`compID`) REFERENCES `competitions` (`id`);

--
-- Constraints for table `matchfeeds`
--
ALTER TABLE `matchfeeds`
  ADD CONSTRAINT `matchfeeds_ibfk_1` FOREIGN KEY (`teamMatchID`) REFERENCES `teammatches` (`id`);

--
-- Constraints for table `matchshoots`
--
ALTER TABLE `matchshoots`
  ADD CONSTRAINT `matchshoots_ibfk_1` FOREIGN KEY (`teamMatchID`) REFERENCES `teammatches` (`id`);

--
-- Constraints for table `teammatches`
--
ALTER TABLE `teammatches`
  ADD CONSTRAINT `teammatches_ibfk_1` FOREIGN KEY (`teamNumber`) REFERENCES `teams` (`teamNumber`);

/*!40101 SET CHARACTER_SET_CLIENT=@OLD_CHARACTER_SET_CLIENT */;
/*!40101 SET CHARACTER_SET_RESULTS=@OLD_CHARACTER_SET_RESULTS */;
/*!40101 SET COLLATION_CONNECTION=@OLD_COLLATION_CONNECTION */;
