-- phpMyAdmin SQL Dump
-- version 4.1.14
-- http://www.phpmyadmin.net
--
-- Host: 127.0.0.1
-- Generation Time: May 30, 2018 at 11:22 PM
-- Server version: 5.6.17
-- PHP Version: 5.5.12

SET SQL_MODE = "NO_AUTO_VALUE_ON_ZERO";
SET time_zone = "+00:00";


/*!40101 SET @OLD_CHARACTER_SET_CLIENT=@@CHARACTER_SET_CLIENT */;
/*!40101 SET @OLD_CHARACTER_SET_RESULTS=@@CHARACTER_SET_RESULTS */;
/*!40101 SET @OLD_COLLATION_CONNECTION=@@COLLATION_CONNECTION */;
/*!40101 SET NAMES utf8 */;

--
-- Database: `scouting2018_precmp`
--

-- --------------------------------------------------------

--
-- Table structure for table `competitions`
--

CREATE TABLE IF NOT EXISTS `competitions` (
  `id` int(11) NOT NULL AUTO_INCREMENT,
  `compName` varchar(255) NOT NULL,
  `leftSideColor` enum('red','blue') NOT NULL,
  `current` int(1) NOT NULL,
  PRIMARY KEY (`id`)
) ENGINE=InnoDB  DEFAULT CHARSET=latin1 AUTO_INCREMENT=30 ;

--
-- Dumping data for table `competitions`
--

INSERT INTO `competitions` (`id`, `compName`, `leftSideColor`, `current`) VALUES
(1, 'necmp', 'red', 0),
(2, 'micmp', 'red', 0),
(3, 'mrcmp', 'blue', 0),
(4, 'incmp', 'red', 0),
(5, 'njski', 'red', 0),
(6, 'chcmp', 'red', 0),
(7, 'nyny', 'blue', 0),
(8, 'nyli2', 'blue', 0),
(9, 'miesc', 'red', 0),
(10, 'oncmp2', 'red', 0),
(11, 'wimi', 'blue', 0),
(12, 'micmp3', 'blue', 0),
(13, 'oncmp', 'red', 0),
(14, 'nytr', 'red', 0),
(15, 'nyro', 'blue', 0),
(16, 'wila', 'blue', 0),
(17, 'ilpe', 'blue', 0),
(18, 'mnmi2', 'blue', 0),
(19, 'oncmp1', 'red', 0),
(20, 'ohcl', 'blue', 0),
(21, 'mibel', 'blue', 0),
(22, 'micmp1', 'blue', 0),
(23, 'micmp4', 'blue', 0),
(24, 'ilch', 'blue', 0),
(25, 'paca', 'blue', 0),
(26, 'micmp2', 'blue', 0),
(27, 'mnmi', 'blue', 0),
(28, 'azfl', 'blue', 0),
(29, 'mifor', 'red', 0);

-- --------------------------------------------------------

--
-- Table structure for table `cycleactions`
--

CREATE TABLE IF NOT EXISTS `cycleactions` (
  `id` int(11) NOT NULL AUTO_INCREMENT,
  `cycleID` int(11) NOT NULL,
  `actionType` enum('load','preload','place','drop') NOT NULL,
  `actionTime` int(11) NOT NULL,
  `actionLocationX` decimal(5,2) DEFAULT NULL,
  `actionLocationY` decimal(5,2) DEFAULT NULL,
  `actionLocationName` varchar(55) DEFAULT NULL,
  PRIMARY KEY (`id`)
) ENGINE=InnoDB  DEFAULT CHARSET=latin1 AUTO_INCREMENT=1491 ;

--
-- Dumping data for table `cycleactions`
--

INSERT INTO `cycleactions` (`id`, `cycleID`, `actionType`, `actionTime`, `actionLocationX`, `actionLocationY`, `actionLocationName`) VALUES
(155, 78, 'preload', 1524543552, NULL, NULL, NULL),
(156, 78, 'place', 1524543588, '345.49', '90.90', '6'),
(157, 79, 'load', 1524543594, '463.76', '119.60', 'C'),
(158, 79, 'place', 1524543598, '497.60', '109.10', '8'),
(159, 80, 'load', 1524543602, '463.76', '119.60', 'C'),
(160, 80, 'place', 1524543606, '497.60', '109.10', '8'),
(161, 81, 'load', 1524543609, '633.46', '29.15', '0'),
(162, 81, 'place', 1524543616, '497.60', '109.10', '8'),
(163, 82, 'load', 1524543618, '633.46', '29.15', '0'),
(164, 82, 'place', 1524543626, '497.60', '109.10', '8'),
(165, 83, 'load', 1524543628, '633.46', '29.15', '0'),
(166, 83, 'place', 1524543641, '191.74', '109.32', '4'),
(167, 84, 'preload', 1524543944, NULL, NULL, NULL),
(168, 84, 'place', 1524543956, '345.49', '90.90', '6'),
(169, 85, 'load', 1524543975, '544.80', '162.47', 'F'),
(170, 85, 'place', 1524543979, '651.39', '126.97', 'W'),
(171, 86, 'load', 1524543987, '656.45', '97.78', 'custom'),
(172, 86, 'place', 1524543996, '651.39', '126.97', 'W'),
(173, 87, 'load', 1524544000, '544.80', '162.47', 'F'),
(174, 87, 'place', 1524544004, '651.39', '126.97', 'W'),
(175, 88, 'load', 1524544012, '544.80', '162.47', 'F'),
(176, 88, 'place', 1524544016, '651.39', '126.97', 'W'),
(177, 89, 'load', 1524544020, '544.80', '162.47', 'F'),
(178, 89, 'place', 1524544024, '651.39', '126.97', 'W'),
(179, 90, 'preload', 1524544085, NULL, NULL, NULL),
(180, 90, 'place', 1524544090, '191.47', '215.11', '3'),
(181, 91, 'load', 1524544107, '144.77', '162.60', 'A'),
(182, 91, 'place', 1524544110, '39.16', '197.75', 'Q'),
(183, 92, 'load', 1524544112, '144.77', '162.60', 'A'),
(184, 92, 'place', 1524544126, '39.16', '197.75', 'Q'),
(185, 93, 'load', 1524544131, '144.77', '162.60', 'A'),
(186, 93, 'place', 1524544140, '39.16', '197.75', 'Q'),
(187, 94, 'load', 1524544149, '144.77', '162.60', 'A'),
(188, 94, 'place', 1524544153, '39.16', '197.75', 'Q'),
(189, 95, 'load', 1524544156, '144.77', '162.60', 'A'),
(190, 95, 'place', 1524544161, '39.16', '197.75', 'Q'),
(191, 96, 'load', 1524544164, '144.77', '162.60', 'A'),
(192, 96, 'place', 1524544167, '39.16', '197.75', 'Q'),
(193, 97, 'load', 1524544173, '144.77', '162.60', 'A'),
(194, 97, 'place', 1524544177, '39.16', '197.75', 'Q'),
(195, 98, 'load', 1524544182, '144.77', '162.60', 'A'),
(196, 98, 'place', 1524544186, '39.16', '197.75', 'Q'),
(197, 99, 'load', 1524544190, '144.77', '162.60', 'A'),
(198, 99, 'place', 1524544196, '39.16', '197.75', 'Q'),
(199, 100, 'load', 1524544201, '144.77', '162.60', 'A'),
(200, 100, 'place', 1524544209, '345.49', '90.90', '6'),
(201, 101, 'preload', 1524544474, NULL, NULL, NULL),
(202, 101, 'place', 1524544483, '345.34', '232.83', '5'),
(203, 102, 'load', 1524544494, '225.11', '205.02', 'S'),
(204, 102, 'place', 1524544507, '191.47', '215.11', '3'),
(205, 103, 'load', 1524544509, '225.11', '205.02', 'S'),
(206, 103, 'place', 1524544515, '191.47', '215.11', '3'),
(207, 104, 'load', 1524544518, '225.11', '205.02', 'S'),
(208, 104, 'place', 1524544528, '345.34', '232.83', '5'),
(209, 105, 'load', 1524544536, '290.40', '58.92', 'custom'),
(210, 105, 'place', 1524544555, '191.47', '215.11', '3'),
(211, 106, 'load', 1524544564, '225.10', '120.26', 'X'),
(212, 106, 'place', 1524544583, '191.47', '215.11', '3'),
(213, 107, 'preload', 1524544664, NULL, NULL, NULL),
(214, 107, 'place', 1524544671, '497.60', '109.10', '8'),
(215, 108, 'load', 1524544686, '463.76', '203.29', 'D'),
(216, 108, 'drop', 1524544696, NULL, NULL, NULL),
(217, 109, 'load', 1524544712, '463.76', '119.60', 'C'),
(218, 109, 'place', 1524544718, '497.60', '109.10', '8'),
(219, 110, 'load', 1524544722, '466.82', '70.78', 'custom'),
(220, 110, 'drop', 1524544732, NULL, NULL, NULL),
(221, 111, 'load', 1524544738, '544.80', '162.47', 'F'),
(222, 111, 'drop', 1524544754, NULL, NULL, NULL),
(223, 112, 'load', 1524544776, '544.80', '162.47', 'F'),
(224, 112, 'place', 1524544779, '651.39', '126.97', 'W'),
(225, 113, 'load', 1524544783, '544.80', '162.47', 'F'),
(226, 113, 'place', 1524544786, '651.39', '126.97', 'W'),
(227, 114, 'preload', 1524544850, NULL, NULL, NULL),
(228, 114, 'place', 1524544860, '497.60', '109.10', '8'),
(229, 115, 'load', 1524544889, '544.80', '162.47', 'F'),
(230, 115, 'place', 1524544910, '651.39', '126.97', 'W'),
(231, 116, 'load', 1524544913, '544.80', '162.47', 'F'),
(232, 116, 'place', 1524544916, '651.39', '126.97', 'W'),
(233, 117, 'load', 1524544920, '544.80', '162.47', 'F'),
(234, 117, 'place', 1524544924, '651.39', '126.97', 'W'),
(235, 118, 'load', 1524544929, '544.80', '162.47', 'F'),
(236, 118, 'place', 1524544937, '651.39', '126.97', 'W'),
(237, 119, 'load', 1524544942, '544.80', '162.47', 'F'),
(238, 119, 'place', 1524544946, '651.39', '126.97', 'W'),
(239, 120, 'load', 1524544950, '544.80', '162.47', 'F'),
(240, 120, 'place', 1524544954, '651.39', '126.97', 'W'),
(241, 121, 'load', 1524544958, '544.80', '162.47', 'F'),
(242, 121, 'place', 1524544966, '651.39', '126.97', 'W'),
(243, 122, 'load', 1524544969, '544.80', '162.47', 'F'),
(244, 122, 'place', 1524544972, '651.39', '126.97', 'W'),
(245, 123, 'preload', 1524575177, NULL, NULL, NULL),
(246, 123, 'drop', 1524575187, NULL, NULL, NULL),
(247, 124, 'load', 1524575199, '144.77', '162.60', 'A'),
(248, 124, 'place', 1524575246, '39.16', '197.75', 'Q'),
(249, 125, 'load', 1524575250, '144.77', '162.60', 'A'),
(250, 125, 'place', 1524575311, '39.16', '197.75', 'Q'),
(251, 126, 'preload', 1524575387, NULL, NULL, NULL),
(252, 126, 'place', 1524575413, '345.49', '90.90', '6'),
(253, 127, 'load', 1524575419, '225.10', '120.26', 'X'),
(254, 127, 'place', 1524575431, '345.49', '90.90', '6'),
(255, 128, 'load', 1524575440, '225.10', '120.26', 'X'),
(256, 128, 'drop', 1524575450, NULL, NULL, NULL),
(257, 129, 'load', 1524575455, '225.11', '205.02', 'S'),
(258, 129, 'place', 1524575464, '345.49', '90.90', '6'),
(259, 130, 'load', 1524575470, '52.83', '30.47', '2'),
(260, 130, 'place', 1524575512, '191.74', '109.32', '4'),
(261, 131, 'preload', 1524575725, NULL, NULL, NULL),
(262, 131, 'drop', 1524575736, NULL, NULL, NULL),
(263, 132, 'load', 1524575751, '144.77', '162.60', 'A'),
(264, 132, 'place', 1524575756, '39.16', '197.75', 'Q'),
(265, 133, 'load', 1524575759, '144.77', '162.60', 'A'),
(266, 133, 'place', 1524575767, '39.16', '197.75', 'Q'),
(267, 134, 'load', 1524575770, '144.77', '162.60', 'A'),
(268, 134, 'place', 1524575779, '39.16', '197.75', 'Q'),
(269, 135, 'load', 1524575782, '144.77', '162.60', 'A'),
(270, 135, 'place', 1524575793, '39.16', '197.75', 'Q'),
(271, 136, 'load', 1524575798, '90.23', '112.32', 'custom'),
(272, 136, 'place', 1524575808, '39.16', '197.75', 'Q'),
(273, 137, 'load', 1524575811, '144.77', '162.60', 'A'),
(274, 137, 'place', 1524575818, '39.16', '197.75', 'Q'),
(275, 138, 'preload', 1524576574, NULL, NULL, NULL),
(276, 138, 'place', 1524576605, '345.49', '90.90', '6'),
(277, 139, 'load', 1524576610, '225.10', '120.26', 'X'),
(278, 139, 'place', 1524576621, '345.49', '90.90', '6'),
(279, 140, 'load', 1524576670, '502.32', '246.14', 'custom'),
(280, 140, 'place', 1524576677, '497.60', '109.10', '8'),
(281, 141, 'load', 1524576687, '523.18', '277.63', 'custom'),
(282, 141, 'place', 1524576698, '651.39', '126.97', 'W'),
(283, 142, 'preload', 1524576904, NULL, NULL, NULL),
(284, 142, 'drop', 1524576909, NULL, NULL, NULL),
(285, 143, 'load', 1524576921, '307.22', '247.01', 'custom'),
(286, 143, 'drop', 1524576933, NULL, NULL, NULL),
(287, 144, 'load', 1524576936, '300.05', '253.14', 'custom'),
(288, 144, 'place', 1524576950, '345.34', '232.83', '5'),
(289, 145, 'load', 1524576962, '225.11', '205.02', 'S'),
(290, 145, 'place', 1524576970, '345.34', '232.83', '5'),
(291, 146, 'load', 1524576976, '225.10', '120.26', 'X'),
(292, 146, 'place', 1524576997, '345.34', '232.83', '5'),
(293, 147, 'preload', 1524577348, NULL, NULL, NULL),
(294, 147, 'drop', 1524577356, NULL, NULL, NULL),
(295, 148, 'load', 1524577358, '225.10', '120.26', 'X'),
(296, 148, 'place', 1524577362, '345.49', '90.90', '6'),
(297, 149, 'load', 1524577384, '305.17', '123.55', 'custom'),
(298, 149, 'drop', 1524577391, NULL, NULL, NULL),
(299, 150, 'load', 1524577397, '374.77', '134.77', 'custom'),
(300, 150, 'place', 1524577402, '345.49', '90.90', '6'),
(301, 151, 'load', 1524577408, '633.46', '29.15', '0'),
(302, 151, 'place', 1524577435, '345.49', '90.90', '6'),
(303, 152, 'load', 1524577444, '225.11', '205.02', 'S'),
(304, 152, 'place', 1524577452, '345.49', '90.90', '6'),
(305, 153, 'load', 1524577455, '225.11', '205.02', 'S'),
(306, 153, 'place', 1524577462, '345.49', '90.90', '6'),
(307, 154, 'load', 1524577470, '429.02', '31.71', 'custom'),
(308, 154, 'place', 1524577478, '345.49', '90.90', '6'),
(309, 155, 'preload', 1524589988, NULL, NULL, NULL),
(310, 155, 'place', 1524590016, '345.34', '232.83', '5'),
(311, 156, 'load', 1524590022, '344.91', '64.60', 'custom'),
(312, 156, 'place', 1524590025, '345.49', '90.90', '6'),
(313, 157, 'load', 1524590031, '572.52', '14.62', 'custom'),
(314, 157, 'drop', 1524590040, NULL, NULL, NULL),
(315, 158, 'load', 1524590043, '364.70', '54.74', 'custom'),
(316, 158, 'place', 1524590054, '345.49', '90.90', '6'),
(317, 159, 'load', 1524590058, '225.10', '120.26', 'X'),
(318, 159, 'place', 1524590065, '345.49', '90.90', '6'),
(319, 160, 'load', 1524590070, '225.10', '120.26', 'X'),
(320, 160, 'place', 1524590079, '345.49', '90.90', '6'),
(321, 161, 'load', 1524590092, '52.83', '30.47', '2'),
(322, 161, 'place', 1524590108, '345.49', '90.90', '6'),
(323, 162, 'load', 1524590116, '52.83', '30.47', '2'),
(324, 162, 'drop', 1524590134, NULL, NULL, NULL),
(325, 163, 'preload', 1524591342, NULL, NULL, NULL),
(326, 163, 'place', 1524591346, '191.74', '109.32', '4'),
(327, 164, 'load', 1524591361, '225.10', '120.26', 'X'),
(328, 164, 'place', 1524591368, '345.34', '232.83', '5'),
(329, 165, 'load', 1524591371, '225.11', '205.02', 'S'),
(330, 165, 'place', 1524591381, '345.34', '232.83', '5'),
(331, 166, 'load', 1524591397, '144.77', '162.60', 'A'),
(332, 166, 'place', 1524591409, '345.34', '232.83', '5'),
(333, 167, 'load', 1524591420, '636.30', '293.26', '9'),
(334, 167, 'place', 1524591425, '345.34', '232.83', '5'),
(335, 168, 'load', 1524591430, '636.30', '293.26', '9'),
(336, 168, 'place', 1524591447, '345.34', '232.83', '5'),
(337, 169, 'load', 1524591453, '636.30', '293.26', '9'),
(338, 169, 'place', 1524591463, '345.34', '232.83', '5'),
(339, 170, 'preload', 1524591682, NULL, NULL, NULL),
(340, 170, 'place', 1524591688, '497.60', '109.10', '8'),
(341, 171, 'load', 1524591705, '463.76', '119.60', 'C'),
(342, 171, 'drop', 1524591709, NULL, NULL, NULL),
(343, 172, 'load', 1524591718, '357.44', '69.21', 'custom'),
(344, 172, 'drop', 1524591720, NULL, NULL, NULL),
(345, 173, 'load', 1524591726, '360.74', '71.84', 'custom'),
(346, 173, 'place', 1524591732, '345.49', '90.90', '6'),
(347, 174, 'load', 1524591738, '225.10', '120.26', 'X'),
(348, 174, 'place', 1524591746, '345.49', '90.90', '6'),
(349, 175, 'load', 1524591757, '52.83', '30.47', '2'),
(350, 175, 'place', 1524591773, '345.49', '90.90', '6'),
(351, 176, 'preload', 1524592251, NULL, NULL, NULL),
(352, 176, 'place', 1524592256, '191.74', '109.32', '4'),
(353, 177, 'load', 1524592270, '144.77', '162.60', 'A'),
(354, 177, 'place', 1524592277, '345.34', '232.83', '5'),
(355, 178, 'load', 1524592284, '463.76', '203.29', 'D'),
(356, 178, 'place', 1524592307, '345.34', '232.83', '5'),
(357, 179, 'load', 1524592317, '342.27', '261.92', 'custom'),
(358, 179, 'place', 1524592322, '345.34', '232.83', '5'),
(359, 180, 'load', 1524592324, '281.57', '156.02', 'custom'),
(360, 180, 'drop', 1524592330, NULL, NULL, NULL),
(361, 181, 'load', 1524592332, '284.30', '220.61', 'custom'),
(362, 181, 'place', 1524592338, '345.34', '232.83', '5'),
(363, 182, 'load', 1524592349, '636.30', '293.26', '9'),
(364, 182, 'place', 1524592359, '497.60', '109.10', '8'),
(365, 183, 'load', 1524592363, '636.30', '293.26', '9'),
(366, 183, 'place', 1524592369, '497.60', '109.10', '8'),
(367, 184, 'preload', 1524593389, NULL, NULL, NULL),
(368, 184, 'place', 1524593396, '191.47', '215.11', '3'),
(369, 185, 'load', 1524593400, '144.77', '162.60', 'A'),
(370, 185, 'drop', 1524593406, NULL, NULL, NULL),
(371, 186, 'load', 1524593418, '273.66', '162.60', 'custom'),
(372, 186, 'place', 1524593424, '345.34', '232.83', '5'),
(373, 187, 'load', 1524593428, '225.10', '120.26', 'X'),
(374, 187, 'place', 1524593432, '345.34', '232.83', '5'),
(375, 188, 'load', 1524593437, '225.11', '205.02', 'S'),
(376, 188, 'place', 1524593442, '345.34', '232.83', '5'),
(377, 189, 'load', 1524593448, '225.11', '205.02', 'S'),
(378, 189, 'place', 1524593456, '39.16', '197.75', 'Q'),
(379, 190, 'load', 1524593458, '144.77', '162.60', 'A'),
(380, 190, 'place', 1524593465, '39.16', '197.75', 'Q'),
(381, 191, 'load', 1524593468, '144.77', '162.60', 'A'),
(382, 191, 'place', 1524593473, '39.16', '197.75', 'Q'),
(383, 192, 'load', 1524593476, '144.77', '162.60', 'A'),
(384, 192, 'place', 1524593481, '39.16', '197.75', 'Q'),
(385, 193, 'load', 1524593484, '148.31', '97.49', 'custom'),
(386, 193, 'place', 1524593491, '39.16', '197.75', 'Q'),
(387, 194, 'load', 1524593495, '160.84', '94.86', 'custom'),
(388, 194, 'place', 1524593503, '39.16', '197.75', 'Q'),
(389, 195, 'load', 1524593505, '148.97', '121.82', 'custom'),
(390, 195, 'place', 1524593509, '39.16', '197.75', 'Q'),
(391, 196, 'preload', 1524593584, NULL, NULL, NULL),
(392, 196, 'place', 1524593592, '345.34', '232.83', '5'),
(393, 197, 'load', 1524593603, '225.11', '205.02', 'S'),
(394, 197, 'place', 1524593608, '345.34', '232.83', '5'),
(395, 198, 'load', 1524593618, '225.11', '205.02', 'S'),
(396, 198, 'place', 1524593623, '345.34', '232.83', '5'),
(397, 199, 'load', 1524593629, '225.11', '205.02', 'S'),
(398, 199, 'place', 1524593634, '345.34', '232.83', '5'),
(399, 200, 'load', 1524593641, '225.10', '120.26', 'X'),
(400, 200, 'place', 1524593653, '345.34', '232.83', '5'),
(401, 201, 'load', 1524593669, '636.30', '293.26', '9'),
(402, 201, 'place', 1524593687, '345.34', '232.83', '5'),
(403, 202, 'load', 1524593698, '636.30', '293.26', '9'),
(404, 202, 'drop', 1524593718, NULL, NULL, NULL),
(405, 203, 'preload', 1524593794, NULL, NULL, NULL),
(406, 203, 'drop', 1524593808, NULL, NULL, ''),
(407, 204, 'load', 1524593817, '342.27', '259.29', 'custom'),
(408, 204, 'place', 1524593822, '345.34', '232.83', '5'),
(409, 205, 'load', 1524593827, '225.11', '205.02', 'S'),
(410, 205, 'drop', 1524593838, NULL, NULL, NULL),
(411, 206, 'load', 1524593843, '225.11', '205.02', 'S'),
(412, 206, 'place', 1524593850, '345.34', '232.83', '5'),
(413, 207, 'load', 1524593896, '54.74', '294.39', '1'),
(414, 207, 'place', 1524593915, '191.47', '215.11', '3'),
(415, 208, 'preload', 1524594028, NULL, NULL, NULL),
(416, 208, 'place', 1524594035, '345.49', '90.90', '6'),
(417, 209, 'load', 1524594049, '463.76', '119.60', 'C'),
(418, 209, 'drop', 1524594052, NULL, NULL, NULL),
(419, 210, 'load', 1524594054, '404.94', '90.25', 'custom'),
(420, 210, 'place', 1524594060, '345.49', '90.90', '6'),
(421, 211, 'load', 1524594067, '52.83', '30.47', '2'),
(422, 211, 'place', 1524594076, '345.49', '90.90', '6'),
(423, 212, 'load', 1524594083, '225.10', '120.26', 'X'),
(424, 212, 'place', 1524594090, '345.49', '90.90', '6'),
(425, 213, 'load', 1524594097, '52.83', '30.47', '2'),
(426, 213, 'place', 1524594108, '345.49', '90.90', '6'),
(427, 214, 'load', 1524594113, '52.83', '30.47', '2'),
(428, 214, 'place', 1524594126, '191.47', '215.11', '3'),
(429, 215, 'load', 1524594134, '54.74', '294.39', '1'),
(430, 215, 'place', 1524594143, '191.47', '215.11', '3'),
(431, 216, 'load', 1524594151, '54.74', '294.39', '1'),
(432, 216, 'place', 1524594155, '191.47', '215.11', '3'),
(433, 217, 'preload', 1524594252, NULL, NULL, NULL),
(434, 217, 'drop', 1524594262, NULL, NULL, NULL),
(435, 218, 'load', 1524594271, '544.80', '162.47', 'F'),
(436, 218, 'place', 1524594274, '497.60', '109.10', '8'),
(437, 219, 'load', 1524594276, '544.80', '162.47', 'F'),
(438, 219, 'place', 1524594285, '651.39', '126.97', 'W'),
(439, 220, 'load', 1524594288, '544.80', '162.47', 'F'),
(440, 220, 'place', 1524594292, '651.39', '126.97', 'W'),
(441, 221, 'load', 1524594295, '544.80', '162.47', 'F'),
(442, 221, 'place', 1524594299, '497.60', '109.10', '8'),
(443, 222, 'load', 1524594304, '503.25', '77.10', 'custom'),
(444, 222, 'place', 1524594317, '651.39', '126.97', 'W'),
(445, 223, 'load', 1524594322, '544.80', '162.47', 'F'),
(446, 223, 'place', 1524594327, '651.39', '126.97', 'W'),
(447, 224, 'load', 1524594332, '544.80', '162.47', 'F'),
(448, 224, 'place', 1524594344, '651.39', '126.97', 'W'),
(449, 225, 'load', 1524594348, '544.80', '162.47', 'F'),
(450, 225, 'place', 1524594356, '651.39', '126.97', 'W'),
(451, 226, 'load', 1524594360, '544.80', '162.47', 'F'),
(452, 226, 'place', 1524594369, '651.39', '126.97', 'W'),
(453, 227, 'load', 1524594372, '544.80', '162.47', 'F'),
(454, 227, 'place', 1524594384, '651.39', '126.97', 'W'),
(455, 228, 'load', 1524594389, '544.80', '162.47', 'F'),
(456, 228, 'place', 1524594396, '651.39', '126.97', 'W'),
(457, 229, 'preload', 1524595075, NULL, NULL, NULL),
(458, 229, 'place', 1524595101, '345.34', '232.83', '5'),
(459, 230, 'load', 1524595105, '225.11', '205.02', 'S'),
(460, 230, 'place', 1524595119, '345.34', '232.83', '5'),
(461, 231, 'load', 1524595122, '225.11', '205.02', 'S'),
(462, 231, 'place', 1524595133, '345.34', '232.83', '5'),
(463, 232, 'load', 1524595138, '225.10', '120.26', 'X'),
(464, 232, 'place', 1524595150, '345.34', '232.83', '5'),
(465, 233, 'load', 1524595177, '633.46', '29.15', '0'),
(466, 233, 'place', 1524595188, '497.60', '109.10', '8'),
(467, 234, 'load', 1524595193, '633.46', '29.15', '0'),
(468, 234, 'place', 1524595202, '497.60', '109.10', '8'),
(469, 235, 'preload', 1524595480, NULL, NULL, NULL),
(470, 235, 'place', 1524595485, '191.74', '109.32', '4'),
(471, 236, 'load', 1524595496, '144.77', '162.60', 'A'),
(472, 236, 'place', 1524595499, '39.16', '197.75', 'Q'),
(473, 237, 'load', 1524595503, '144.77', '162.60', 'A'),
(474, 237, 'place', 1524595523, '39.16', '197.75', 'Q'),
(475, 238, 'load', 1524595525, '144.77', '162.60', 'A'),
(476, 238, 'place', 1524595532, '39.16', '197.75', 'Q'),
(477, 239, 'load', 1524595537, '144.77', '162.60', 'A'),
(478, 239, 'place', 1524595540, '39.16', '197.75', 'Q'),
(479, 240, 'load', 1524595544, '181.29', '240.21', 'custom'),
(480, 240, 'place', 1524595549, '39.16', '197.75', 'Q'),
(481, 241, 'load', 1524595552, '144.77', '162.60', 'A'),
(482, 241, 'place', 1524595561, '39.16', '197.75', 'Q'),
(483, 242, 'load', 1524595564, '144.77', '162.60', 'A'),
(484, 242, 'place', 1524595570, '39.16', '197.75', 'Q'),
(485, 243, 'load', 1524595576, '144.77', '162.60', 'A'),
(486, 243, 'place', 1524595586, '39.16', '197.75', 'Q'),
(487, 244, 'load', 1524595591, '147.65', '61.97', 'custom'),
(488, 244, 'place', 1524595596, '39.16', '197.75', 'Q'),
(489, 245, 'load', 1524595599, '144.35', '58.68', 'custom'),
(490, 245, 'place', 1524595605, '191.74', '109.32', '4'),
(491, 246, 'preload', 1524595720, NULL, NULL, NULL),
(492, 246, 'place', 1524595727, '497.60', '109.10', '8'),
(493, 247, 'load', 1524595743, '463.76', '119.60', 'C'),
(494, 247, 'place', 1524595757, '345.49', '90.90', '6'),
(495, 248, 'load', 1524595762, '463.76', '119.60', 'C'),
(496, 248, 'place', 1524595782, '345.49', '90.90', '6'),
(497, 249, 'load', 1524595788, '463.76', '203.29', 'D'),
(498, 249, 'drop', 1524595799, NULL, NULL, NULL),
(499, 250, 'load', 1524595802, '362.72', '51.45', 'custom'),
(500, 250, 'drop', 1524595823, NULL, NULL, NULL),
(501, 251, 'preload', 1524595890, NULL, NULL, NULL),
(502, 251, 'place', 1524595895, '191.47', '215.11', '3'),
(503, 252, 'load', 1524595907, '144.77', '162.60', 'A'),
(504, 252, 'place', 1524595914, '345.49', '90.90', '6'),
(505, 253, 'load', 1524595918, '225.10', '120.26', 'X'),
(506, 253, 'place', 1524595924, '345.49', '90.90', '6'),
(507, 254, 'load', 1524595930, '225.10', '120.26', 'X'),
(508, 254, 'place', 1524595938, '345.49', '90.90', '6'),
(509, 255, 'preload', 1524596077, NULL, NULL, NULL),
(510, 255, 'drop', 1524596111, NULL, NULL, NULL),
(511, 256, 'load', 1524596114, '225.11', '205.02', 'S'),
(512, 256, 'place', 1524596120, '345.34', '232.83', '5'),
(513, 257, 'load', 1524596126, '225.11', '205.02', 'S'),
(514, 257, 'place', 1524596131, '345.34', '232.83', '5'),
(515, 258, 'load', 1524596141, '225.11', '205.02', 'S'),
(516, 258, 'place', 1524596152, '345.34', '232.83', '5'),
(517, 259, 'load', 1524596155, '360.08', '298.09', 'custom'),
(518, 259, 'place', 1524596172, '345.34', '232.83', '5'),
(519, 260, 'load', 1524596185, '151.60', '90.25', 'custom'),
(520, 260, 'place', 1524596190, '39.16', '197.75', 'Q'),
(521, 261, 'load', 1524596233, '75.68', '269.97', 'custom'),
(522, 261, 'place', 1524596242, '39.16', '197.75', 'Q'),
(523, 262, 'load', 1524596253, '144.77', '162.60', 'A'),
(524, 262, 'place', 1524596261, '39.16', '197.75', 'Q'),
(525, 263, 'preload', 1524598073, NULL, NULL, NULL),
(526, 263, 'drop', 1524598104, NULL, NULL, NULL),
(527, 264, 'load', 1524598108, '463.76', '203.29', 'D'),
(528, 264, 'place', 1524598130, '345.49', '90.90', '6'),
(529, 265, 'load', 1524598144, '517.10', '238.90', 'custom'),
(530, 265, 'drop', 1524598155, NULL, NULL, NULL),
(531, 266, 'load', 1524598156, '392.41', '67.89', 'custom'),
(532, 266, 'place', 1524598174, '345.49', '90.90', '6'),
(533, 267, 'load', 1524598196, '54.74', '294.39', '1'),
(534, 267, 'place', 1524598220, '191.47', '215.11', '3'),
(535, 268, 'preload', 1524598385, NULL, NULL, NULL),
(536, 268, 'drop', 1524598394, NULL, NULL, NULL),
(537, 269, 'load', 1524598405, '225.10', '120.26', 'X'),
(538, 269, 'place', 1524598419, '345.34', '232.83', '5'),
(539, 270, 'load', 1524598477, '225.11', '205.02', 'S'),
(540, 270, 'place', 1524598487, '191.74', '109.32', '4'),
(541, 271, 'load', 1524598489, '225.11', '205.02', 'S'),
(542, 271, 'drop', 1524598497, NULL, NULL, NULL),
(543, 272, 'load', 1524598506, '636.30', '293.26', '9'),
(544, 272, 'place', 1524598515, '345.34', '232.83', '5'),
(545, 273, 'load', 1524598520, '636.30', '293.26', '9'),
(546, 273, 'place', 1524598533, '497.60', '109.10', '8'),
(547, 274, 'load', 1524598537, '633.46', '29.15', '0'),
(548, 274, 'place', 1524598544, '497.60', '109.10', '8'),
(549, 275, 'load', 1524598555, '144.77', '162.60', 'A'),
(550, 275, 'place', 1524598560, '191.74', '109.32', '4'),
(551, 276, 'preload', 1524598626, NULL, NULL, NULL),
(552, 276, 'place', 1524598634, '191.47', '215.11', '3'),
(553, 277, 'load', 1524598650, '144.77', '162.60', 'A'),
(554, 277, 'place', 1524598657, '39.16', '197.75', 'Q'),
(555, 278, 'load', 1524598662, '144.77', '162.60', 'A'),
(556, 278, 'place', 1524598664, '39.16', '197.75', 'Q'),
(557, 279, 'load', 1524598667, '144.77', '162.60', 'A'),
(558, 279, 'place', 1524598671, '39.16', '197.75', 'Q'),
(559, 280, 'load', 1524598675, '144.77', '162.60', 'A'),
(560, 280, 'place', 1524598677, '39.16', '197.75', 'Q'),
(561, 281, 'load', 1524598694, '144.77', '162.60', 'A'),
(562, 281, 'place', 1524598699, '191.47', '215.11', '3'),
(563, 282, 'load', 1524598706, '144.77', '162.60', 'A'),
(564, 282, 'place', 1524598713, '39.16', '197.75', 'Q'),
(565, 283, 'load', 1524598720, '52.83', '30.47', '2'),
(566, 283, 'place', 1524598725, '191.47', '215.11', '3'),
(567, 284, 'load', 1524598731, '144.77', '162.60', 'A'),
(568, 284, 'place', 1524598737, '39.16', '197.75', 'Q'),
(569, 285, 'load', 1524598740, '144.77', '162.60', 'A'),
(570, 285, 'place', 1524598755, '497.95', '215.16', '7'),
(571, 286, 'preload', 1524598650, NULL, NULL, NULL),
(572, 286, 'place', 1524598655, '191.74', '109.32', '4'),
(573, 287, 'load', 1524598668, '144.77', '162.60', 'A'),
(574, 287, 'place', 1524598671, '39.16', '197.75', 'Q'),
(575, 288, 'load', 1524598674, '144.77', '162.60', 'A'),
(576, 288, 'place', 1524598680, '39.16', '197.75', 'Q'),
(577, 289, 'load', 1524598686, '144.77', '162.60', 'A'),
(578, 289, 'place', 1524598688, '39.16', '197.75', 'Q'),
(579, 290, 'load', 1524598689, '144.77', '162.60', 'A'),
(580, 290, 'place', 1524598691, '39.16', '197.75', 'Q'),
(581, 291, 'load', 1524598695, '144.77', '162.60', 'A'),
(582, 291, 'place', 1524598706, '191.74', '109.32', '4'),
(583, 292, 'load', 1524598711, '91.57', '249.42', 'custom'),
(584, 292, 'place', 1524598718, '39.16', '197.75', 'Q'),
(585, 293, 'load', 1524598721, '144.77', '162.60', 'A'),
(586, 293, 'place', 1524598724, '39.16', '197.75', 'Q'),
(587, 294, 'load', 1524598733, '54.74', '294.39', '1'),
(588, 294, 'place', 1524598738, '39.16', '197.75', 'Q'),
(589, 295, 'load', 1524598740, '144.77', '162.60', 'A'),
(590, 295, 'place', 1524598744, '39.16', '197.75', 'Q'),
(591, 296, 'load', 1524598747, '144.77', '162.60', 'A'),
(592, 296, 'place', 1524598752, '191.74', '109.32', '4'),
(593, 297, 'load', 1524598753, '144.77', '162.60', 'A'),
(594, 297, 'place', 1524598757, '39.16', '197.75', 'Q'),
(595, 298, 'preload', 1524599766, NULL, NULL, NULL),
(596, 298, 'place', 1524599772, '497.95', '215.16', '7'),
(597, 299, 'load', 1524599794, '225.10', '120.26', 'X'),
(598, 299, 'drop', 1524599799, NULL, NULL, NULL),
(599, 300, 'load', 1524599802, '225.10', '120.26', 'X'),
(600, 300, 'place', 1524599819, '345.49', '90.90', '6'),
(601, 301, 'load', 1524599823, '225.10', '120.26', 'X'),
(602, 301, 'place', 1524599832, '191.47', '215.11', '3'),
(603, 302, 'load', 1524599834, '225.11', '205.02', 'S'),
(604, 302, 'place', 1524599840, '191.47', '215.11', '3'),
(605, 303, 'load', 1524599844, '54.74', '294.39', '1'),
(606, 303, 'place', 1524599851, '191.47', '215.11', '3'),
(607, 304, 'load', 1524599853, '54.74', '294.39', '1'),
(608, 304, 'place', 1524599858, '191.47', '215.11', '3'),
(609, 305, 'load', 1524599862, '54.74', '294.39', '1'),
(610, 305, 'place', 1524599876, '191.47', '215.11', '3'),
(611, 306, 'preload', 1524599811, NULL, NULL, NULL),
(612, 306, 'place', 1524599814, '191.74', '109.32', '4'),
(613, 307, 'load', 1524599819, '144.77', '162.60', 'A'),
(614, 307, 'place', 1524599824, '191.74', '109.32', '4'),
(615, 308, 'load', 1524599832, '144.77', '162.60', 'A'),
(616, 308, 'place', 1524599833, '39.16', '197.75', 'Q'),
(617, 309, 'load', 1524599835, '144.77', '162.60', 'A'),
(618, 309, 'place', 1524599836, '39.16', '197.75', 'Q'),
(619, 310, 'load', 1524599839, '144.77', '162.60', 'A'),
(620, 310, 'place', 1524599842, '39.16', '197.75', 'Q'),
(621, 311, 'load', 1524599845, '144.77', '162.60', 'A'),
(622, 311, 'place', 1524599851, '39.16', '197.75', 'Q'),
(623, 312, 'load', 1524599853, '144.77', '162.60', 'A'),
(624, 312, 'place', 1524599855, '39.16', '197.75', 'Q'),
(625, 313, 'load', 1524599858, '144.77', '162.60', 'A'),
(626, 313, 'place', 1524599862, '39.16', '197.75', 'Q'),
(627, 314, 'load', 1524599863, '144.77', '162.60', 'A'),
(628, 314, 'place', 1524599867, '39.16', '197.75', 'Q'),
(629, 315, 'load', 1524599873, '144.77', '162.60', 'A'),
(630, 315, 'place', 1524599882, '39.16', '197.75', 'Q'),
(631, 316, 'load', 1524599886, '54.74', '294.39', '1'),
(632, 316, 'place', 1524599888, '39.16', '197.75', 'Q'),
(633, 317, 'preload', 1524599992, NULL, NULL, NULL),
(634, 317, 'place', 1524600018, '345.34', '232.83', '5'),
(635, 318, 'load', 1524600023, '225.11', '205.02', 'S'),
(636, 318, 'place', 1524600029, '191.47', '215.11', '3'),
(637, 319, 'load', 1524600034, '144.77', '162.60', 'A'),
(638, 319, 'place', 1524600037, '39.16', '197.75', 'Q'),
(639, 320, 'load', 1524600040, '144.77', '162.60', 'A'),
(640, 320, 'place', 1524600043, '39.16', '197.75', 'Q'),
(641, 321, 'load', 1524600046, '144.77', '162.60', 'A'),
(642, 321, 'place', 1524600048, '39.16', '197.75', 'Q'),
(643, 322, 'load', 1524600053, '144.77', '162.60', 'A'),
(644, 322, 'place', 1524600056, '39.16', '197.75', 'Q'),
(645, 323, 'load', 1524600059, '144.77', '162.60', 'A'),
(646, 323, 'place', 1524600062, '39.16', '197.75', 'Q'),
(647, 324, 'load', 1524600065, '144.77', '162.60', 'A'),
(648, 324, 'place', 1524600067, '39.16', '197.75', 'Q'),
(649, 325, 'load', 1524600070, '144.77', '162.60', 'A'),
(650, 325, 'place', 1524600073, '39.16', '197.75', 'Q'),
(651, 326, 'load', 1524600075, '144.77', '162.60', 'A'),
(652, 326, 'place', 1524600078, '39.16', '197.75', 'Q'),
(653, 327, 'load', 1524600080, '144.77', '162.60', 'A'),
(654, 327, 'place', 1524600085, '39.16', '197.75', 'Q'),
(655, 328, 'preload', 1524600067, NULL, NULL, NULL),
(656, 328, 'place', 1524600071, '497.60', '109.10', '8'),
(657, 329, 'load', 1524600076, '544.80', '162.47', 'F'),
(658, 329, 'place', 1524600081, '497.60', '109.10', '8'),
(659, 330, 'load', 1524600088, '544.80', '162.47', 'F'),
(660, 330, 'place', 1524600091, '651.39', '126.97', 'W'),
(661, 331, 'load', 1524600109, '544.80', '162.47', 'F'),
(662, 331, 'place', 1524600155, '651.39', '126.97', 'W'),
(663, 332, 'load', 1524600158, '544.80', '162.47', 'F'),
(664, 332, 'place', 1524600162, '651.39', '126.97', 'W'),
(665, 333, 'load', 1524600164, '544.80', '162.47', 'F'),
(666, 333, 'place', 1524600168, '651.39', '126.97', 'W'),
(667, 334, 'load', 1524600173, '544.80', '162.47', 'F'),
(668, 334, 'place', 1524600177, '651.39', '126.97', 'W'),
(669, 335, 'preload', 1524600257, NULL, NULL, NULL),
(670, 335, 'place', 1524600260, '497.95', '215.16', '7'),
(671, 336, 'load', 1524600265, '544.80', '162.47', 'F'),
(672, 336, 'place', 1524600269, '497.95', '215.16', '7'),
(673, 337, 'load', 1524600275, '544.80', '162.47', 'F'),
(674, 337, 'place', 1524600279, '651.39', '126.97', 'W'),
(675, 338, 'load', 1524600282, '544.80', '162.47', 'F'),
(676, 338, 'place', 1524600286, '651.39', '126.97', 'W'),
(677, 339, 'load', 1524600290, '497.21', '49.04', 'custom'),
(678, 339, 'place', 1524600293, '651.39', '126.97', 'W'),
(679, 340, 'load', 1524600303, '544.80', '162.47', 'F'),
(680, 340, 'place', 1524600306, '651.39', '126.97', 'W'),
(681, 341, 'load', 1524600310, '544.80', '162.47', 'F'),
(682, 341, 'place', 1524600320, '651.39', '126.97', 'W'),
(683, 342, 'load', 1524600322, '544.80', '162.47', 'F'),
(684, 342, 'place', 1524600353, '651.39', '126.97', 'W'),
(685, 343, 'load', 1524600371, '544.80', '162.47', 'F'),
(686, 343, 'place', 1524600375, '651.39', '126.97', 'W'),
(687, 344, 'load', 1524600378, '544.80', '162.47', 'F'),
(688, 344, 'place', 1524600380, '651.39', '126.97', 'W'),
(689, 345, 'load', 1524600385, '544.80', '162.47', 'F'),
(690, 345, 'place', 1524600387, '651.39', '126.97', 'W'),
(691, 346, 'preload', 1524600691, NULL, NULL, NULL),
(692, 346, 'place', 1524600696, '497.60', '109.10', '8'),
(693, 347, 'load', 1524600708, '544.80', '162.47', 'F'),
(694, 347, 'place', 1524600714, '345.34', '232.83', '5'),
(695, 348, 'load', 1524600717, '463.76', '203.29', 'D'),
(696, 348, 'place', 1524600721, '345.34', '232.83', '5'),
(697, 349, 'load', 1524600724, '225.11', '205.02', 'S'),
(698, 349, 'drop', 1524600729, NULL, NULL, NULL),
(699, 350, 'load', 1524600736, '463.76', '203.29', 'D'),
(700, 350, 'place', 1524600745, '191.74', '109.32', '4'),
(701, 351, 'load', 1524600788, '52.83', '30.47', '2'),
(702, 351, 'place', 1524600798, '191.74', '109.32', '4'),
(703, 352, 'load', 1524600810, '544.80', '162.47', 'F'),
(704, 352, 'place', 1524600815, '651.39', '126.97', 'W'),
(705, 353, 'preload', 1524600828, NULL, NULL, NULL),
(706, 353, 'place', 1524600831, '191.47', '215.11', '3'),
(707, 354, 'load', 1524600835, '144.77', '162.60', 'A'),
(708, 354, 'place', 1524600840, '191.47', '215.11', '3'),
(709, 355, 'load', 1524600847, '144.77', '162.60', 'A'),
(710, 355, 'place', 1524600850, '39.16', '197.75', 'Q'),
(711, 356, 'load', 1524600855, '144.77', '162.60', 'A'),
(712, 356, 'place', 1524600858, '39.16', '197.75', 'Q'),
(713, 357, 'load', 1524600860, '144.77', '162.60', 'A'),
(714, 357, 'place', 1524600863, '39.16', '197.75', 'Q'),
(715, 358, 'load', 1524600869, '144.77', '162.60', 'A'),
(716, 358, 'place', 1524600875, '39.16', '197.75', 'Q'),
(717, 359, 'load', 1524600877, '52.83', '30.47', '2'),
(718, 359, 'place', 1524600882, '39.16', '197.75', 'Q'),
(719, 360, 'load', 1524600888, '144.77', '162.60', 'A'),
(720, 360, 'place', 1524600888, '39.16', '197.75', 'Q'),
(721, 361, 'load', 1524600895, '144.77', '162.60', 'A'),
(722, 361, 'place', 1524600909, '191.47', '215.11', '3'),
(723, 362, 'load', 1524600912, '144.77', '162.60', 'A'),
(724, 362, 'place', 1524600919, '39.16', '197.75', 'Q'),
(725, 363, 'load', 1524600922, '144.77', '162.60', 'A'),
(726, 363, 'place', 1524600926, '39.16', '197.75', 'Q'),
(727, 364, 'load', 1524600928, '144.77', '162.60', 'A'),
(728, 364, 'place', 1524600933, '39.16', '197.75', 'Q'),
(729, 365, 'preload', 1524600974, NULL, NULL, NULL),
(730, 365, 'place', 1524600985, '497.60', '109.10', '8'),
(731, 366, 'load', 1524600993, '544.80', '162.47', 'F'),
(732, 366, 'place', 1524600997, '651.39', '126.97', 'W'),
(733, 367, 'load', 1524601004, '544.80', '162.47', 'F'),
(734, 367, 'place', 1524601009, '651.39', '126.97', 'W'),
(735, 368, 'load', 1524601012, '544.80', '162.47', 'F'),
(736, 368, 'place', 1524601021, '651.39', '126.97', 'W'),
(737, 369, 'load', 1524601026, '544.80', '162.47', 'F'),
(738, 369, 'place', 1524601032, '651.39', '126.97', 'W'),
(739, 370, 'load', 1524601035, '544.80', '162.47', 'F'),
(740, 370, 'place', 1524601039, '651.39', '126.97', 'W'),
(741, 371, 'load', 1524601041, '533.71', '245.62', 'custom'),
(742, 371, 'place', 1524601047, '651.39', '126.97', 'W'),
(743, 372, 'load', 1524601051, '641.13', '90.25', 'custom'),
(744, 372, 'place', 1524601057, '651.39', '126.97', 'W'),
(745, 373, 'load', 1524601059, '540.85', '240.87', 'custom'),
(746, 373, 'drop', 1524601079, NULL, NULL, NULL),
(747, 374, 'load', 1524601081, '307.96', '48.16', 'custom'),
(748, 374, 'drop', 1524601092, NULL, NULL, NULL),
(749, 375, 'load', 1524601095, '463.76', '119.60', 'C'),
(750, 375, 'place', 1524601098, '497.60', '109.10', '8'),
(751, 376, 'preload', 1524601337, NULL, NULL, NULL),
(752, 376, 'place', 1524601365, '651.39', '126.97', 'W'),
(753, 377, 'load', 1524601367, '544.80', '162.47', 'F'),
(754, 377, 'place', 1524601374, '651.39', '126.97', 'W'),
(755, 378, 'load', 1524601379, '544.80', '162.47', 'F'),
(756, 378, 'place', 1524601382, '651.39', '126.97', 'W'),
(757, 379, 'load', 1524601385, '544.80', '162.47', 'F'),
(758, 379, 'place', 1524601393, '651.39', '126.97', 'W'),
(759, 380, 'load', 1524601397, '544.80', '162.47', 'F'),
(760, 380, 'place', 1524601412, '651.39', '126.97', 'W'),
(761, 381, 'load', 1524601418, '544.80', '162.47', 'F'),
(762, 381, 'place', 1524601423, '651.39', '126.97', 'W'),
(763, 382, 'load', 1524601427, '544.80', '162.47', 'F'),
(764, 382, 'place', 1524601430, '651.39', '126.97', 'W'),
(765, 383, 'load', 1524601435, '544.80', '162.47', 'F'),
(766, 383, 'place', 1524601438, '651.39', '126.97', 'W'),
(767, 384, 'load', 1524601441, '544.80', '162.47', 'F'),
(768, 384, 'place', 1524601445, '651.39', '126.97', 'W'),
(769, 385, 'load', 1524601475, '530.29', '241.53', 'custom'),
(770, 385, 'place', 1524601486, '651.39', '126.97', 'W'),
(771, 386, 'preload', 1524601674, NULL, NULL, NULL),
(772, 386, 'place', 1524601708, '651.39', '126.97', 'W'),
(773, 387, 'load', 1524601710, '544.80', '162.47', 'F'),
(774, 387, 'place', 1524601714, '651.39', '126.97', 'W'),
(775, 388, 'load', 1524601717, '544.80', '162.47', 'F'),
(776, 388, 'place', 1524601719, '651.39', '126.97', 'W'),
(777, 389, 'load', 1524601721, '544.80', '162.47', 'F'),
(778, 389, 'place', 1524601731, '651.39', '126.97', 'W'),
(779, 390, 'load', 1524601733, '544.80', '162.47', 'F'),
(780, 390, 'place', 1524601744, '651.39', '126.97', 'W'),
(781, 391, 'load', 1524601747, '544.80', '162.47', 'F'),
(782, 391, 'place', 1524601755, '651.39', '126.97', 'W'),
(783, 392, 'load', 1524601758, '544.80', '162.47', 'F'),
(784, 392, 'place', 1524601761, '651.39', '126.97', 'W'),
(785, 393, 'load', 1524601764, '544.80', '162.47', 'F'),
(786, 393, 'place', 1524601783, '651.39', '126.97', 'W'),
(787, 394, 'load', 1524601788, '544.80', '162.47', 'F'),
(788, 394, 'place', 1524601798, '497.95', '215.16', '7'),
(789, 395, 'load', 1524601881, '191.85', '240.21', 'custom'),
(790, 395, 'place', 1524601885, '191.47', '215.11', '3'),
(791, 396, 'load', 1524601892, '144.77', '162.60', 'A'),
(792, 396, 'place', 1524601896, '39.16', '197.75', 'Q'),
(793, 397, 'load', 1524601900, '144.77', '162.60', 'A'),
(794, 397, 'place', 1524601905, '39.16', '197.75', 'Q'),
(795, 398, 'load', 1524601909, '144.77', '162.60', 'A'),
(796, 398, 'place', 1524601913, '39.16', '197.75', 'Q'),
(797, 399, 'load', 1524601916, '144.77', '162.60', 'A'),
(798, 399, 'place', 1524601919, '39.16', '197.75', 'Q'),
(799, 400, 'load', 1524601922, '144.77', '162.60', 'A'),
(800, 400, 'place', 1524601931, '39.16', '197.75', 'Q'),
(801, 401, 'load', 1524601933, '144.77', '162.60', 'A'),
(802, 401, 'place', 1524601938, '39.16', '197.75', 'Q'),
(803, 402, 'load', 1524601941, '144.77', '162.60', 'A'),
(804, 402, 'place', 1524601944, '39.16', '197.75', 'Q'),
(805, 403, 'load', 1524601948, '144.77', '162.60', 'A'),
(806, 403, 'place', 1524601953, '39.16', '197.75', 'Q'),
(807, 404, 'load', 1524601959, '144.77', '162.60', 'A'),
(808, 404, 'place', 1524601963, '39.16', '197.75', 'Q'),
(809, 405, 'preload', 1524602105, NULL, NULL, NULL),
(810, 405, 'place', 1524602114, '345.49', '90.90', '6'),
(811, 406, 'load', 1524602129, '544.80', '162.47', 'F'),
(812, 406, 'place', 1524602134, '651.39', '126.97', 'W'),
(813, 407, 'load', 1524602136, '544.80', '162.47', 'F'),
(814, 407, 'place', 1524602142, '651.39', '126.97', 'W'),
(815, 408, 'load', 1524602145, '544.80', '162.47', 'F'),
(816, 408, 'place', 1524602152, '651.39', '126.97', 'W'),
(817, 409, 'load', 1524602155, '544.80', '162.47', 'F'),
(818, 409, 'place', 1524602161, '651.39', '126.97', 'W'),
(819, 410, 'load', 1524602164, '544.80', '162.47', 'F'),
(820, 410, 'place', 1524602169, '651.39', '126.97', 'W'),
(821, 411, 'load', 1524602173, '544.80', '162.47', 'F'),
(822, 411, 'place', 1524602178, '651.39', '126.97', 'W'),
(823, 412, 'load', 1524602182, '544.80', '162.47', 'F'),
(824, 412, 'place', 1524602184, '651.39', '126.97', 'W'),
(825, 413, 'load', 1524602187, '544.80', '162.47', 'F'),
(826, 413, 'place', 1524602193, '651.39', '126.97', 'W'),
(827, 414, 'load', 1524602197, '544.80', '162.47', 'F'),
(828, 414, 'place', 1524602203, '651.39', '126.97', 'W'),
(829, 415, 'load', 1524602208, '544.80', '162.47', 'F'),
(830, 415, 'place', 1524602221, '191.47', '215.11', '3'),
(831, 416, 'preload', 1524602336, NULL, NULL, NULL),
(832, 416, 'place', 1524602341, '497.60', '109.10', '8'),
(833, 417, 'load', 1524602360, '225.11', '205.02', 'S'),
(834, 417, 'place', 1524602375, '191.74', '109.32', '4'),
(835, 418, 'load', 1524602387, '52.83', '30.47', '2'),
(836, 418, 'place', 1524602395, '191.74', '109.32', '4'),
(837, 419, 'load', 1524602401, '225.11', '205.02', 'S'),
(838, 419, 'place', 1524602409, '191.74', '109.32', '4'),
(839, 420, 'load', 1524602425, '54.74', '294.39', '1'),
(840, 420, 'place', 1524602447, '345.34', '232.83', '5'),
(841, 421, 'load', 1524602453, '54.74', '294.39', '1'),
(842, 421, 'place', 1524602461, '345.34', '232.83', '5'),
(843, 422, 'preload', 1524602514, NULL, NULL, NULL),
(844, 422, 'place', 1524602519, '191.74', '109.32', '4'),
(845, 423, 'load', 1524602547, '463.76', '203.29', 'D'),
(846, 423, 'place', 1524602559, '497.60', '109.10', '8'),
(847, 424, 'load', 1524602561, '463.76', '119.60', 'C'),
(848, 424, 'place', 1524602563, '497.60', '109.10', '8'),
(849, 425, 'load', 1524602566, '463.76', '119.60', 'C'),
(850, 425, 'place', 1524602567, '497.60', '109.10', '8'),
(851, 426, 'load', 1524602572, '463.76', '203.29', 'D'),
(852, 426, 'place', 1524602585, '345.34', '232.83', '5'),
(853, 427, 'load', 1524602609, '633.46', '29.15', '0'),
(854, 427, 'place', 1524602625, '345.34', '232.83', '5'),
(855, 428, 'preload', 1524602713, NULL, NULL, NULL),
(856, 428, 'place', 1524602720, '497.95', '215.16', '7'),
(857, 429, 'load', 1524602750, '225.10', '120.26', 'X'),
(858, 429, 'drop', 1524602758, NULL, NULL, NULL),
(859, 430, 'load', 1524602762, '225.11', '205.02', 'S'),
(860, 430, 'place', 1524602766, '191.47', '215.11', '3'),
(861, 431, 'load', 1524602767, '225.11', '205.02', 'S'),
(862, 431, 'place', 1524602774, '191.47', '215.11', '3'),
(863, 432, 'load', 1524602777, '332.37', '193.51', 'custom'),
(864, 432, 'place', 1524602784, '191.47', '215.11', '3'),
(865, 433, 'load', 1524602791, '54.74', '294.39', '1'),
(866, 433, 'place', 1524602796, '191.47', '215.11', '3'),
(867, 434, 'load', 1524602800, '54.74', '294.39', '1'),
(868, 434, 'place', 1524602820, '345.49', '90.90', '6'),
(869, 435, 'load', 1524602831, '544.80', '162.47', 'F'),
(870, 435, 'place', 1524602836, '651.39', '126.97', 'W'),
(871, 436, 'preload', 1524602886, NULL, NULL, NULL),
(872, 436, 'place', 1524602890, '191.74', '109.32', '4'),
(873, 437, 'load', 1524602908, '144.77', '162.60', 'A'),
(874, 437, 'place', 1524602912, '39.16', '197.75', 'Q'),
(875, 438, 'load', 1524602914, '144.77', '162.60', 'A'),
(876, 438, 'place', 1524602920, '39.16', '197.75', 'Q'),
(877, 439, 'load', 1524602923, '144.77', '162.60', 'A'),
(878, 439, 'place', 1524602926, '39.16', '197.75', 'Q'),
(879, 440, 'load', 1524602929, '144.77', '162.60', 'A'),
(880, 440, 'place', 1524602931, '39.16', '197.75', 'Q'),
(881, 441, 'load', 1524602935, '144.77', '162.60', 'A'),
(882, 441, 'place', 1524602939, '191.74', '109.32', '4'),
(883, 442, 'load', 1524602942, '144.77', '162.60', 'A'),
(884, 442, 'place', 1524602945, '39.16', '197.75', 'Q'),
(885, 443, 'load', 1524602948, '144.77', '162.60', 'A'),
(886, 443, 'place', 1524602952, '39.16', '197.75', 'Q'),
(887, 444, 'load', 1524602955, '144.77', '162.60', 'A'),
(888, 444, 'place', 1524602958, '39.16', '197.75', 'Q'),
(889, 445, 'load', 1524602960, '144.77', '162.60', 'A'),
(890, 445, 'place', 1524602964, '39.16', '197.75', 'Q'),
(891, 446, 'load', 1524602968, '144.77', '162.60', 'A'),
(892, 446, 'place', 1524602971, '39.16', '197.75', 'Q'),
(893, 447, 'preload', 1524603056, NULL, NULL, NULL),
(894, 447, 'place', 1524603066, '191.47', '215.11', '3'),
(895, 448, 'load', 1524603076, '144.77', '162.60', 'A'),
(896, 448, 'place', 1524603083, '39.16', '197.75', 'Q'),
(897, 449, 'load', 1524603086, '144.77', '162.60', 'A'),
(898, 449, 'place', 1524603100, '39.16', '197.75', 'Q'),
(899, 450, 'load', 1524603104, '144.77', '162.60', 'A'),
(900, 450, 'place', 1524603107, '39.16', '197.75', 'Q'),
(901, 451, 'load', 1524603114, '144.77', '162.60', 'A'),
(902, 451, 'place', 1524603119, '39.16', '197.75', 'Q'),
(903, 452, 'load', 1524603123, '144.77', '162.60', 'A'),
(904, 452, 'place', 1524603127, '39.16', '197.75', 'Q'),
(905, 453, 'load', 1524603131, '144.77', '162.60', 'A'),
(906, 453, 'place', 1524603137, '39.16', '197.75', 'Q'),
(907, 454, 'load', 1524603141, '144.77', '162.60', 'A'),
(908, 454, 'place', 1524603145, '191.47', '215.11', '3'),
(909, 455, 'load', 1524603147, '144.77', '162.60', 'A'),
(910, 455, 'place', 1524603150, '39.16', '197.75', 'Q'),
(911, 456, 'load', 1524603153, '144.77', '162.60', 'A'),
(912, 456, 'place', 1524603156, '39.16', '197.75', 'Q'),
(913, 457, 'load', 1524603159, '144.77', '162.60', 'A'),
(914, 457, 'place', 1524603162, '39.16', '197.75', 'Q'),
(915, 458, 'preload', 1524603389, NULL, NULL, NULL),
(916, 458, 'place', 1524603400, '497.95', '215.16', '7'),
(917, 459, 'load', 1524603416, '225.11', '205.02', 'S'),
(918, 459, 'place', 1524603429, '191.47', '215.11', '3'),
(919, 460, 'load', 1524603432, '225.11', '205.02', 'S'),
(920, 460, 'place', 1524603436, '191.47', '215.11', '3'),
(921, 461, 'load', 1524603442, '225.10', '120.26', 'X'),
(922, 461, 'place', 1524603463, '345.34', '232.83', '5'),
(923, 462, 'load', 1524603469, '54.74', '294.39', '1'),
(924, 462, 'place', 1524603481, '345.34', '232.83', '5'),
(925, 463, 'load', 1524603488, '298.07', '217.19', 'custom'),
(926, 463, 'place', 1524603501, '345.34', '232.83', '5'),
(927, 464, 'preload', 1524603929, NULL, NULL, NULL),
(928, 464, 'place', 1524603941, '191.47', '215.11', '3'),
(929, 465, 'load', 1524603962, '463.76', '119.60', 'C'),
(930, 465, 'place', 1524603977, '497.95', '215.16', '7'),
(931, 466, 'load', 1524603983, '463.76', '119.60', 'C'),
(932, 466, 'place', 1524603987, '497.95', '215.16', '7'),
(933, 467, 'load', 1524604007, '636.30', '293.26', '9'),
(934, 467, 'place', 1524604010, '497.95', '215.16', '7'),
(935, 468, 'load', 1524604019, '636.30', '293.26', '9'),
(936, 468, 'place', 1524604026, '497.95', '215.16', '7'),
(937, 469, 'load', 1524604031, '453.10', '256.00', 'custom'),
(938, 469, 'place', 1524604035, '497.95', '215.16', '7'),
(939, 470, 'load', 1524604044, '636.30', '293.26', '9'),
(940, 470, 'place', 1524604051, '497.95', '215.16', '7'),
(941, 471, 'preload', 1524604227, NULL, NULL, NULL),
(942, 471, 'place', 1524604238, '497.60', '109.10', '8'),
(943, 472, 'load', 1524604265, '52.83', '30.47', '2'),
(944, 472, 'place', 1524604278, '191.74', '109.32', '4'),
(945, 473, 'load', 1524604284, '204.38', '77.76', 'custom'),
(946, 473, 'drop', 1524604291, NULL, NULL, NULL),
(947, 474, 'load', 1524604295, '52.83', '30.47', '2'),
(948, 474, 'drop', 1524604303, NULL, NULL, NULL),
(949, 475, 'load', 1524604307, '218.24', '72.50', 'custom'),
(950, 475, 'place', 1524604316, '191.74', '109.32', '4'),
(951, 476, 'load', 1524604320, '52.83', '30.47', '2'),
(952, 476, 'place', 1524604331, '191.74', '109.32', '4'),
(953, 477, 'preload', 1524604423, NULL, NULL, NULL),
(954, 477, 'place', 1524604445, '651.39', '126.97', 'W'),
(955, 478, 'load', 1524604448, '544.80', '162.47', 'F'),
(956, 478, 'place', 1524604454, '651.39', '126.97', 'W'),
(957, 479, 'load', 1524604458, '544.80', '162.47', 'F'),
(958, 479, 'place', 1524604464, '651.39', '126.97', 'W'),
(959, 480, 'load', 1524604468, '544.80', '162.47', 'F'),
(960, 480, 'place', 1524604474, '497.95', '215.16', '7'),
(961, 481, 'load', 1524604477, '544.80', '162.47', 'F'),
(962, 481, 'drop', 1524604502, NULL, NULL, NULL),
(963, 482, 'load', 1524604510, '544.80', '162.47', 'F'),
(964, 482, 'place', 1524604541, '191.47', '215.11', '3'),
(965, 483, 'load', 1524604552, '225.10', '120.26', 'X'),
(966, 483, 'place', 1524604554, '191.47', '215.11', '3'),
(967, 484, 'load', 1524604561, '158.86', '77.76', 'custom'),
(968, 484, 'drop', 1524604570, NULL, NULL, NULL),
(969, 485, 'preload', 1524604821, NULL, NULL, NULL),
(970, 485, 'place', 1524604830, '497.60', '109.10', '8'),
(971, 486, 'load', 1524604847, '225.10', '120.26', 'X'),
(972, 486, 'place', 1524604856, '191.74', '109.32', '4'),
(973, 487, 'load', 1524604861, '225.10', '120.26', 'X'),
(974, 487, 'place', 1524604866, '191.74', '109.32', '4'),
(975, 488, 'load', 1524604871, '225.11', '205.02', 'S'),
(976, 488, 'place', 1524604876, '191.74', '109.32', '4'),
(977, 489, 'load', 1524604881, '225.11', '205.02', 'S'),
(978, 489, 'place', 1524604889, '191.74', '109.32', '4'),
(979, 490, 'load', 1524604896, '225.10', '120.26', 'X'),
(980, 490, 'place', 1524604899, '191.74', '109.32', '4'),
(981, 491, 'load', 1524604914, '544.80', '162.47', 'F'),
(982, 491, 'place', 1524604942, '497.60', '109.10', '8'),
(983, 492, 'preload', 1524606466, NULL, NULL, NULL),
(984, 492, 'place', 1524606473, '191.74', '109.32', '4'),
(985, 493, 'load', 1524606484, '144.77', '162.60', 'A'),
(986, 493, 'place', 1524606492, '345.34', '232.83', '5'),
(987, 494, 'load', 1524606496, '463.76', '203.29', 'D'),
(988, 494, 'place', 1524606501, '345.34', '232.83', '5'),
(989, 495, 'load', 1524606505, '463.76', '203.29', 'D'),
(990, 495, 'place', 1524606519, '345.34', '232.83', '5'),
(991, 496, 'load', 1524606523, '236.71', '305.98', 'custom'),
(992, 496, 'place', 1524606533, '345.34', '232.83', '5'),
(993, 497, 'load', 1524606537, '463.76', '119.60', 'C'),
(994, 497, 'drop', 1524606552, NULL, NULL, NULL),
(995, 498, 'load', 1524606554, '345.57', '258.63', 'custom'),
(996, 498, 'place', 1524606560, '345.34', '232.83', '5'),
(997, 499, 'load', 1524606564, '502.59', '273.76', 'custom'),
(998, 499, 'place', 1524606572, '345.34', '232.83', '5'),
(999, 500, 'preload', 1524607127, NULL, NULL, NULL),
(1000, 500, 'place', 1524607132, '191.74', '109.32', '4'),
(1001, 501, 'load', 1524607143, '144.77', '162.60', 'A'),
(1002, 501, 'place', 1524607154, '345.34', '232.83', '5'),
(1003, 502, 'load', 1524607157, '225.11', '205.02', 'S'),
(1004, 502, 'place', 1524607160, '345.34', '232.83', '5'),
(1005, 503, 'load', 1524607165, '225.11', '205.02', 'S'),
(1006, 503, 'place', 1524607177, '345.34', '232.83', '5'),
(1007, 504, 'load', 1524607184, '225.10', '120.26', 'X'),
(1008, 504, 'drop', 1524607197, NULL, NULL, NULL),
(1009, 505, 'load', 1524607200, '302.68', '244.82', 'custom'),
(1010, 505, 'place', 1524607208, '345.34', '232.83', '5'),
(1011, 506, 'load', 1524607211, '315.88', '232.98', 'custom'),
(1012, 506, 'place', 1524607226, '345.34', '232.83', '5'),
(1013, 507, 'load', 1524607234, '384.49', '302.04', 'custom'),
(1014, 507, 'place', 1524607240, '345.34', '232.83', '5'),
(1015, 508, 'load', 1524607248, '225.10', '120.26', 'X'),
(1016, 508, 'drop', 1524607254, NULL, NULL, NULL),
(1017, 509, 'preload', 1524607346, NULL, NULL, NULL),
(1018, 509, 'place', 1524607353, '497.60', '109.10', '8'),
(1019, 510, 'load', 1524607364, '544.80', '162.47', 'F'),
(1020, 510, 'place', 1524607370, '345.34', '232.83', '5'),
(1021, 511, 'load', 1524607374, '463.76', '203.29', 'D'),
(1022, 511, 'place', 1524607379, '345.34', '232.83', '5'),
(1023, 512, 'load', 1524607383, '463.76', '203.29', 'D'),
(1024, 512, 'place', 1524607388, '345.34', '232.83', '5'),
(1025, 513, 'load', 1524607391, '463.76', '203.29', 'D'),
(1026, 513, 'place', 1524607402, '497.60', '109.10', '8'),
(1027, 514, 'load', 1524607411, '623.22', '169.28', 'custom'),
(1028, 514, 'place', 1524607421, '345.34', '232.83', '5'),
(1029, 515, 'load', 1524607427, '297.41', '257.31', 'custom'),
(1030, 515, 'place', 1524607436, '345.34', '232.83', '5'),
(1031, 516, 'load', 1524607443, '225.11', '205.02', 'S'),
(1032, 516, 'place', 1524607456, '497.60', '109.10', '8'),
(1033, 517, 'load', 1524607459, '463.76', '119.60', 'C'),
(1034, 517, 'place', 1524607462, '497.60', '109.10', '8'),
(1035, 518, 'preload', 1524607532, NULL, NULL, NULL),
(1036, 518, 'place', 1524607540, '497.95', '215.16', '7'),
(1037, 519, 'load', 1524607550, '544.80', '162.47', 'F'),
(1038, 519, 'place', 1524607555, '497.95', '215.16', '7'),
(1039, 520, 'load', 1524607558, '505.88', '317.16', 'custom'),
(1040, 520, 'place', 1524607565, '345.49', '90.90', '6'),
(1041, 521, 'load', 1524607568, '463.76', '119.60', 'C'),
(1042, 521, 'place', 1524607573, '345.49', '90.90', '6'),
(1043, 522, 'load', 1524607575, '463.76', '119.60', 'C'),
(1044, 522, 'place', 1524607580, '345.49', '90.90', '6'),
(1045, 523, 'load', 1524607584, '463.76', '119.60', 'C'),
(1046, 523, 'place', 1524607610, '191.47', '215.11', '3'),
(1047, 524, 'load', 1524607621, '210.32', '247.45', 'custom'),
(1048, 524, 'place', 1524607626, '191.47', '215.11', '3'),
(1049, 525, 'load', 1524607627, '196.47', '261.26', 'custom'),
(1050, 525, 'place', 1524607631, '191.47', '215.11', '3'),
(1051, 526, 'load', 1524607633, '95.53', '44.21', 'custom'),
(1052, 526, 'place', 1524607643, '345.49', '90.90', '6'),
(1053, 527, 'preload', 1524607735, NULL, NULL, NULL),
(1054, 527, 'place', 1524607744, '345.49', '90.90', '6'),
(1055, 528, 'load', 1524607757, '225.10', '120.26', 'X'),
(1056, 528, 'place', 1524607765, '191.74', '109.32', '4'),
(1057, 529, 'load', 1524607767, '225.11', '205.02', 'S'),
(1058, 529, 'place', 1524607772, '345.49', '90.90', '6'),
(1059, 530, 'load', 1524607777, '225.11', '205.02', 'S'),
(1060, 530, 'place', 1524607780, '191.74', '109.32', '4');
INSERT INTO `cycleactions` (`id`, `cycleID`, `actionType`, `actionTime`, `actionLocationX`, `actionLocationY`, `actionLocationName`) VALUES
(1061, 531, 'load', 1524607787, '463.76', '119.60', 'C'),
(1062, 531, 'place', 1524607792, '345.49', '90.90', '6'),
(1063, 532, 'load', 1524607798, '463.76', '119.60', 'C'),
(1064, 532, 'place', 1524607804, '345.49', '90.90', '6'),
(1065, 533, 'load', 1524607810, '463.76', '203.29', 'D'),
(1066, 533, 'place', 1524607816, '191.74', '109.32', '4'),
(1067, 534, 'load', 1524607827, '544.80', '162.47', 'F'),
(1068, 534, 'place', 1524607835, '651.39', '126.97', 'W'),
(1069, 535, 'load', 1524607839, '544.80', '162.47', 'F'),
(1070, 535, 'place', 1524607843, '651.39', '126.97', 'W'),
(1071, 536, 'load', 1524607846, '544.80', '162.47', 'F'),
(1072, 536, 'place', 1524607850, '651.39', '126.97', 'W'),
(1073, 537, 'preload', 1524608477, NULL, NULL, NULL),
(1074, 537, 'place', 1524608487, '191.47', '215.11', '3'),
(1075, 538, 'load', 1524608502, '144.77', '162.60', 'A'),
(1076, 538, 'place', 1524608507, '39.16', '197.75', 'Q'),
(1077, 539, 'load', 1524608511, '144.77', '162.60', 'A'),
(1078, 539, 'place', 1524608517, '39.16', '197.75', 'Q'),
(1079, 540, 'load', 1524608520, '144.77', '162.60', 'A'),
(1080, 540, 'place', 1524608529, '39.16', '197.75', 'Q'),
(1081, 541, 'load', 1524608534, '144.77', '162.60', 'A'),
(1082, 541, 'place', 1524608538, '191.47', '215.11', '3'),
(1083, 542, 'load', 1524608541, '144.77', '162.60', 'A'),
(1084, 542, 'place', 1524608549, '191.47', '215.11', '3'),
(1085, 543, 'load', 1524608551, '144.77', '162.60', 'A'),
(1086, 543, 'place', 1524608553, '191.47', '215.11', '3'),
(1087, 544, 'load', 1524608558, '144.77', '162.60', 'A'),
(1088, 544, 'place', 1524608564, '191.47', '215.11', '3'),
(1089, 545, 'load', 1524608567, '144.77', '162.60', 'A'),
(1090, 545, 'place', 1524608574, '191.47', '215.11', '3'),
(1091, 546, 'preload', 1524608675, NULL, NULL, NULL),
(1092, 546, 'place', 1524608684, '497.60', '109.10', '8'),
(1093, 547, 'load', 1524608706, '54.74', '294.39', '1'),
(1094, 547, 'place', 1524608722, '191.74', '109.32', '4'),
(1095, 548, 'load', 1524608726, '52.83', '30.47', '2'),
(1096, 548, 'place', 1524608734, '191.74', '109.32', '4'),
(1097, 549, 'load', 1524608740, '194.49', '71.84', 'custom'),
(1098, 549, 'place', 1524608745, '191.74', '109.32', '4'),
(1099, 550, 'load', 1524608748, '52.83', '30.47', '2'),
(1100, 550, 'place', 1524608755, '191.74', '109.32', '4'),
(1101, 551, 'load', 1524608758, '52.83', '30.47', '2'),
(1102, 551, 'place', 1524608764, '191.74', '109.32', '4'),
(1103, 552, 'load', 1524608769, '52.83', '30.47', '2'),
(1104, 552, 'place', 1524608777, '191.74', '109.32', '4'),
(1105, 553, 'preload', 1524608861, NULL, NULL, NULL),
(1106, 553, 'place', 1524608869, '191.47', '215.11', '3'),
(1107, 554, 'load', 1524608884, '144.77', '162.60', 'A'),
(1108, 554, 'place', 1524608887, '191.47', '215.11', '3'),
(1109, 555, 'load', 1524608891, '54.74', '294.39', '1'),
(1110, 555, 'place', 1524608906, '191.47', '215.11', '3'),
(1111, 556, 'load', 1524608912, '144.77', '162.60', 'A'),
(1112, 556, 'place', 1524608919, '39.16', '197.75', 'Q'),
(1113, 557, 'load', 1524608920, '144.77', '162.60', 'A'),
(1114, 557, 'place', 1524608924, '191.47', '215.11', '3'),
(1115, 558, 'load', 1524608928, '144.77', '162.60', 'A'),
(1116, 558, 'place', 1524608932, '39.16', '197.75', 'Q'),
(1117, 559, 'load', 1524608939, '144.77', '162.60', 'A'),
(1118, 559, 'place', 1524608945, '191.47', '215.11', '3'),
(1119, 560, 'load', 1524608948, '144.77', '162.60', 'A'),
(1120, 560, 'place', 1524608952, '39.16', '197.75', 'Q'),
(1121, 561, 'load', 1524608956, '144.77', '162.60', 'A'),
(1122, 561, 'place', 1524608962, '191.47', '215.11', '3'),
(1123, 562, 'load', 1524608964, '144.77', '162.60', 'A'),
(1124, 562, 'drop', 1524608987, NULL, NULL, NULL),
(1125, 563, 'preload', 1524609038, NULL, NULL, NULL),
(1126, 563, 'drop', 1524609050, NULL, NULL, NULL),
(1127, 564, 'load', 1524609069, '636.30', '293.26', '9'),
(1128, 564, 'place', 1524609076, '497.95', '215.16', '7'),
(1129, 565, 'load', 1524609080, '636.30', '293.26', '9'),
(1130, 565, 'place', 1524609084, '497.95', '215.16', '7'),
(1131, 566, 'load', 1524609088, '636.30', '293.26', '9'),
(1132, 566, 'place', 1524609102, '497.95', '215.16', '7'),
(1133, 567, 'load', 1524609118, '633.46', '29.15', '0'),
(1134, 567, 'place', 1524609132, '497.95', '215.16', '7'),
(1135, 568, 'load', 1524609136, '636.30', '293.26', '9'),
(1136, 568, 'place', 1524609140, '497.95', '215.16', '7'),
(1137, 569, 'load', 1524609148, '636.30', '293.26', '9'),
(1138, 569, 'drop', 1524609157, NULL, NULL, NULL),
(1139, 570, 'preload', 1524609230, NULL, NULL, NULL),
(1140, 570, 'place', 1524609239, '497.60', '109.10', '8'),
(1141, 571, 'load', 1524609254, '544.80', '162.47', 'F'),
(1142, 571, 'place', 1524609259, '651.39', '126.97', 'W'),
(1143, 572, 'load', 1524609263, '544.80', '162.47', 'F'),
(1144, 572, 'place', 1524609272, '651.39', '126.97', 'W'),
(1145, 573, 'load', 1524609276, '544.80', '162.47', 'F'),
(1146, 573, 'place', 1524609282, '651.39', '126.97', 'W'),
(1147, 574, 'load', 1524609286, '544.80', '162.47', 'F'),
(1148, 574, 'place', 1524609291, '651.39', '126.97', 'W'),
(1149, 575, 'load', 1524609295, '544.80', '162.47', 'F'),
(1150, 575, 'place', 1524609303, '497.60', '109.10', '8'),
(1151, 576, 'load', 1524609306, '544.80', '162.47', 'F'),
(1152, 576, 'place', 1524609311, '651.39', '126.97', 'W'),
(1153, 577, 'load', 1524609314, '544.80', '162.47', 'F'),
(1154, 577, 'place', 1524609318, '497.60', '109.10', '8'),
(1155, 578, 'load', 1524609322, '544.80', '162.47', 'F'),
(1156, 578, 'place', 1524609326, '497.60', '109.10', '8'),
(1157, 579, 'load', 1524609329, '544.80', '162.47', 'F'),
(1158, 579, 'place', 1524609336, '497.60', '109.10', '8'),
(1159, 580, 'load', 1524609339, '633.46', '29.15', '0'),
(1160, 580, 'drop', 1524609348, NULL, NULL, NULL),
(1161, 581, 'preload', 1524609435, NULL, NULL, NULL),
(1162, 581, 'place', 1524609447, '497.60', '109.10', '8'),
(1163, 582, 'load', 1524609461, '544.80', '162.47', 'F'),
(1164, 582, 'place', 1524609465, '651.39', '126.97', 'W'),
(1165, 583, 'load', 1524609470, '544.80', '162.47', 'F'),
(1166, 583, 'place', 1524609478, '651.39', '126.97', 'W'),
(1167, 584, 'load', 1524609480, '544.80', '162.47', 'F'),
(1168, 584, 'place', 1524609484, '651.39', '126.97', 'W'),
(1169, 585, 'load', 1524609488, '544.80', '162.47', 'F'),
(1170, 585, 'place', 1524609492, '651.39', '126.97', 'W'),
(1171, 586, 'load', 1524609497, '544.80', '162.47', 'F'),
(1172, 586, 'place', 1524609501, '651.39', '126.97', 'W'),
(1173, 587, 'load', 1524609505, '544.80', '162.47', 'F'),
(1174, 587, 'place', 1524609511, '651.39', '126.97', 'W'),
(1175, 588, 'load', 1524609513, '544.80', '162.47', 'F'),
(1176, 588, 'place', 1524609521, '651.39', '126.97', 'W'),
(1177, 589, 'load', 1524609523, '544.80', '162.47', 'F'),
(1178, 589, 'place', 1524609529, '651.39', '126.97', 'W'),
(1179, 590, 'load', 1524609532, '532.93', '79.73', 'custom'),
(1180, 590, 'drop', 1524609551, NULL, NULL, NULL),
(1181, 591, 'load', 1524609562, '399.01', '225.74', 'custom'),
(1182, 591, 'place', 1524609572, '191.74', '109.32', '4'),
(1183, 592, 'load', 1524609574, '258.63', '169.28', 'custom'),
(1184, 592, 'place', 1524609582, '191.74', '109.32', '4'),
(1185, 593, 'preload', 1524609769, NULL, NULL, NULL),
(1186, 593, 'place', 1524609777, '191.47', '215.11', '3'),
(1187, 594, 'load', 1524609809, '225.10', '120.26', 'X'),
(1188, 594, 'place', 1524609818, '345.49', '90.90', '6'),
(1189, 595, 'load', 1524609826, '463.76', '119.60', 'C'),
(1190, 595, 'drop', 1524609843, NULL, NULL, NULL),
(1191, 596, 'load', 1524609848, '463.76', '119.60', 'C'),
(1192, 596, 'place', 1524609855, '497.95', '215.16', '7'),
(1193, 597, 'load', 1524609868, '207.68', '20.54', 'custom'),
(1194, 597, 'place', 1524609889, '497.95', '215.16', '7'),
(1195, 598, 'preload', 1524610590, NULL, NULL, NULL),
(1196, 598, 'place', 1524610614, '345.34', '232.83', '5'),
(1197, 599, 'preload', 1524610900, NULL, NULL, NULL),
(1198, 599, 'place', 1524610930, '39.16', '197.75', 'Q'),
(1199, 600, 'load', 1524610933, '144.77', '162.60', 'A'),
(1200, 600, 'place', 1524610939, '39.16', '197.75', 'Q'),
(1201, 601, 'load', 1524610943, '144.77', '162.60', 'A'),
(1202, 601, 'place', 1524610949, '39.16', '197.75', 'Q'),
(1203, 602, 'load', 1524610953, '144.77', '162.60', 'A'),
(1204, 602, 'place', 1524610957, '39.16', '197.75', 'Q'),
(1205, 603, 'load', 1524610961, '144.77', '162.60', 'A'),
(1206, 603, 'place', 1524610965, '39.16', '197.75', 'Q'),
(1207, 604, 'load', 1524610970, '144.77', '162.60', 'A'),
(1208, 604, 'place', 1524610978, '39.16', '197.75', 'Q'),
(1209, 605, 'load', 1524610981, '144.77', '162.60', 'A'),
(1210, 605, 'place', 1524610989, '39.16', '197.75', 'Q'),
(1211, 606, 'load', 1524610994, '144.77', '162.60', 'A'),
(1212, 606, 'place', 1524610999, '39.16', '197.75', 'Q'),
(1213, 607, 'load', 1524611003, '144.77', '162.60', 'A'),
(1214, 607, 'place', 1524611007, '191.74', '109.32', '4'),
(1215, 608, 'preload', 1524611981, NULL, NULL, NULL),
(1216, 608, 'place', 1524611989, '191.74', '109.32', '4'),
(1217, 609, 'load', 1524612004, '197.89', '76.57', 'custom'),
(1218, 609, 'place', 1524612009, '191.74', '109.32', '4'),
(1219, 610, 'load', 1524612012, '225.10', '120.26', 'X'),
(1220, 610, 'place', 1524612030, '345.49', '90.90', '6'),
(1221, 611, 'load', 1524612034, '225.10', '120.26', 'X'),
(1222, 611, 'place', 1524612045, '39.16', '197.75', 'Q'),
(1223, 612, 'load', 1524612048, '144.77', '162.60', 'A'),
(1224, 612, 'place', 1524612055, '39.16', '197.75', 'Q'),
(1225, 613, 'load', 1524612058, '144.77', '162.60', 'A'),
(1226, 613, 'place', 1524612067, '39.16', '197.75', 'Q'),
(1227, 614, 'load', 1524612072, '144.77', '162.60', 'A'),
(1228, 614, 'place', 1524612087, '345.49', '90.90', '6'),
(1229, 615, 'load', 1524612091, '225.10', '120.26', 'X'),
(1230, 615, 'place', 1524612096, '191.74', '109.32', '4'),
(1231, 616, 'load', 1524612098, '225.10', '120.26', 'X'),
(1232, 616, 'place', 1524612102, '191.74', '109.32', '4'),
(1233, 617, 'preload', 1524612533, NULL, NULL, NULL),
(1234, 617, 'place', 1524612539, '345.34', '232.83', '5'),
(1235, 618, 'load', 1524612545, '463.76', '203.29', 'D'),
(1236, 618, 'place', 1524612548, '345.34', '232.83', '5'),
(1237, 619, 'load', 1524612555, '225.11', '205.02', 'S'),
(1238, 619, 'place', 1524612562, '345.34', '232.83', '5'),
(1239, 620, 'load', 1524612593, '544.80', '162.47', 'F'),
(1240, 620, 'place', 1524612596, '651.39', '126.97', 'W'),
(1241, 621, 'load', 1524612598, '587.69', '101.43', 'custom'),
(1242, 621, 'place', 1524612604, '651.39', '126.97', 'W'),
(1243, 622, 'load', 1524612608, '544.80', '162.47', 'F'),
(1244, 622, 'place', 1524612634, '651.39', '126.97', 'W'),
(1245, 623, 'load', 1524612641, '544.80', '162.47', 'F'),
(1246, 623, 'place', 1524612644, '651.39', '126.97', 'W'),
(1247, 624, 'preload', 1524612714, NULL, NULL, NULL),
(1248, 624, 'place', 1524612718, '191.47', '215.11', '3'),
(1249, 625, 'load', 1524612734, '144.77', '162.60', 'A'),
(1250, 625, 'place', 1524612743, '345.49', '90.90', '6'),
(1251, 626, 'load', 1524612748, '463.76', '119.60', 'C'),
(1252, 626, 'drop', 1524612760, NULL, NULL, NULL),
(1253, 627, 'load', 1524612766, '345.57', '68.55', 'custom'),
(1254, 627, 'place', 1524612770, '345.49', '90.90', '6'),
(1255, 628, 'load', 1524612774, '463.76', '119.60', 'C'),
(1256, 628, 'place', 1524612785, '345.49', '90.90', '6'),
(1257, 629, 'load', 1524612793, '633.46', '29.15', '0'),
(1258, 629, 'place', 1524612802, '497.95', '215.16', '7'),
(1259, 630, 'load', 1524612809, '636.30', '293.26', '9'),
(1260, 630, 'place', 1524612824, '497.95', '215.16', '7'),
(1261, 631, 'load', 1524612829, '636.30', '293.26', '9'),
(1262, 631, 'drop', 1524612848, NULL, NULL, NULL),
(1263, 632, 'preload', 1524613393, NULL, NULL, NULL),
(1264, 632, 'place', 1524613399, '345.34', '232.83', '5'),
(1265, 633, 'load', 1524613405, '463.76', '203.29', 'D'),
(1266, 633, 'drop', 1524613411, NULL, NULL, NULL),
(1267, 634, 'load', 1524613416, '373.94', '250.08', 'custom'),
(1268, 634, 'place', 1524613424, '345.34', '232.83', '5'),
(1269, 635, 'load', 1524613428, '463.76', '203.29', 'D'),
(1270, 635, 'place', 1524613434, '345.34', '232.83', '5'),
(1271, 636, 'load', 1524613438, '463.76', '203.29', 'D'),
(1272, 636, 'place', 1524613444, '345.34', '232.83', '5'),
(1273, 637, 'load', 1524613449, '463.76', '203.29', 'D'),
(1274, 637, 'place', 1524613459, '345.34', '232.83', '5'),
(1275, 638, 'load', 1524613463, '369.98', '246.79', 'custom'),
(1276, 638, 'place', 1524613468, '345.34', '232.83', '5'),
(1277, 639, 'load', 1524613479, '544.80', '162.47', 'F'),
(1278, 639, 'place', 1524613487, '345.34', '232.83', '5'),
(1279, 640, 'load', 1524613495, '544.80', '162.47', 'F'),
(1280, 640, 'place', 1524613517, '345.34', '232.83', '5'),
(1281, 641, 'preload', 1524613563, NULL, NULL, NULL),
(1282, 641, 'place', 1524613569, '345.34', '232.83', '5'),
(1283, 642, 'load', 1524613574, '463.76', '203.29', 'D'),
(1284, 642, 'place', 1524613579, '345.34', '232.83', '5'),
(1285, 643, 'load', 1524613588, '225.11', '205.02', 'S'),
(1286, 643, 'place', 1524613593, '345.34', '232.83', '5'),
(1287, 644, 'load', 1524613596, '225.11', '205.02', 'S'),
(1288, 644, 'drop', 1524613606, NULL, NULL, NULL),
(1289, 645, 'load', 1524613610, '329.07', '207.33', 'custom'),
(1290, 645, 'place', 1524613618, '345.34', '232.83', '5'),
(1291, 646, 'load', 1524613631, '463.76', '203.29', 'D'),
(1292, 646, 'place', 1524613642, '345.34', '232.83', '5'),
(1293, 647, 'load', 1524613648, '463.76', '119.60', 'C'),
(1294, 647, 'place', 1524613654, '345.34', '232.83', '5'),
(1295, 648, 'load', 1524613660, '544.80', '162.47', 'F'),
(1296, 648, 'place', 1524613677, '345.34', '232.83', '5'),
(1297, 649, 'preload', 1524613736, NULL, NULL, NULL),
(1298, 649, 'place', 1524613746, '345.34', '232.83', '5'),
(1299, 650, 'load', 1524613752, '225.11', '205.02', 'S'),
(1300, 650, 'place', 1524613767, '345.34', '232.83', '5'),
(1301, 651, 'load', 1524613769, '463.76', '203.29', 'D'),
(1302, 651, 'place', 1524613775, '345.34', '232.83', '5'),
(1303, 652, 'load', 1524613779, '463.76', '203.29', 'D'),
(1304, 652, 'place', 1524613787, '345.34', '232.83', '5'),
(1305, 653, 'load', 1524613802, '636.30', '293.26', '9'),
(1306, 653, 'place', 1524613819, '345.34', '232.83', '5'),
(1307, 654, 'load', 1524613825, '384.33', '238.38', 'custom'),
(1308, 654, 'place', 1524613839, '345.34', '232.83', '5'),
(1309, 655, 'load', 1524613840, '411.97', '159.41', 'custom'),
(1310, 655, 'place', 1524613853, '497.95', '215.16', '7'),
(1311, 656, 'load', 1524613857, '636.30', '293.26', '9'),
(1312, 656, 'place', 1524613881, '497.95', '215.16', '7'),
(1313, 657, 'preload', 1524613963, NULL, NULL, NULL),
(1314, 657, 'place', 1524613969, '191.74', '109.32', '4'),
(1315, 658, 'load', 1524613986, '144.77', '162.60', 'A'),
(1316, 658, 'place', 1524614006, '345.34', '232.83', '5'),
(1317, 659, 'load', 1524614011, '160.84', '307.96', 'custom'),
(1318, 659, 'place', 1524614031, '345.34', '232.83', '5'),
(1319, 660, 'load', 1524614035, '463.76', '203.29', 'D'),
(1320, 660, 'place', 1524614040, '497.60', '109.10', '8'),
(1321, 661, 'load', 1524614055, '225.11', '205.02', 'S'),
(1322, 661, 'drop', 1524614071, NULL, NULL, NULL),
(1323, 662, 'load', 1524614072, '501.93', '86.31', 'custom'),
(1324, 662, 'drop', 1524614082, NULL, NULL, NULL),
(1325, 663, 'load', 1524614084, '495.33', '86.31', 'custom'),
(1326, 663, 'place', 1524614087, '497.60', '109.10', '8'),
(1327, 664, 'preload', 1524614141, NULL, NULL, NULL),
(1328, 664, 'place', 1524614146, '345.34', '232.83', '5'),
(1329, 665, 'load', 1524614151, '225.11', '205.02', 'S'),
(1330, 665, 'place', 1524614192, '345.34', '232.83', '5'),
(1331, 666, 'load', 1524614198, '463.76', '203.29', 'D'),
(1332, 666, 'place', 1524614208, '497.60', '109.10', '8'),
(1333, 667, 'load', 1524614214, '463.76', '119.60', 'C'),
(1334, 667, 'place', 1524614217, '497.60', '109.10', '8'),
(1335, 668, 'load', 1524614226, '521.72', '81.05', 'custom'),
(1336, 668, 'place', 1524614230, '497.60', '109.10', '8'),
(1337, 669, 'load', 1524614230, '527.00', '66.58', 'custom'),
(1338, 669, 'place', 1524614235, '497.60', '109.10', '8'),
(1339, 670, 'preload', 1524614312, NULL, NULL, NULL),
(1340, 670, 'place', 1524614319, '497.95', '215.16', '7'),
(1341, 671, 'load', 1524614338, '463.76', '119.60', 'C'),
(1342, 671, 'place', 1524614344, '345.49', '90.90', '6'),
(1343, 672, 'load', 1524614354, '463.76', '119.60', 'C'),
(1344, 672, 'place', 1524614364, '345.49', '90.90', '6'),
(1345, 673, 'load', 1524614368, '225.10', '120.26', 'X'),
(1346, 673, 'place', 1524614376, '345.49', '90.90', '6'),
(1347, 674, 'load', 1524614380, '225.10', '120.26', 'X'),
(1348, 674, 'place', 1524614384, '345.49', '90.90', '6'),
(1349, 675, 'load', 1524614387, '225.10', '120.26', 'X'),
(1350, 675, 'drop', 1524614399, NULL, NULL, NULL),
(1351, 676, 'load', 1524614403, '225.10', '120.26', 'X'),
(1352, 676, 'place', 1524614412, '345.49', '90.90', '6'),
(1353, 677, 'load', 1524614429, '52.83', '30.47', '2'),
(1354, 677, 'place', 1524614441, '345.49', '90.90', '6'),
(1355, 678, 'preload', 1524614487, NULL, NULL, NULL),
(1356, 678, 'drop', 1524614493, NULL, NULL, NULL),
(1357, 679, 'load', 1524614506, '544.80', '162.47', 'F'),
(1358, 679, 'place', 1524614515, '497.95', '215.16', '7'),
(1359, 680, 'load', 1524614522, '544.80', '162.47', 'F'),
(1360, 680, 'place', 1524614543, '345.49', '90.90', '6'),
(1361, 681, 'load', 1524614550, '225.10', '120.26', 'X'),
(1362, 681, 'place', 1524614561, '345.49', '90.90', '6'),
(1363, 682, 'load', 1524614564, '225.10', '120.26', 'X'),
(1364, 682, 'place', 1524614575, '345.49', '90.90', '6'),
(1365, 683, 'load', 1524614583, '52.83', '30.47', '2'),
(1366, 683, 'place', 1524614605, '345.49', '90.90', '6'),
(1367, 684, 'preload', 1524614685, NULL, NULL, NULL),
(1368, 684, 'place', 1524614691, '497.60', '109.10', '8'),
(1369, 685, 'load', 1524614709, '463.76', '119.60', 'C'),
(1370, 685, 'place', 1524614720, '345.34', '232.83', '5'),
(1371, 686, 'load', 1524614725, '463.76', '203.29', 'D'),
(1372, 686, 'place', 1524614752, '191.47', '215.11', '3'),
(1373, 687, 'load', 1524614756, '463.76', '203.29', 'D'),
(1374, 687, 'place', 1524614763, '345.34', '232.83', '5'),
(1375, 688, 'load', 1524614768, '225.11', '205.02', 'S'),
(1376, 688, 'place', 1524614793, '345.34', '232.83', '5'),
(1377, 689, 'preload', 1524616740, NULL, NULL, NULL),
(1378, 689, 'place', 1524616748, '497.60', '109.10', '8'),
(1379, 690, 'load', 1524616762, '225.10', '120.26', 'X'),
(1380, 690, 'place', 1524616767, '345.49', '90.90', '6'),
(1381, 691, 'load', 1524616770, '225.10', '120.26', 'X'),
(1382, 691, 'place', 1524616778, '345.49', '90.90', '6'),
(1383, 692, 'load', 1524616783, '225.10', '120.26', 'X'),
(1384, 692, 'place', 1524616788, '345.49', '90.90', '6'),
(1385, 693, 'load', 1524616791, '342.60', '63.53', 'custom'),
(1386, 693, 'place', 1524616797, '191.74', '109.32', '4'),
(1387, 694, 'load', 1524616802, '52.83', '30.47', '2'),
(1388, 694, 'place', 1524616810, '345.49', '90.90', '6'),
(1389, 695, 'load', 1524616814, '388.19', '78.02', 'custom'),
(1390, 695, 'drop', 1524616820, NULL, NULL, NULL),
(1391, 696, 'load', 1524616823, '354.49', '57.60', 'custom'),
(1392, 696, 'place', 1524616828, '191.74', '109.32', '4'),
(1393, 697, 'load', 1524616830, '52.83', '30.47', '2'),
(1394, 697, 'place', 1524616840, '345.49', '90.90', '6'),
(1395, 698, 'load', 1524616850, '52.83', '30.47', '2'),
(1396, 698, 'place', 1524616852, '191.74', '109.32', '4'),
(1397, 699, 'load', 1524616856, '52.83', '30.47', '2'),
(1398, 699, 'drop', 1524616864, NULL, NULL, NULL),
(1399, 700, 'preload', 1524617124, NULL, NULL, NULL),
(1400, 700, 'place', 1524617150, '345.34', '232.83', '5'),
(1401, 701, 'load', 1524617155, '225.11', '205.02', 'S'),
(1402, 701, 'drop', 1524617159, NULL, NULL, NULL),
(1403, 702, 'load', 1524617165, '408.67', '306.60', 'custom'),
(1404, 702, 'place', 1524617173, '497.60', '109.10', '8'),
(1405, 703, 'load', 1524617176, '544.80', '162.47', 'F'),
(1406, 703, 'place', 1524617186, '345.34', '232.83', '5'),
(1407, 704, 'load', 1524617190, '225.11', '205.02', 'S'),
(1408, 704, 'place', 1524617197, '345.34', '232.83', '5'),
(1409, 705, 'load', 1524617205, '54.74', '294.39', '1'),
(1410, 705, 'place', 1524617225, '345.34', '232.83', '5'),
(1411, 706, 'load', 1524617228, '353.17', '262.46', 'custom'),
(1412, 706, 'drop', 1524617232, NULL, NULL, NULL),
(1413, 707, 'load', 1524617238, '537.52', '252.58', 'custom'),
(1414, 707, 'drop', 1524617252, NULL, NULL, NULL),
(1415, 708, 'preload', 1524617375, NULL, NULL, NULL),
(1416, 708, 'place', 1524617401, '345.34', '232.83', '5'),
(1417, 709, 'load', 1524617404, '225.11', '205.02', 'S'),
(1418, 709, 'place', 1524617408, '345.34', '232.83', '5'),
(1419, 710, 'load', 1524617411, '225.11', '205.02', 'S'),
(1420, 710, 'place', 1524617416, '345.34', '232.83', '5'),
(1421, 711, 'load', 1524617419, '225.11', '205.02', 'S'),
(1422, 711, 'place', 1524617427, '345.34', '232.83', '5'),
(1423, 712, 'load', 1524617429, '341.27', '255.88', 'custom'),
(1424, 712, 'drop', 1524617435, NULL, NULL, NULL),
(1425, 713, 'load', 1524617438, '314.18', '234.80', 'custom'),
(1426, 713, 'place', 1524617443, '345.34', '232.83', '5'),
(1427, 714, 'load', 1524617445, '341.94', '259.17', 'custom'),
(1428, 714, 'drop', 1524617454, NULL, NULL, NULL),
(1429, 715, 'load', 1524617461, '264.63', '228.21', 'custom'),
(1430, 715, 'place', 1524617464, '345.34', '232.83', '5'),
(1431, 716, 'load', 1524617469, '144.77', '162.60', 'A'),
(1432, 716, 'drop', 1524617478, NULL, NULL, NULL),
(1433, 717, 'preload', 1524618025, NULL, NULL, NULL),
(1434, 717, 'place', 1524618036, '497.95', '215.16', '7'),
(1435, 718, 'load', 1524618045, '544.80', '162.47', 'F'),
(1436, 718, 'place', 1524618054, '345.34', '232.83', '5'),
(1437, 719, 'load', 1524618057, '463.76', '203.29', 'D'),
(1438, 719, 'place', 1524618064, '345.34', '232.83', '5'),
(1439, 720, 'load', 1524618066, '463.76', '203.29', 'D'),
(1440, 720, 'drop', 1524618071, NULL, NULL, NULL),
(1441, 721, 'load', 1524618074, '463.76', '203.29', 'D'),
(1442, 721, 'drop', 1524618084, NULL, NULL, NULL),
(1443, 722, 'load', 1524618086, '385.54', '240.07', 'custom'),
(1444, 722, 'place', 1524618093, '651.39', '126.97', 'W'),
(1445, 723, 'load', 1524618095, '544.80', '162.47', 'F'),
(1446, 723, 'place', 1524618098, '651.39', '126.97', 'W'),
(1447, 724, 'load', 1524618100, '544.80', '162.47', 'F'),
(1448, 724, 'place', 1524618103, '651.39', '126.97', 'W'),
(1449, 725, 'load', 1524618105, '544.80', '162.47', 'F'),
(1450, 725, 'place', 1524618113, '497.95', '215.16', '7'),
(1451, 726, 'load', 1524618115, '544.80', '162.47', 'F'),
(1452, 726, 'place', 1524618120, '497.95', '215.16', '7'),
(1453, 727, 'load', 1524618124, '544.80', '162.47', 'F'),
(1454, 727, 'place', 1524618135, '191.47', '215.11', '3'),
(1455, 728, 'preload', 1524619014, NULL, NULL, NULL),
(1456, 728, 'place', 1524619059, '345.34', '232.83', '5'),
(1457, 729, 'load', 1524619063, '225.11', '205.02', 'S'),
(1458, 729, 'place', 1524619068, '345.34', '232.83', '5'),
(1459, 730, 'load', 1524619071, '225.11', '205.02', 'S'),
(1460, 730, 'place', 1524619081, '345.34', '232.83', '5'),
(1461, 731, 'load', 1524619084, '225.11', '205.02', 'S'),
(1462, 731, 'place', 1524619092, '345.34', '232.83', '5'),
(1463, 732, 'load', 1524619101, '54.74', '294.39', '1'),
(1464, 732, 'drop', 1524619116, NULL, NULL, NULL),
(1465, 733, 'load', 1524619119, '336.65', '263.78', 'custom'),
(1466, 733, 'place', 1524619123, '345.34', '232.83', '5'),
(1467, 734, 'load', 1524619129, '54.74', '294.39', '1'),
(1468, 734, 'place', 1524619140, '345.34', '232.83', '5'),
(1469, 735, 'load', 1524619148, '54.74', '294.39', '1'),
(1470, 735, 'drop', 1524619165, NULL, NULL, NULL),
(1471, 736, 'preload', 1524619774, NULL, NULL, NULL),
(1472, 736, 'place', 1524619788, '345.49', '90.90', '6'),
(1473, 737, 'load', 1524619803, '463.76', '119.60', 'C'),
(1474, 737, 'place', 1524619806, '497.60', '109.10', '8'),
(1475, 738, 'load', 1524619811, '463.76', '119.60', 'C'),
(1476, 738, 'place', 1524619816, '345.49', '90.90', '6'),
(1477, 739, 'load', 1524619822, '225.10', '120.26', 'X'),
(1478, 739, 'drop', 1524619827, NULL, NULL, NULL),
(1479, 740, 'load', 1524619831, '345.90', '53.65', 'custom'),
(1480, 740, 'place', 1524619836, '345.49', '90.90', '6'),
(1481, 741, 'load', 1524619842, '52.83', '30.47', '2'),
(1482, 741, 'place', 1524619851, '345.49', '90.90', '6'),
(1483, 742, 'load', 1524619862, '164.19', '29.28', 'custom'),
(1484, 742, 'place', 1524619867, '345.49', '90.90', '6'),
(1485, 743, 'load', 1524619872, '463.76', '119.60', 'C'),
(1486, 743, 'drop', 1524619878, NULL, NULL, NULL),
(1487, 744, 'load', 1524619884, '335.33', '25.33', 'custom'),
(1488, 744, 'place', 1524619888, '345.49', '90.90', '6'),
(1489, 745, 'load', 1524619890, '463.76', '203.29', 'D'),
(1490, 745, 'place', 1524619899, '345.49', '90.90', '6');

-- --------------------------------------------------------

--
-- Table structure for table `devices`
--

CREATE TABLE IF NOT EXISTS `devices` (
  `deviceID` varchar(7) NOT NULL,
  PRIMARY KEY (`deviceID`)
) ENGINE=InnoDB DEFAULT CHARSET=latin1;

--
-- Dumping data for table `devices`
--

INSERT INTO `devices` (`deviceID`) VALUES
('0mw7hK'),
('2DrMoX'),
('64Vwqw'),
('aTrhj5'),
('EjzWOQ'),
('omeXtU'),
('xiX57D'),
('yJgWJY'),
('Z8Ziw0');

-- --------------------------------------------------------

--
-- Table structure for table `matchcycles`
--

CREATE TABLE IF NOT EXISTS `matchcycles` (
  `id` int(11) NOT NULL AUTO_INCREMENT,
  `teamMatchID` int(11) NOT NULL,
  `cycleMode` enum('auto','tele') NOT NULL,
  `loadActionID` int(11) DEFAULT NULL,
  `unloadActionID` int(11) DEFAULT NULL,
  PRIMARY KEY (`id`),
  KEY `fk_teamMatchID` (`teamMatchID`)
) ENGINE=InnoDB  DEFAULT CHARSET=latin1 AUTO_INCREMENT=746 ;

--
-- Dumping data for table `matchcycles`
--

INSERT INTO `matchcycles` (`id`, `teamMatchID`, `cycleMode`, `loadActionID`, `unloadActionID`) VALUES
(78, 145, 'tele', 155, 156),
(79, 145, 'tele', 157, 158),
(80, 145, 'tele', 159, 160),
(81, 145, 'tele', 161, 162),
(82, 145, 'tele', 163, 164),
(83, 145, 'tele', 165, 166),
(84, 167, 'auto', 167, 168),
(85, 167, 'tele', 169, 170),
(86, 167, 'tele', 171, 172),
(87, 167, 'tele', 173, 174),
(88, 167, 'tele', 175, 176),
(89, 167, 'tele', 177, 178),
(90, 146, 'auto', 179, 180),
(91, 146, 'tele', 181, 182),
(92, 146, 'tele', 183, 184),
(93, 146, 'tele', 185, 186),
(94, 146, 'tele', 187, 188),
(95, 146, 'tele', 189, 190),
(96, 146, 'tele', 191, 192),
(97, 146, 'tele', 193, 194),
(98, 146, 'tele', 195, 196),
(99, 146, 'tele', 197, 198),
(100, 146, 'tele', 199, 200),
(101, 148, 'auto', 201, 202),
(102, 148, 'tele', 203, 204),
(103, 148, 'tele', 205, 206),
(104, 148, 'tele', 207, 208),
(105, 148, 'tele', 209, 210),
(106, 148, 'tele', 211, 212),
(107, 151, 'auto', 213, 214),
(108, 151, 'tele', 215, 216),
(109, 151, 'tele', 217, 218),
(110, 151, 'tele', 219, 220),
(111, 151, 'tele', 221, 222),
(112, 151, 'tele', 223, 224),
(113, 151, 'tele', 225, 226),
(114, 153, 'auto', 227, 228),
(115, 153, 'tele', 229, 230),
(116, 153, 'tele', 231, 232),
(117, 153, 'tele', 233, 234),
(118, 153, 'tele', 235, 236),
(119, 153, 'tele', 237, 238),
(120, 153, 'tele', 239, 240),
(121, 153, 'tele', 241, 242),
(122, 153, 'tele', 243, 244),
(123, 429, 'auto', 245, 246),
(124, 429, 'tele', 247, 248),
(125, 429, 'tele', 249, 250),
(126, 438, 'tele', 251, 252),
(127, 438, 'tele', 253, 254),
(128, 438, 'tele', 255, 256),
(129, 438, 'tele', 257, 258),
(130, 438, 'tele', 259, 260),
(131, 437, 'auto', 261, 262),
(132, 437, 'tele', 263, 264),
(133, 437, 'tele', 265, 266),
(134, 437, 'tele', 267, 268),
(135, 437, 'tele', 269, 270),
(136, 437, 'tele', 271, 272),
(137, 437, 'tele', 273, 274),
(138, 431, 'tele', 275, 276),
(139, 431, 'tele', 277, 278),
(140, 431, 'tele', 279, 280),
(141, 431, 'tele', 281, 282),
(142, 422, 'auto', 283, 284),
(143, 422, 'tele', 285, 286),
(144, 422, 'tele', 287, 288),
(145, 422, 'tele', 289, 290),
(146, 422, 'tele', 291, 292),
(147, 420, 'auto', 293, 294),
(148, 420, 'auto', 295, 296),
(149, 420, 'tele', 297, 298),
(150, 420, 'tele', 299, 300),
(151, 420, 'tele', 301, 302),
(152, 420, 'tele', 303, 304),
(153, 420, 'tele', 305, 306),
(154, 420, 'tele', 307, 308),
(155, 433, 'tele', 309, 310),
(156, 433, 'tele', 311, 312),
(157, 433, 'tele', 313, 314),
(158, 433, 'tele', 315, 316),
(159, 433, 'tele', 317, 318),
(160, 433, 'tele', 319, 320),
(161, 433, 'tele', 321, 322),
(162, 433, 'tele', 323, 324),
(163, 425, 'auto', 325, 326),
(164, 425, 'tele', 327, 328),
(165, 425, 'tele', 329, 330),
(166, 425, 'tele', 331, 332),
(167, 425, 'tele', 333, 334),
(168, 425, 'tele', 335, 336),
(169, 425, 'tele', 337, 338),
(170, 418, 'auto', 339, 340),
(171, 418, 'tele', 341, 342),
(172, 418, 'tele', 343, 344),
(173, 418, 'tele', 345, 346),
(174, 418, 'tele', 347, 348),
(175, 418, 'tele', 349, 350),
(176, 413, 'auto', 351, 352),
(177, 413, 'tele', 353, 354),
(178, 413, 'tele', 355, 356),
(179, 413, 'tele', 357, 358),
(180, 413, 'tele', 359, 360),
(181, 413, 'tele', 361, 362),
(182, 413, 'tele', 363, 364),
(183, 413, 'tele', 365, 366),
(184, 16, 'auto', 367, 368),
(185, 16, 'auto', 369, 370),
(186, 16, 'tele', 371, 372),
(187, 16, 'tele', 373, 374),
(188, 16, 'tele', 375, 376),
(189, 16, 'tele', 377, 378),
(190, 16, 'tele', 379, 380),
(191, 16, 'tele', 381, 382),
(192, 16, 'tele', 383, 384),
(193, 16, 'tele', 385, 386),
(194, 16, 'tele', 387, 388),
(195, 16, 'tele', 389, 390),
(196, 6, 'auto', 391, 392),
(197, 6, 'tele', 393, 394),
(198, 6, 'tele', 395, 396),
(199, 6, 'tele', 397, 398),
(200, 6, 'tele', 399, 400),
(201, 6, 'tele', 401, 402),
(202, 6, 'tele', 403, 404),
(203, 3, 'auto', 405, 406),
(204, 3, 'tele', 407, 408),
(205, 3, 'tele', 409, 410),
(206, 3, 'tele', 411, 412),
(207, 3, 'tele', 413, 414),
(208, 70, 'auto', 415, 416),
(209, 70, 'tele', 417, 418),
(210, 70, 'tele', 419, 420),
(211, 70, 'tele', 421, 422),
(212, 70, 'tele', 423, 424),
(213, 70, 'tele', 425, 426),
(214, 70, 'tele', 427, 428),
(215, 70, 'tele', 429, 430),
(216, 70, 'tele', 431, 432),
(217, 64, 'auto', 433, 434),
(218, 64, 'tele', 435, 436),
(219, 64, 'tele', 437, 438),
(220, 64, 'tele', 439, 440),
(221, 64, 'tele', 441, 442),
(222, 64, 'tele', 443, 444),
(223, 64, 'tele', 445, 446),
(224, 64, 'tele', 447, 448),
(225, 64, 'tele', 449, 450),
(226, 64, 'tele', 451, 452),
(227, 64, 'tele', 453, 454),
(228, 64, 'tele', 455, 456),
(229, 875, 'tele', 457, 458),
(230, 875, 'tele', 459, 460),
(231, 875, 'tele', 461, 462),
(232, 875, 'tele', 463, 464),
(233, 875, 'tele', 465, 466),
(234, 875, 'tele', 467, 468),
(235, 873, 'auto', 469, 470),
(236, 873, 'tele', 471, 472),
(237, 873, 'tele', 473, 474),
(238, 873, 'tele', 475, 476),
(239, 873, 'tele', 477, 478),
(240, 873, 'tele', 479, 480),
(241, 873, 'tele', 481, 482),
(242, 873, 'tele', 483, 484),
(243, 873, 'tele', 485, 486),
(244, 873, 'tele', 487, 488),
(245, 873, 'tele', 489, 490),
(246, 871, 'auto', 491, 492),
(247, 871, 'tele', 493, 494),
(248, 871, 'tele', 495, 496),
(249, 871, 'tele', 497, 498),
(250, 871, 'tele', 499, 500),
(251, 866, 'auto', 501, 502),
(252, 866, 'tele', 503, 504),
(253, 866, 'tele', 505, 506),
(254, 866, 'tele', 507, 508),
(255, 863, 'tele', 509, 510),
(256, 863, 'tele', 511, 512),
(257, 863, 'tele', 513, 514),
(258, 863, 'tele', 515, 516),
(259, 863, 'tele', 517, 518),
(260, 863, 'tele', 519, 520),
(261, 863, 'tele', 521, 522),
(262, 863, 'tele', 523, 524),
(263, 19, 'tele', 525, 526),
(264, 19, 'tele', 527, 528),
(265, 19, 'tele', 529, 530),
(266, 19, 'tele', 531, 532),
(267, 19, 'tele', 533, 534),
(268, 789, 'auto', 535, 536),
(269, 789, 'tele', 537, 538),
(270, 789, 'tele', 539, 540),
(271, 789, 'tele', 541, 542),
(272, 789, 'tele', 543, 544),
(273, 789, 'tele', 545, 546),
(274, 789, 'tele', 547, 548),
(275, 789, 'tele', 549, 550),
(276, 96, 'auto', 551, 552),
(277, 96, 'tele', 553, 554),
(278, 96, 'tele', 555, 556),
(279, 96, 'tele', 557, 558),
(280, 96, 'tele', 559, 560),
(281, 96, 'tele', 561, 562),
(282, 96, 'tele', 563, 564),
(283, 96, 'tele', 565, 566),
(284, 96, 'tele', 567, 568),
(285, 96, 'tele', 569, 570),
(286, 787, 'auto', 571, 572),
(287, 787, 'tele', 573, 574),
(288, 787, 'tele', 575, 576),
(289, 787, 'tele', 577, 578),
(290, 787, 'tele', 579, 580),
(291, 787, 'tele', 581, 582),
(292, 787, 'tele', 583, 584),
(293, 787, 'tele', 585, 586),
(294, 787, 'tele', 587, 588),
(295, 787, 'tele', 589, 590),
(296, 787, 'tele', 591, 592),
(297, 787, 'tele', 593, 594),
(298, 784, 'auto', 595, 596),
(299, 784, 'tele', 597, 598),
(300, 784, 'tele', 599, 600),
(301, 784, 'tele', 601, 602),
(302, 784, 'tele', 603, 604),
(303, 784, 'tele', 605, 606),
(304, 784, 'tele', 607, 608),
(305, 784, 'tele', 609, 610),
(306, 85, 'auto', 611, 612),
(307, 85, 'auto', 613, 614),
(308, 85, 'tele', 615, 616),
(309, 85, 'tele', 617, 618),
(310, 85, 'tele', 619, 620),
(311, 85, 'tele', 621, 622),
(312, 85, 'tele', 623, 624),
(313, 85, 'tele', 625, 626),
(314, 85, 'tele', 627, 628),
(315, 85, 'tele', 629, 630),
(316, 85, 'tele', 631, 632),
(317, 781, 'tele', 633, 634),
(318, 781, 'tele', 635, 636),
(319, 781, 'tele', 637, 638),
(320, 781, 'tele', 639, 640),
(321, 781, 'tele', 641, 642),
(322, 781, 'tele', 643, 644),
(323, 781, 'tele', 645, 646),
(324, 781, 'tele', 647, 648),
(325, 781, 'tele', 649, 650),
(326, 781, 'tele', 651, 652),
(327, 781, 'tele', 653, 654),
(328, 76, 'auto', 655, 656),
(329, 76, 'auto', 657, 658),
(330, 76, 'tele', 659, 660),
(331, 76, 'tele', 661, 662),
(332, 76, 'tele', 663, 664),
(333, 76, 'tele', 665, 666),
(334, 76, 'tele', 667, 668),
(335, 143, 'auto', 669, 670),
(336, 143, 'auto', 671, 672),
(337, 143, 'tele', 673, 674),
(338, 143, 'tele', 675, 676),
(339, 143, 'tele', 677, 678),
(340, 143, 'tele', 679, 680),
(341, 143, 'tele', 681, 682),
(342, 143, 'tele', 683, 684),
(343, 143, 'tele', 685, 686),
(344, 143, 'tele', 687, 688),
(345, 143, 'tele', 689, 690),
(346, 777, 'auto', 691, 692),
(347, 777, 'tele', 693, 694),
(348, 777, 'tele', 695, 696),
(349, 777, 'tele', 697, 698),
(350, 777, 'tele', 699, 700),
(351, 777, 'tele', 701, 702),
(352, 777, 'tele', 703, 704),
(353, 137, 'auto', 705, 706),
(354, 137, 'auto', 707, 708),
(355, 137, 'tele', 709, 710),
(356, 137, 'tele', 711, 712),
(357, 137, 'tele', 713, 714),
(358, 137, 'tele', 715, 716),
(359, 137, 'tele', 717, 718),
(360, 137, 'tele', 719, 720),
(361, 137, 'tele', 721, 722),
(362, 137, 'tele', 723, 724),
(363, 137, 'tele', 725, 726),
(364, 137, 'tele', 727, 728),
(365, 489, 'auto', 729, 730),
(366, 489, 'tele', 731, 732),
(367, 489, 'tele', 733, 734),
(368, 489, 'tele', 735, 736),
(369, 489, 'tele', 737, 738),
(370, 489, 'tele', 739, 740),
(371, 489, 'tele', 741, 742),
(372, 489, 'tele', 743, 744),
(373, 489, 'tele', 745, 746),
(374, 489, 'tele', 747, 748),
(375, 489, 'tele', 749, 750),
(376, 487, 'tele', 751, 752),
(377, 487, 'tele', 753, 754),
(378, 487, 'tele', 755, 756),
(379, 487, 'tele', 757, 758),
(380, 487, 'tele', 759, 760),
(381, 487, 'tele', 761, 762),
(382, 487, 'tele', 763, 764),
(383, 487, 'tele', 765, 766),
(384, 487, 'tele', 767, 768),
(385, 487, 'tele', 769, 770),
(386, 486, 'tele', 771, 772),
(387, 486, 'tele', 773, 774),
(388, 486, 'tele', 775, 776),
(389, 486, 'tele', 777, 778),
(390, 486, 'tele', 779, 780),
(391, 486, 'tele', 781, 782),
(392, 486, 'tele', 783, 784),
(393, 486, 'tele', 785, 786),
(394, 486, 'tele', 787, 788),
(395, 482, 'tele', 789, 790),
(396, 482, 'tele', 791, 792),
(397, 482, 'tele', 793, 794),
(398, 482, 'tele', 795, 796),
(399, 482, 'tele', 797, 798),
(400, 482, 'tele', 799, 800),
(401, 482, 'tele', 801, 802),
(402, 482, 'tele', 803, 804),
(403, 482, 'tele', 805, 806),
(404, 482, 'tele', 807, 808),
(405, 480, 'auto', 809, 810),
(406, 480, 'tele', 811, 812),
(407, 480, 'tele', 813, 814),
(408, 480, 'tele', 815, 816),
(409, 480, 'tele', 817, 818),
(410, 480, 'tele', 819, 820),
(411, 480, 'tele', 821, 822),
(412, 480, 'tele', 823, 824),
(413, 480, 'tele', 825, 826),
(414, 480, 'tele', 827, 828),
(415, 480, 'tele', 829, 830),
(416, 791, 'auto', 831, 832),
(417, 791, 'tele', 833, 834),
(418, 791, 'tele', 835, 836),
(419, 791, 'tele', 837, 838),
(420, 791, 'tele', 839, 840),
(421, 791, 'tele', 841, 842),
(422, 786, 'auto', 843, 844),
(423, 786, 'tele', 845, 846),
(424, 786, 'tele', 847, 848),
(425, 786, 'tele', 849, 850),
(426, 786, 'tele', 851, 852),
(427, 786, 'tele', 853, 854),
(428, 783, 'auto', 855, 856),
(429, 783, 'tele', 857, 858),
(430, 783, 'tele', 859, 860),
(431, 783, 'tele', 861, 862),
(432, 783, 'tele', 863, 864),
(433, 783, 'tele', 865, 866),
(434, 783, 'tele', 867, 868),
(435, 783, 'tele', 869, 870),
(436, 780, 'auto', 871, 872),
(437, 780, 'tele', 873, 874),
(438, 780, 'tele', 875, 876),
(439, 780, 'tele', 877, 878),
(440, 780, 'tele', 879, 880),
(441, 780, 'tele', 881, 882),
(442, 780, 'tele', 883, 884),
(443, 780, 'tele', 885, 886),
(444, 780, 'tele', 887, 888),
(445, 780, 'tele', 889, 890),
(446, 780, 'tele', 891, 892),
(447, 778, 'auto', 893, 894),
(448, 778, 'tele', 895, 896),
(449, 778, 'tele', 897, 898),
(450, 778, 'tele', 899, 900),
(451, 778, 'tele', 901, 902),
(452, 778, 'tele', 903, 904),
(453, 778, 'tele', 905, 906),
(454, 778, 'tele', 907, 908),
(455, 778, 'tele', 909, 910),
(456, 778, 'tele', 911, 912),
(457, 778, 'tele', 913, 914),
(458, 443, 'auto', 915, 916),
(459, 443, 'tele', 917, 918),
(460, 443, 'tele', 919, 920),
(461, 443, 'tele', 921, 922),
(462, 443, 'tele', 923, 924),
(463, 443, 'tele', 925, 926),
(464, 434, 'auto', 927, 928),
(465, 434, 'tele', 929, 930),
(466, 434, 'tele', 931, 932),
(467, 434, 'tele', 933, 934),
(468, 434, 'tele', 935, 936),
(469, 434, 'tele', 937, 938),
(470, 434, 'tele', 939, 940),
(471, 430, 'auto', 941, 942),
(472, 430, 'tele', 943, 944),
(473, 430, 'tele', 945, 946),
(474, 430, 'tele', 947, 948),
(475, 430, 'tele', 949, 950),
(476, 430, 'tele', 951, 952),
(477, 424, 'tele', 953, 954),
(478, 424, 'tele', 955, 956),
(479, 424, 'tele', 957, 958),
(480, 424, 'tele', 959, 960),
(481, 424, 'tele', 961, 962),
(482, 424, 'tele', 963, 964),
(483, 424, 'tele', 965, 966),
(484, 424, 'tele', 967, 968),
(485, 414, 'auto', 969, 970),
(486, 414, 'tele', 971, 972),
(487, 414, 'tele', 973, 974),
(488, 414, 'tele', 975, 976),
(489, 414, 'tele', 977, 978),
(490, 414, 'tele', 979, 980),
(491, 414, 'tele', 981, 982),
(492, 323, 'auto', 983, 984),
(493, 323, 'tele', 985, 986),
(494, 323, 'tele', 987, 988),
(495, 323, 'tele', 989, 990),
(496, 323, 'tele', 991, 992),
(497, 323, 'tele', 993, 994),
(498, 323, 'tele', 995, 996),
(499, 323, 'tele', 997, 998),
(500, 320, 'auto', 999, 1000),
(501, 320, 'tele', 1001, 1002),
(502, 320, 'tele', 1003, 1004),
(503, 320, 'tele', 1005, 1006),
(504, 320, 'tele', 1007, 1008),
(505, 320, 'tele', 1009, 1010),
(506, 320, 'tele', 1011, 1012),
(507, 320, 'tele', 1013, 1014),
(508, 320, 'tele', 1015, 1016),
(509, 318, 'auto', 1017, 1018),
(510, 318, 'tele', 1019, 1020),
(511, 318, 'tele', 1021, 1022),
(512, 318, 'tele', 1023, 1024),
(513, 318, 'tele', 1025, 1026),
(514, 318, 'tele', 1027, 1028),
(515, 318, 'tele', 1029, 1030),
(516, 318, 'tele', 1031, 1032),
(517, 318, 'tele', 1033, 1034),
(518, 314, 'auto', 1035, 1036),
(519, 314, 'tele', 1037, 1038),
(520, 314, 'tele', 1039, 1040),
(521, 314, 'tele', 1041, 1042),
(522, 314, 'tele', 1043, 1044),
(523, 314, 'tele', 1045, 1046),
(524, 314, 'tele', 1047, 1048),
(525, 314, 'tele', 1049, 1050),
(526, 314, 'tele', 1051, 1052),
(527, 311, 'auto', 1053, 1054),
(528, 311, 'tele', 1055, 1056),
(529, 311, 'tele', 1057, 1058),
(530, 311, 'tele', 1059, 1060),
(531, 311, 'tele', 1061, 1062),
(532, 311, 'tele', 1063, 1064),
(533, 311, 'tele', 1065, 1066),
(534, 311, 'tele', 1067, 1068),
(535, 311, 'tele', 1069, 1070),
(536, 311, 'tele', 1071, 1072),
(537, 839, 'auto', 1073, 1074),
(538, 839, 'tele', 1075, 1076),
(539, 839, 'tele', 1077, 1078),
(540, 839, 'tele', 1079, 1080),
(541, 839, 'tele', 1081, 1082),
(542, 839, 'tele', 1083, 1084),
(543, 839, 'tele', 1085, 1086),
(544, 839, 'tele', 1087, 1088),
(545, 839, 'tele', 1089, 1090),
(546, 835, 'auto', 1091, 1092),
(547, 835, 'tele', 1093, 1094),
(548, 835, 'tele', 1095, 1096),
(549, 835, 'tele', 1097, 1098),
(550, 835, 'tele', 1099, 1100),
(551, 835, 'tele', 1101, 1102),
(552, 835, 'tele', 1103, 1104),
(553, 829, 'auto', 1105, 1106),
(554, 829, 'tele', 1107, 1108),
(555, 829, 'tele', 1109, 1110),
(556, 829, 'tele', 1111, 1112),
(557, 829, 'tele', 1113, 1114),
(558, 829, 'tele', 1115, 1116),
(559, 829, 'tele', 1117, 1118),
(560, 829, 'tele', 1119, 1120),
(561, 829, 'tele', 1121, 1122),
(562, 829, 'tele', 1123, 1124),
(563, 822, 'auto', 1125, 1126),
(564, 822, 'tele', 1127, 1128),
(565, 822, 'tele', 1129, 1130),
(566, 822, 'tele', 1131, 1132),
(567, 822, 'tele', 1133, 1134),
(568, 822, 'tele', 1135, 1136),
(569, 822, 'tele', 1137, 1138),
(570, 818, 'auto', 1139, 1140),
(571, 818, 'tele', 1141, 1142),
(572, 818, 'tele', 1143, 1144),
(573, 818, 'tele', 1145, 1146),
(574, 818, 'tele', 1147, 1148),
(575, 818, 'tele', 1149, 1150),
(576, 818, 'tele', 1151, 1152),
(577, 818, 'tele', 1153, 1154),
(578, 818, 'tele', 1155, 1156),
(579, 818, 'tele', 1157, 1158),
(580, 818, 'tele', 1159, 1160),
(581, 442, 'auto', 1161, 1162),
(582, 442, 'tele', 1163, 1164),
(583, 442, 'tele', 1165, 1166),
(584, 442, 'tele', 1167, 1168),
(585, 442, 'tele', 1169, 1170),
(586, 442, 'tele', 1171, 1172),
(587, 442, 'tele', 1173, 1174),
(588, 442, 'tele', 1175, 1176),
(589, 442, 'tele', 1177, 1178),
(590, 442, 'tele', 1179, 1180),
(591, 442, 'tele', 1181, 1182),
(592, 442, 'tele', 1183, 1184),
(593, 436, 'auto', 1185, 1186),
(594, 436, 'tele', 1187, 1188),
(595, 436, 'tele', 1189, 1190),
(596, 436, 'tele', 1191, 1192),
(597, 436, 'tele', 1193, 1194),
(598, 428, 'tele', 1195, 1196),
(599, 417, 'tele', 1197, 1198),
(600, 417, 'tele', 1199, 1200),
(601, 417, 'tele', 1201, 1202),
(602, 417, 'tele', 1203, 1204),
(603, 417, 'tele', 1205, 1206),
(604, 417, 'tele', 1207, 1208),
(605, 417, 'tele', 1209, 1210),
(606, 417, 'tele', 1211, 1212),
(607, 417, 'tele', 1213, 1214),
(608, 410, 'auto', 1215, 1216),
(609, 410, 'tele', 1217, 1218),
(610, 410, 'tele', 1219, 1220),
(611, 410, 'tele', 1221, 1222),
(612, 410, 'tele', 1223, 1224),
(613, 410, 'tele', 1225, 1226),
(614, 410, 'tele', 1227, 1228),
(615, 410, 'tele', 1229, 1230),
(616, 410, 'tele', 1231, 1232),
(617, 836, 'auto', 1233, 1234),
(618, 836, 'auto', 1235, 1236),
(619, 836, 'tele', 1237, 1238),
(620, 836, 'tele', 1239, 1240),
(621, 836, 'tele', 1241, 1242),
(622, 836, 'tele', 1243, 1244),
(623, 836, 'tele', 1245, 1246),
(624, 831, 'auto', 1247, 1248),
(625, 831, 'tele', 1249, 1250),
(626, 831, 'tele', 1251, 1252),
(627, 831, 'tele', 1253, 1254),
(628, 831, 'tele', 1255, 1256),
(629, 831, 'tele', 1257, 1258),
(630, 831, 'tele', 1259, 1260),
(631, 831, 'tele', 1261, 1262),
(632, 828, 'auto', 1263, 1264),
(633, 828, 'auto', 1265, 1266),
(634, 828, 'tele', 1267, 1268),
(635, 828, 'tele', 1269, 1270),
(636, 828, 'tele', 1271, 1272),
(637, 828, 'tele', 1273, 1274),
(638, 828, 'tele', 1275, 1276),
(639, 828, 'tele', 1277, 1278),
(640, 828, 'tele', 1279, 1280),
(641, 824, 'auto', 1281, 1282),
(642, 824, 'auto', 1283, 1284),
(643, 824, 'tele', 1285, 1286),
(644, 824, 'tele', 1287, 1288),
(645, 824, 'tele', 1289, 1290),
(646, 824, 'tele', 1291, 1292),
(647, 824, 'tele', 1293, 1294),
(648, 824, 'tele', 1295, 1296),
(649, 820, 'auto', 1297, 1298),
(650, 820, 'tele', 1299, 1300),
(651, 820, 'tele', 1301, 1302),
(652, 820, 'tele', 1303, 1304),
(653, 820, 'tele', 1305, 1306),
(654, 820, 'tele', 1307, 1308),
(655, 820, 'tele', 1309, 1310),
(656, 820, 'tele', 1311, 1312),
(657, 325, 'auto', 1313, 1314),
(658, 325, 'tele', 1315, 1316),
(659, 325, 'tele', 1317, 1318),
(660, 325, 'tele', 1319, 1320),
(661, 325, 'tele', 1321, 1322),
(662, 325, 'tele', 1323, 1324),
(663, 325, 'tele', 1325, 1326),
(664, 321, 'auto', 1327, 1328),
(665, 321, 'tele', 1329, 1330),
(666, 321, 'tele', 1331, 1332),
(667, 321, 'tele', 1333, 1334),
(668, 321, 'tele', 1335, 1336),
(669, 321, 'tele', 1337, 1338),
(670, 319, 'auto', 1339, 1340),
(671, 319, 'tele', 1341, 1342),
(672, 319, 'tele', 1343, 1344),
(673, 319, 'tele', 1345, 1346),
(674, 319, 'tele', 1347, 1348),
(675, 319, 'tele', 1349, 1350),
(676, 319, 'tele', 1351, 1352),
(677, 319, 'tele', 1353, 1354),
(678, 316, 'auto', 1355, 1356),
(679, 316, 'tele', 1357, 1358),
(680, 316, 'tele', 1359, 1360),
(681, 316, 'tele', 1361, 1362),
(682, 316, 'tele', 1363, 1364),
(683, 316, 'tele', 1365, 1366),
(684, 313, 'auto', 1367, 1368),
(685, 313, 'tele', 1369, 1370),
(686, 313, 'tele', 1371, 1372),
(687, 313, 'tele', 1373, 1374),
(688, 313, 'tele', 1375, 1376),
(689, 754, 'auto', 1377, 1378),
(690, 754, 'tele', 1379, 1380),
(691, 754, 'tele', 1381, 1382),
(692, 754, 'tele', 1383, 1384),
(693, 754, 'tele', 1385, 1386),
(694, 754, 'tele', 1387, 1388),
(695, 754, 'tele', 1389, 1390),
(696, 754, 'tele', 1391, 1392),
(697, 754, 'tele', 1393, 1394),
(698, 754, 'tele', 1395, 1396),
(699, 754, 'tele', 1397, 1398),
(700, 748, 'tele', 1399, 1400),
(701, 748, 'tele', 1401, 1402),
(702, 748, 'tele', 1403, 1404),
(703, 748, 'tele', 1405, 1406),
(704, 748, 'tele', 1407, 1408),
(705, 748, 'tele', 1409, 1410),
(706, 748, 'tele', 1411, 1412),
(707, 748, 'tele', 1413, 1414),
(708, 743, 'tele', 1415, 1416),
(709, 743, 'tele', 1417, 1418),
(710, 743, 'tele', 1419, 1420),
(711, 743, 'tele', 1421, 1422),
(712, 743, 'tele', 1423, 1424),
(713, 743, 'tele', 1425, 1426),
(714, 743, 'tele', 1427, 1428),
(715, 743, 'tele', 1429, 1430),
(716, 743, 'tele', 1431, 1432),
(717, 735, 'auto', 1433, 1434),
(718, 735, 'tele', 1435, 1436),
(719, 735, 'tele', 1437, 1438),
(720, 735, 'tele', 1439, 1440),
(721, 735, 'tele', 1441, 1442),
(722, 735, 'tele', 1443, 1444),
(723, 735, 'tele', 1445, 1446),
(724, 735, 'tele', 1447, 1448),
(725, 735, 'tele', 1449, 1450),
(726, 735, 'tele', 1451, 1452),
(727, 735, 'tele', 1453, 1454),
(728, 727, 'tele', 1455, 1456),
(729, 727, 'tele', 1457, 1458),
(730, 727, 'tele', 1459, 1460),
(731, 727, 'tele', 1461, 1462),
(732, 727, 'tele', 1463, 1464),
(733, 727, 'tele', 1465, 1466),
(734, 727, 'tele', 1467, 1468),
(735, 727, 'tele', 1469, 1470),
(736, 385, 'auto', 1471, 1472),
(737, 385, 'tele', 1473, 1474),
(738, 385, 'tele', 1475, 1476),
(739, 385, 'tele', 1477, 1478),
(740, 385, 'tele', 1479, 1480),
(741, 385, 'tele', 1481, 1482),
(742, 385, 'tele', 1483, 1484),
(743, 385, 'tele', 1485, 1486),
(744, 385, 'tele', 1487, 1488),
(745, 385, 'tele', 1489, 1490);

-- --------------------------------------------------------

--
-- Table structure for table `matches`
--

CREATE TABLE IF NOT EXISTS `matches` (
  `id` int(11) NOT NULL AUTO_INCREMENT,
  `matchNumber` int(11) NOT NULL,
  `compID` int(11) NOT NULL,
  `lastUpdated` int(11) NOT NULL,
  `lastExported` int(11) NOT NULL,
  PRIMARY KEY (`id`),
  KEY `fk_compID` (`compID`),
  KEY `cmpMatch` (`matchNumber`,`compID`)
) ENGINE=InnoDB  DEFAULT CHARSET=latin1 AUTO_INCREMENT=825 ;

--
-- Dumping data for table `matches`
--

INSERT INTO `matches` (`id`, `matchNumber`, `compID`, `lastUpdated`, `lastExported`) VALUES
(1, 10, 1, 0, 0),
(2, 100, 1, 0, 0),
(3, 101, 1, 0, 0),
(4, 104, 1, 0, 0),
(5, 108, 1, 0, 0),
(6, 109, 1, 0, 0),
(7, 110, 1, 0, 0),
(8, 112, 1, 0, 0),
(9, 113, 1, 0, 0),
(10, 118, 1, 0, 0),
(11, 12, 1, 0, 0),
(12, 121, 1, 0, 0),
(13, 126, 1, 0, 0),
(14, 127, 1, 0, 0),
(15, 128, 1, 0, 0),
(16, 13, 1, 0, 0),
(17, 15, 1, 0, 0),
(18, 16, 1, 0, 0),
(19, 17, 1, 0, 0),
(20, 2, 1, 0, 0),
(21, 23, 1, 0, 0),
(22, 25, 1, 0, 0),
(23, 28, 1, 0, 0),
(24, 29, 1, 0, 0),
(25, 31, 1, 0, 0),
(26, 35, 1, 0, 0),
(27, 36, 1, 0, 0),
(28, 37, 1, 0, 0),
(29, 4, 1, 0, 0),
(30, 40, 1, 0, 0),
(31, 41, 1, 0, 0),
(32, 46, 1, 0, 0),
(33, 47, 1, 0, 0),
(34, 48, 1, 0, 0),
(35, 49, 1, 0, 0),
(36, 53, 1, 0, 0),
(37, 56, 1, 0, 0),
(38, 59, 1, 0, 0),
(39, 6, 1, 0, 0),
(40, 60, 1, 0, 0),
(41, 62, 1, 0, 0),
(42, 66, 1, 0, 0),
(43, 67, 1, 0, 0),
(44, 68, 1, 0, 0),
(45, 69, 1, 0, 0),
(46, 72, 1, 0, 0),
(47, 74, 1, 0, 0),
(48, 80, 1, 0, 0),
(49, 82, 1, 0, 0),
(50, 85, 1, 0, 0),
(51, 86, 1, 0, 0),
(52, 89, 1, 0, 0),
(53, 92, 1, 0, 0),
(54, 94, 1, 0, 0),
(55, 95, 1, 0, 0),
(56, 96, 1, 0, 0),
(57, 98, 1, 0, 0),
(58, 99, 1, 0, 0),
(59, 1, 3, 0, 0),
(60, 100, 3, 0, 0),
(61, 103, 3, 0, 0),
(62, 104, 3, 0, 0),
(63, 106, 3, 0, 0),
(64, 11, 3, 0, 0),
(65, 110, 3, 0, 0),
(66, 112, 3, 0, 0),
(67, 117, 3, 0, 0),
(68, 119, 3, 0, 0),
(69, 120, 3, 0, 0),
(70, 13, 3, 0, 0),
(71, 16, 3, 0, 0),
(72, 17, 3, 0, 0),
(73, 19, 3, 0, 0),
(74, 22, 3, 0, 0),
(75, 24, 3, 0, 0),
(76, 26, 3, 0, 0),
(77, 3, 3, 0, 0),
(78, 30, 3, 0, 0),
(79, 35, 3, 0, 0),
(80, 36, 3, 0, 0),
(81, 38, 3, 0, 0),
(82, 39, 3, 0, 0),
(83, 41, 3, 0, 0),
(84, 42, 3, 0, 0),
(85, 43, 3, 0, 0),
(86, 45, 3, 0, 0),
(87, 46, 3, 0, 0),
(88, 5, 3, 0, 0),
(89, 52, 3, 0, 0),
(90, 53, 3, 0, 0),
(91, 54, 3, 0, 0),
(92, 57, 3, 0, 0),
(93, 58, 3, 0, 0),
(94, 63, 3, 0, 0),
(95, 65, 3, 0, 0),
(96, 67, 3, 0, 0),
(97, 68, 3, 0, 0),
(98, 70, 3, 0, 0),
(99, 72, 3, 0, 0),
(100, 75, 3, 0, 0),
(101, 76, 3, 0, 0),
(102, 78, 3, 0, 0),
(103, 8, 3, 0, 0),
(104, 80, 3, 0, 0),
(105, 81, 3, 0, 0),
(106, 85, 3, 0, 0),
(107, 86, 3, 0, 0),
(108, 87, 3, 0, 0),
(109, 9, 3, 0, 0),
(110, 90, 3, 0, 0),
(111, 92, 3, 0, 0),
(112, 93, 3, 0, 0),
(113, 95, 3, 0, 0),
(114, 98, 3, 0, 0),
(115, 99, 3, 0, 0),
(116, 1, 4, 0, 0),
(117, 11, 4, 0, 0),
(118, 14, 4, 0, 0),
(119, 17, 4, 0, 0),
(120, 21, 4, 0, 0),
(121, 23, 4, 0, 0),
(122, 25, 4, 0, 0),
(123, 31, 4, 0, 0),
(124, 32, 4, 0, 0),
(125, 35, 4, 0, 0),
(126, 39, 4, 0, 0),
(127, 41, 4, 0, 0),
(128, 45, 4, 0, 0),
(129, 47, 4, 0, 0),
(130, 49, 4, 0, 0),
(131, 5, 4, 0, 0),
(132, 51, 4, 0, 0),
(133, 57, 4, 0, 0),
(134, 60, 4, 0, 0),
(135, 63, 4, 0, 0),
(136, 7, 4, 0, 0),
(137, 9, 4, 0, 0),
(138, 11, 5, 0, 0),
(139, 14, 5, 0, 0),
(140, 24, 5, 0, 0),
(141, 27, 5, 0, 0),
(142, 39, 5, 0, 0),
(143, 4, 5, 0, 0),
(144, 45, 5, 0, 0),
(145, 50, 5, 0, 0),
(146, 55, 5, 0, 0),
(147, 62, 5, 0, 0),
(148, 66, 5, 0, 0),
(149, 73, 5, 0, 0),
(150, 1, 6, 0, 0),
(151, 10, 6, 0, 0),
(152, 101, 6, 0, 0),
(153, 105, 6, 0, 0),
(154, 108, 6, 0, 0),
(155, 109, 6, 0, 0),
(156, 110, 6, 0, 0),
(157, 113, 6, 0, 0),
(158, 114, 6, 0, 0),
(159, 119, 6, 0, 0),
(160, 120, 6, 0, 0),
(161, 13, 6, 0, 0),
(162, 15, 6, 0, 0),
(163, 16, 6, 0, 0),
(164, 17, 6, 0, 0),
(165, 2, 6, 0, 0),
(166, 22, 6, 0, 0),
(167, 23, 6, 0, 0),
(168, 27, 6, 0, 0),
(169, 30, 6, 0, 0),
(170, 31, 6, 0, 0),
(171, 33, 6, 0, 0),
(172, 36, 6, 0, 0),
(173, 38, 6, 0, 0),
(174, 39, 6, 0, 0),
(175, 43, 6, 0, 0),
(176, 44, 6, 0, 0),
(177, 45, 6, 0, 0),
(178, 47, 6, 0, 0),
(179, 48, 6, 0, 0),
(180, 5, 6, 0, 0),
(181, 52, 6, 0, 0),
(182, 55, 6, 0, 0),
(183, 59, 6, 0, 0),
(184, 65, 6, 0, 0),
(185, 68, 6, 0, 0),
(186, 69, 6, 0, 0),
(187, 71, 6, 0, 0),
(188, 72, 6, 0, 0),
(189, 74, 6, 0, 0),
(190, 75, 6, 0, 0),
(191, 80, 6, 0, 0),
(192, 81, 6, 0, 0),
(193, 84, 6, 0, 0),
(194, 87, 6, 0, 0),
(195, 89, 6, 0, 0),
(196, 90, 6, 0, 0),
(197, 91, 6, 0, 0),
(198, 95, 6, 0, 0),
(199, 99, 6, 0, 0),
(200, 16, 7, 0, 0),
(201, 2, 7, 0, 0),
(202, 25, 7, 0, 0),
(203, 26, 7, 0, 0),
(204, 30, 7, 0, 0),
(205, 32, 7, 0, 0),
(206, 35, 7, 0, 0),
(207, 38, 7, 0, 0),
(208, 44, 7, 0, 0),
(209, 47, 7, 0, 0),
(210, 55, 7, 0, 0),
(211, 56, 7, 0, 0),
(212, 62, 7, 0, 0),
(213, 68, 7, 0, 0),
(214, 73, 7, 0, 0),
(215, 79, 7, 0, 0),
(216, 83, 7, 0, 0),
(217, 9, 7, 0, 0),
(218, 1, 8, 0, 0),
(219, 14, 8, 0, 0),
(220, 21, 8, 0, 0),
(221, 24, 8, 0, 0),
(222, 30, 8, 0, 0),
(223, 42, 8, 0, 0),
(224, 47, 8, 0, 0),
(225, 53, 8, 0, 0),
(226, 59, 8, 0, 0),
(227, 69, 8, 0, 0),
(228, 80, 8, 0, 0),
(229, 85, 8, 0, 0),
(230, 12, 9, 0, 0),
(231, 15, 9, 0, 0),
(232, 25, 9, 0, 0),
(233, 3, 9, 0, 0),
(234, 32, 9, 0, 0),
(235, 39, 9, 0, 0),
(236, 42, 9, 0, 0),
(237, 49, 9, 0, 0),
(238, 58, 9, 0, 0),
(239, 62, 9, 0, 0),
(240, 71, 9, 0, 0),
(241, 75, 9, 0, 0),
(254, 10, 11, 0, 0),
(255, 17, 11, 0, 0),
(256, 19, 11, 0, 0),
(257, 27, 11, 0, 0),
(258, 28, 11, 0, 0),
(259, 34, 11, 0, 0),
(260, 36, 11, 0, 0),
(261, 37, 11, 0, 0),
(262, 4, 11, 0, 0),
(263, 41, 11, 0, 0),
(264, 44, 11, 0, 0),
(265, 51, 11, 0, 0),
(266, 55, 11, 0, 0),
(267, 56, 11, 0, 0),
(268, 60, 11, 0, 0),
(269, 62, 11, 0, 0),
(270, 65, 11, 0, 0),
(271, 66, 11, 0, 0),
(272, 72, 11, 0, 0),
(273, 74, 11, 0, 0),
(274, 77, 11, 0, 0),
(275, 80, 11, 0, 0),
(276, 85, 11, 0, 0),
(277, 86, 11, 0, 0),
(278, 9, 11, 0, 0),
(310, 16, 14, 0, 0),
(311, 23, 14, 0, 0),
(312, 29, 14, 0, 0),
(313, 34, 14, 0, 0),
(314, 39, 14, 0, 0),
(315, 4, 14, 0, 0),
(316, 43, 14, 0, 0),
(317, 52, 14, 0, 0),
(318, 58, 14, 0, 0),
(319, 62, 14, 0, 0),
(320, 65, 14, 0, 0),
(321, 7, 14, 0, 0),
(322, 74, 14, 0, 0),
(323, 12, 15, 0, 0),
(324, 2, 15, 0, 0),
(325, 23, 15, 0, 0),
(326, 33, 15, 0, 0),
(327, 40, 15, 0, 0),
(328, 44, 15, 0, 0),
(329, 55, 15, 0, 0),
(330, 59, 15, 0, 0),
(331, 75, 15, 0, 0),
(332, 79, 15, 0, 0),
(333, 11, 16, 0, 0),
(334, 12, 16, 0, 0),
(335, 13, 16, 0, 0),
(336, 16, 16, 0, 0),
(337, 19, 16, 0, 0),
(338, 20, 16, 0, 0),
(339, 25, 16, 0, 0),
(340, 26, 16, 0, 0),
(341, 31, 16, 0, 0),
(342, 32, 16, 0, 0),
(343, 33, 16, 0, 0),
(344, 37, 16, 0, 0),
(345, 38, 16, 0, 0),
(346, 39, 16, 0, 0),
(347, 41, 16, 0, 0),
(348, 45, 16, 0, 0),
(349, 46, 16, 0, 0),
(350, 49, 16, 0, 0),
(351, 5, 16, 0, 0),
(352, 50, 16, 0, 0),
(353, 51, 16, 0, 0),
(354, 52, 16, 0, 0),
(355, 53, 16, 0, 0),
(356, 54, 16, 0, 0),
(357, 55, 16, 0, 0),
(358, 6, 16, 0, 0),
(359, 61, 16, 0, 0),
(360, 64, 16, 0, 0),
(361, 65, 16, 0, 0),
(362, 67, 16, 0, 0),
(363, 68, 16, 0, 0),
(364, 7, 16, 0, 0),
(365, 70, 16, 0, 0),
(366, 71, 16, 0, 0),
(367, 74, 16, 0, 0),
(368, 75, 16, 0, 0),
(369, 77, 16, 0, 0),
(370, 78, 16, 0, 0),
(371, 82, 16, 0, 0),
(372, 84, 16, 0, 0),
(373, 85, 16, 0, 0),
(374, 86, 16, 0, 0),
(375, 87, 16, 0, 0),
(376, 89, 16, 0, 0),
(377, 9, 16, 0, 0),
(378, 11, 17, 0, 0),
(379, 17, 17, 0, 0),
(380, 18, 17, 0, 0),
(381, 20, 17, 0, 0),
(382, 25, 17, 0, 0),
(383, 28, 17, 0, 0),
(384, 30, 17, 0, 0),
(385, 34, 17, 0, 0),
(386, 35, 17, 0, 0),
(387, 38, 17, 0, 0),
(388, 4, 17, 0, 0),
(389, 40, 17, 0, 0),
(390, 44, 17, 0, 0),
(391, 45, 17, 0, 0),
(392, 5, 17, 0, 0),
(393, 53, 17, 0, 0),
(394, 54, 17, 0, 0),
(395, 60, 17, 0, 0),
(396, 62, 17, 0, 0),
(397, 65, 17, 0, 0),
(398, 67, 17, 0, 0),
(399, 73, 17, 0, 0),
(400, 74, 17, 0, 0),
(401, 15, 18, 0, 0),
(402, 16, 18, 0, 0),
(403, 21, 18, 0, 0),
(404, 26, 18, 0, 0),
(405, 3, 18, 0, 0),
(406, 31, 18, 0, 0),
(407, 36, 18, 0, 0),
(408, 41, 18, 0, 0),
(409, 42, 18, 0, 0),
(410, 49, 18, 0, 0),
(411, 53, 18, 0, 0),
(412, 58, 18, 0, 0),
(413, 62, 18, 0, 0),
(414, 7, 18, 0, 0),
(415, 70, 18, 0, 0),
(416, 72, 18, 0, 0),
(417, 78, 18, 0, 0),
(418, 81, 18, 0, 0),
(419, 83, 18, 0, 0),
(420, 88, 18, 0, 0),
(433, 11, 20, 0, 0),
(434, 16, 20, 0, 0),
(435, 2, 20, 0, 0),
(436, 22, 20, 0, 0),
(437, 27, 20, 0, 0),
(438, 29, 20, 0, 0),
(439, 33, 20, 0, 0),
(440, 4, 20, 0, 0),
(441, 43, 20, 0, 0),
(442, 45, 20, 0, 0),
(443, 54, 20, 0, 0),
(444, 64, 20, 0, 0),
(445, 65, 20, 0, 0),
(446, 70, 20, 0, 0),
(447, 71, 20, 0, 0),
(448, 77, 20, 0, 0),
(449, 81, 20, 0, 0),
(450, 83, 20, 0, 0),
(451, 90, 20, 0, 0),
(452, 1, 21, 0, 0),
(453, 13, 21, 0, 0),
(454, 18, 21, 0, 0),
(455, 23, 21, 0, 0),
(456, 30, 21, 0, 0),
(457, 35, 21, 0, 0),
(458, 46, 21, 0, 0),
(459, 53, 21, 0, 0),
(460, 58, 21, 0, 0),
(461, 63, 21, 0, 0),
(462, 71, 21, 0, 0),
(463, 81, 21, 0, 0),
(527, 1, 24, 0, 0),
(528, 11, 24, 0, 0),
(529, 19, 24, 0, 0),
(530, 28, 24, 0, 0),
(531, 43, 24, 0, 0),
(532, 51, 24, 0, 0),
(533, 59, 24, 0, 0),
(534, 71, 24, 0, 0),
(535, 79, 24, 0, 0),
(536, 89, 24, 0, 0),
(537, 14, 25, 0, 0),
(538, 26, 25, 0, 0),
(539, 34, 25, 0, 0),
(540, 41, 25, 0, 0),
(541, 51, 25, 0, 0),
(542, 59, 25, 0, 0),
(543, 64, 25, 0, 0),
(544, 7, 25, 0, 0),
(545, 71, 25, 0, 0),
(558, 17, 27, 0, 0),
(559, 25, 27, 0, 0),
(560, 39, 27, 0, 0),
(561, 4, 27, 0, 0),
(562, 45, 27, 0, 0),
(563, 56, 27, 0, 0),
(564, 62, 27, 0, 0),
(565, 71, 27, 0, 0),
(566, 81, 27, 0, 0),
(567, 19, 28, 0, 0),
(568, 24, 28, 0, 0),
(569, 40, 28, 0, 0),
(570, 45, 28, 0, 0),
(571, 5, 28, 0, 0),
(572, 58, 28, 0, 0),
(573, 70, 28, 0, 0),
(574, 75, 28, 0, 0),
(575, 81, 28, 0, 0),
(588, 17, 27, 0, 0),
(589, 25, 27, 0, 0),
(590, 39, 27, 0, 0),
(591, 4, 27, 0, 0),
(592, 45, 27, 0, 0),
(593, 56, 27, 0, 0),
(594, 62, 27, 0, 0),
(595, 71, 27, 0, 0),
(596, 81, 27, 0, 0),
(597, 19, 28, 0, 0),
(598, 24, 28, 0, 0),
(599, 40, 28, 0, 0),
(600, 45, 28, 0, 0),
(601, 5, 28, 0, 0),
(602, 58, 28, 0, 0),
(603, 70, 28, 0, 0),
(604, 75, 28, 0, 0),
(605, 81, 28, 0, 0),
(606, 1, 22, 0, 0),
(607, 12, 22, 0, 0),
(608, 13, 22, 0, 0),
(609, 14, 22, 0, 0),
(610, 15, 22, 0, 0),
(611, 16, 22, 0, 0),
(612, 17, 22, 0, 0),
(613, 18, 22, 0, 0),
(614, 19, 22, 0, 0),
(615, 2, 22, 0, 0),
(616, 20, 22, 0, 0),
(617, 21, 22, 0, 0),
(618, 22, 22, 0, 0),
(619, 24, 22, 0, 0),
(620, 25, 22, 0, 0),
(621, 26, 22, 0, 0),
(622, 28, 22, 0, 0),
(623, 29, 22, 0, 0),
(624, 32, 22, 0, 0),
(625, 33, 22, 0, 0),
(626, 34, 22, 0, 0),
(627, 36, 22, 0, 0),
(628, 38, 22, 0, 0),
(629, 39, 22, 0, 0),
(630, 4, 22, 0, 0),
(631, 40, 22, 0, 0),
(632, 42, 22, 0, 0),
(633, 43, 22, 0, 0),
(634, 45, 22, 0, 0),
(635, 46, 22, 0, 0),
(636, 50, 22, 0, 0),
(637, 52, 22, 0, 0),
(638, 53, 22, 0, 0),
(639, 54, 22, 0, 0),
(640, 55, 22, 0, 0),
(641, 58, 22, 0, 0),
(642, 59, 22, 0, 0),
(643, 6, 22, 0, 0),
(644, 60, 22, 0, 0),
(645, 61, 22, 0, 0),
(646, 62, 22, 0, 0),
(647, 65, 22, 0, 0),
(648, 66, 22, 0, 0),
(649, 68, 22, 0, 0),
(650, 69, 22, 0, 0),
(651, 7, 22, 0, 0),
(652, 71, 22, 0, 0),
(653, 72, 22, 0, 0),
(654, 74, 22, 0, 0),
(655, 75, 22, 0, 0),
(656, 77, 22, 0, 0),
(657, 78, 22, 0, 0),
(658, 8, 22, 0, 0),
(659, 81, 22, 0, 0),
(660, 1, 26, 0, 0),
(661, 10, 26, 0, 0),
(662, 15, 26, 0, 0),
(663, 17, 26, 0, 0),
(664, 20, 26, 0, 0),
(665, 22, 26, 0, 0),
(666, 23, 26, 0, 0),
(667, 24, 26, 0, 0),
(668, 28, 26, 0, 0),
(669, 33, 26, 0, 0),
(670, 34, 26, 0, 0),
(671, 36, 26, 0, 0),
(672, 38, 26, 0, 0),
(673, 4, 26, 0, 0),
(674, 42, 26, 0, 0),
(675, 45, 26, 0, 0),
(676, 48, 26, 0, 0),
(677, 50, 26, 0, 0),
(678, 53, 26, 0, 0),
(679, 56, 26, 0, 0),
(680, 58, 26, 0, 0),
(681, 59, 26, 0, 0),
(682, 61, 26, 0, 0),
(683, 64, 26, 0, 0),
(684, 65, 26, 0, 0),
(685, 68, 26, 0, 0),
(686, 71, 26, 0, 0),
(687, 75, 26, 0, 0),
(688, 77, 26, 0, 0),
(689, 78, 26, 0, 0),
(690, 8, 26, 0, 0),
(691, 9, 26, 0, 0),
(692, 1, 12, 0, 0),
(693, 12, 12, 0, 0),
(694, 15, 12, 0, 0),
(695, 16, 12, 0, 0),
(696, 18, 12, 0, 0),
(697, 19, 12, 0, 0),
(698, 2, 12, 0, 0),
(699, 21, 12, 0, 0),
(700, 22, 12, 0, 0),
(701, 23, 12, 0, 0),
(702, 28, 12, 0, 0),
(703, 3, 12, 0, 0),
(704, 31, 12, 0, 0),
(705, 34, 12, 0, 0),
(706, 35, 12, 0, 0),
(707, 38, 12, 0, 0),
(708, 41, 12, 0, 0),
(709, 42, 12, 0, 0),
(710, 43, 12, 0, 0),
(711, 47, 12, 0, 0),
(712, 49, 12, 0, 0),
(713, 52, 12, 0, 0),
(714, 53, 12, 0, 0),
(715, 55, 12, 0, 0),
(716, 58, 12, 0, 0),
(717, 59, 12, 0, 0),
(718, 6, 12, 0, 0),
(719, 60, 12, 0, 0),
(720, 61, 12, 0, 0),
(721, 62, 12, 0, 0),
(722, 65, 12, 0, 0),
(723, 66, 12, 0, 0),
(724, 68, 12, 0, 0),
(725, 7, 12, 0, 0),
(726, 72, 12, 0, 0),
(727, 73, 12, 0, 0),
(728, 77, 12, 0, 0),
(729, 79, 12, 0, 0),
(730, 80, 12, 0, 0),
(731, 9, 12, 0, 0),
(732, 10, 23, 0, 0),
(733, 11, 23, 0, 0),
(734, 15, 23, 0, 0),
(735, 20, 23, 0, 0),
(736, 21, 23, 0, 0),
(737, 25, 23, 0, 0),
(738, 27, 23, 0, 0),
(739, 28, 23, 0, 0),
(740, 3, 23, 0, 0),
(741, 32, 23, 0, 0),
(742, 33, 23, 0, 0),
(743, 36, 23, 0, 0),
(744, 37, 23, 0, 0),
(745, 40, 23, 0, 0),
(746, 41, 23, 0, 0),
(747, 44, 23, 0, 0),
(748, 48, 23, 0, 0),
(749, 5, 23, 0, 0),
(750, 51, 23, 0, 0),
(751, 52, 23, 0, 0),
(752, 55, 23, 0, 0),
(753, 58, 23, 0, 0),
(754, 6, 23, 0, 0),
(755, 61, 23, 0, 0),
(756, 62, 23, 0, 0),
(757, 69, 23, 0, 0),
(758, 70, 23, 0, 0),
(759, 75, 23, 0, 0),
(760, 77, 23, 0, 0),
(761, 80, 23, 0, 0),
(762, 11, 29, 0, 0),
(763, 14, 29, 0, 0),
(764, 23, 29, 0, 0),
(765, 3, 29, 0, 0),
(766, 31, 29, 0, 0),
(767, 36, 29, 0, 0),
(768, 42, 29, 0, 0),
(769, 51, 29, 0, 0),
(770, 57, 29, 0, 0),
(771, 65, 29, 0, 0),
(772, 69, 29, 0, 0),
(773, 73, 29, 0, 0),
(774, 11, 19, 0, 0),
(775, 14, 19, 0, 0),
(776, 15, 19, 0, 0),
(777, 16, 19, 0, 0),
(778, 18, 19, 0, 0),
(779, 2, 19, 0, 0),
(780, 21, 19, 0, 0),
(781, 24, 19, 0, 0),
(782, 26, 19, 0, 0),
(783, 27, 19, 0, 0),
(784, 3, 19, 0, 0),
(785, 31, 19, 0, 0),
(786, 33, 19, 0, 0),
(787, 34, 19, 0, 0),
(788, 36, 19, 0, 0),
(789, 37, 19, 0, 0),
(790, 41, 19, 0, 0),
(791, 42, 19, 0, 0),
(792, 45, 19, 0, 0),
(793, 48, 19, 0, 0),
(794, 53, 19, 0, 0),
(795, 54, 19, 0, 0),
(796, 56, 19, 0, 0),
(797, 57, 19, 0, 0),
(798, 58, 19, 0, 0),
(799, 6, 19, 0, 0),
(800, 61, 19, 0, 0),
(801, 62, 19, 0, 0),
(802, 65, 19, 0, 0),
(803, 66, 19, 0, 0),
(804, 7, 19, 0, 0),
(805, 71, 19, 0, 0),
(806, 73, 19, 0, 0),
(807, 74, 19, 0, 0),
(808, 75, 19, 0, 0),
(809, 78, 19, 0, 0),
(810, 79, 19, 0, 0),
(811, 8, 19, 0, 0),
(812, 80, 19, 0, 0),
(813, 14, 10, 0, 0),
(814, 20, 10, 0, 0),
(815, 24, 10, 0, 0),
(816, 30, 10, 0, 0),
(817, 35, 10, 0, 0),
(818, 42, 10, 0, 0),
(819, 47, 10, 0, 0),
(820, 59, 10, 0, 0),
(821, 6, 10, 0, 0),
(822, 63, 10, 0, 0),
(823, 67, 10, 0, 0),
(824, 78, 10, 0, 0);

-- --------------------------------------------------------

--
-- Table structure for table `matchquestions`
--

CREATE TABLE IF NOT EXISTS `matchquestions` (
  `id` int(11) NOT NULL AUTO_INCREMENT,
  `teamMatchID` int(11) NOT NULL,
  `autoLineCrossed` tinyint(1) NOT NULL,
  `climbAttempted` tinyint(1) NOT NULL,
  `physicalClimb` tinyint(1) NOT NULL,
  `climbSuccessful` tinyint(1) NOT NULL,
  `robotsSupportAttempted` int(2) NOT NULL,
  `robotsSupported` int(2) NOT NULL,
  `climbTime` int(3) NOT NULL,
  PRIMARY KEY (`id`),
  KEY `fk_teamMatchID` (`teamMatchID`)
) ENGINE=InnoDB  DEFAULT CHARSET=latin1 AUTO_INCREMENT=95 ;

--
-- Dumping data for table `matchquestions`
--

INSERT INTO `matchquestions` (`id`, `teamMatchID`, `autoLineCrossed`, `climbAttempted`, `physicalClimb`, `climbSuccessful`, `robotsSupportAttempted`, `robotsSupported`, `climbTime`) VALUES
(12, 145, 1, 1, 1, 1, 0, 0, 24),
(13, 167, 1, 1, 1, 0, 0, 0, 13),
(14, 146, 0, 0, 0, 0, 0, 0, 0),
(15, 148, 1, 1, 1, 1, 1, 1, 7),
(16, 151, 1, 1, 1, 1, 0, 0, 18),
(17, 153, 1, 1, 1, 1, 1, 1, 7),
(18, 429, 1, 0, 1, 0, 0, 0, 0),
(19, 438, 1, 0, 1, 0, 0, 0, 0),
(20, 437, 1, 0, 1, 0, 0, 0, 0),
(21, 431, 1, 0, 1, 0, 0, 0, 0),
(22, 422, 1, 0, 1, 0, 0, 0, 0),
(23, 420, 1, 0, 1, 0, 0, 0, 0),
(24, 433, 1, 0, 1, 0, 0, 0, 0),
(25, 425, 1, 1, 1, 1, 0, 0, 7),
(26, 418, 0, 1, 0, 1, 0, 0, 7),
(27, 413, 1, 1, 1, 0, 0, 0, 10),
(28, 16, 1, 1, 1, 1, 0, 0, 12),
(29, 6, 1, 1, 1, 0, 0, 0, 15),
(30, 3, 1, 1, 1, 0, 0, 0, 16),
(31, 70, 1, 1, 1, 0, 0, 0, 10),
(32, 64, 1, 0, 1, 0, 0, 0, 0),
(33, 875, 0, 0, 0, 0, 0, 0, 0),
(34, 873, 1, 0, 1, 0, 0, 0, 0),
(35, 871, 1, 0, 1, 0, 0, 0, 0),
(36, 866, 1, 0, 1, 0, 0, 0, 0),
(37, 863, 1, 0, 1, 0, 0, 0, 0),
(38, 19, 1, 0, 1, 0, 0, 0, 0),
(39, 789, 1, 1, 1, 1, 0, 0, 16),
(40, 96, 1, 0, 1, 0, 0, 0, 0),
(41, 787, 1, 1, 1, 1, 0, 0, 33),
(42, 784, 1, 1, 1, 1, 0, 0, 36),
(43, 85, 1, 0, 1, 0, 0, 0, 0),
(44, 781, 1, 1, 1, 1, 0, 0, 12),
(45, 76, 1, 0, 1, 0, 0, 0, 0),
(46, 143, 1, 0, 1, 0, 0, 0, 0),
(47, 777, 1, 1, 1, 1, 0, 0, 19),
(48, 137, 1, 0, 1, 0, 0, 0, 0),
(49, 489, 1, 0, 1, 0, 0, 0, 0),
(50, 487, 1, 0, 1, 0, 0, 0, 0),
(51, 486, 1, 0, 1, 0, 0, 0, 0),
(52, 482, 1, 0, 1, 0, 0, 0, 0),
(53, 480, 1, 0, 1, 0, 0, 0, 0),
(54, 791, 1, 1, 1, 1, 0, 0, 7),
(55, 786, 1, 1, 1, 1, 0, 0, 8),
(56, 783, 1, 1, 1, 1, 0, 0, 7),
(57, 780, 1, 1, 1, 1, 0, 0, 13),
(58, 778, 1, 1, 1, 0, 0, 0, 8),
(59, 443, 1, 1, 1, 1, 0, 0, 22),
(60, 434, 1, 1, 1, 1, 0, 0, 11),
(61, 430, 1, 1, 1, 1, 0, 0, 29),
(62, 424, 1, 0, 1, 0, 0, 0, 0),
(63, 414, 1, 1, 1, 1, 0, 0, 16),
(64, 323, 1, 1, 1, 1, 0, 0, 21),
(65, 320, 1, 1, 1, 1, 0, 0, 14),
(66, 318, 1, 1, 1, 1, 0, 0, 14),
(67, 314, 1, 1, 1, 1, 0, 0, 25),
(68, 311, 1, 1, 1, 1, 0, 0, 29),
(69, 839, 1, 0, 1, 0, 0, 0, 0),
(70, 835, 1, 1, 1, 1, 0, 0, 13),
(71, 829, 1, 1, 1, 1, 0, 0, 10),
(72, 822, 1, 1, 1, 1, 0, 0, 19),
(73, 818, 1, 1, 1, 1, 0, 0, 16),
(74, 442, 1, 0, 1, 0, 0, 0, 0),
(75, 436, 1, 0, 1, 0, 0, 0, 0),
(76, 428, 1, 0, 1, 0, 0, 0, 0),
(77, 417, 1, 0, 1, 0, 0, 0, 0),
(78, 410, 1, 1, 1, 1, 0, 0, 9),
(79, 836, 1, 0, 1, 0, 0, 0, 0),
(80, 831, 1, 0, 1, 0, 0, 0, 0),
(81, 828, 1, 1, 1, 1, 0, 0, 10),
(82, 824, 1, 1, 1, 1, 0, 0, 9),
(83, 820, 1, 0, 1, 0, 0, 0, 0),
(84, 325, 1, 1, 1, 1, 0, 0, 15),
(85, 321, 1, 0, 1, 0, 0, 0, 0),
(86, 319, 1, 1, 1, 1, 0, 0, 15),
(87, 316, 1, 1, 1, 1, 0, 0, 10),
(88, 313, 1, 1, 1, 1, 0, 0, 18),
(89, 754, 1, 0, 1, 0, 0, 0, 0),
(90, 748, 1, 1, 1, 1, 0, 0, 15),
(91, 743, 1, 1, 1, 1, 0, 0, 13),
(92, 735, 1, 1, 1, 1, 0, 0, 19),
(93, 727, 1, 1, 1, 1, 0, 0, 15),
(94, 385, 1, 1, 1, 1, 0, 0, 10);

-- --------------------------------------------------------

--
-- Table structure for table `scouters`
--

CREATE TABLE IF NOT EXISTS `scouters` (
  `id` int(10) unsigned NOT NULL AUTO_INCREMENT,
  `name` varchar(255) DEFAULT NULL,
  PRIMARY KEY (`id`),
  UNIQUE KEY `scouters_name_unique` (`name`)
) ENGINE=InnoDB  DEFAULT CHARSET=latin1 AUTO_INCREMENT=7 ;

--
-- Dumping data for table `scouters`
--

INSERT INTO `scouters` (`id`, `name`) VALUES
(4, 'Armeen M.'),
(2, 'Billy D.'),
(5, 'Ethan C.'),
(1, 'Jay S.'),
(6, 'Matthew C.'),
(3, 'Noah B.');

-- --------------------------------------------------------

--
-- Table structure for table `teammatches`
--

CREATE TABLE IF NOT EXISTS `teammatches` (
  `id` int(11) NOT NULL AUTO_INCREMENT,
  `matchID` int(11) NOT NULL,
  `side` enum('red','blue') NOT NULL,
  `position` int(2) NOT NULL,
  `teamNumber` int(11) NOT NULL,
  `deviceID` varchar(7) DEFAULT NULL,
  `collectionStarted` tinyint(1) NOT NULL,
  `collectionEnded` tinyint(1) NOT NULL,
  `scouterID` int(11) DEFAULT NULL,
  PRIMARY KEY (`id`),
  KEY `fk_matchID` (`matchID`),
  KEY `fk_teamNumber` (`teamNumber`),
  KEY `fk_deviceID` (`deviceID`),
  KEY `fk_scouterID` (`scouterID`)
) ENGINE=InnoDB  DEFAULT CHARSET=latin1 AUTO_INCREMENT=950 ;

--
-- Dumping data for table `teammatches`
--

INSERT INTO `teammatches` (`id`, `matchID`, `side`, `position`, `teamNumber`, `deviceID`, `collectionStarted`, `collectionEnded`, `scouterID`) VALUES
(1, 1, 'blue', 3, 4557, NULL, 0, 0, NULL),
(2, 2, 'red', 1, 6328, NULL, 0, 0, NULL),
(3, 3, 'blue', 2, 58, 'yJgWJY', 1, 1, 1),
(4, 4, 'red', 1, 6329, NULL, 0, 0, NULL),
(5, 4, 'red', 3, 5422, NULL, 0, 0, NULL),
(6, 5, 'red', 3, 58, 'yJgWJY', 1, 1, 1),
(7, 6, 'blue', 3, 5422, NULL, 0, 0, NULL),
(8, 6, 'red', 2, 6329, NULL, 0, 0, NULL),
(9, 7, 'blue', 3, 6328, NULL, 0, 0, NULL),
(10, 8, 'blue', 1, 4909, NULL, 0, 0, NULL),
(11, 9, 'blue', 1, 4557, NULL, 0, 0, NULL),
(12, 10, 'blue', 3, 6328, NULL, 0, 0, NULL),
(13, 11, 'blue', 2, 6328, NULL, 0, 0, NULL),
(14, 11, 'red', 1, 5422, NULL, 0, 0, NULL),
(15, 12, 'blue', 2, 4557, NULL, 0, 0, NULL),
(16, 12, 'red', 2, 58, 'yJgWJY', 1, 1, 1),
(17, 13, 'blue', 1, 6329, NULL, 0, 0, NULL),
(18, 14, 'red', 2, 4909, NULL, 0, 0, NULL),
(19, 15, 'blue', 3, 5422, 'yJgWJY', 1, 1, 1),
(20, 16, 'blue', 1, 4909, NULL, 0, 0, NULL),
(21, 17, 'red', 3, 4557, NULL, 0, 0, NULL),
(22, 18, 'red', 2, 58, NULL, 0, 0, NULL),
(23, 19, 'blue', 1, 6329, NULL, 0, 0, NULL),
(24, 20, 'blue', 3, 4909, NULL, 0, 0, NULL),
(25, 20, 'red', 2, 6328, NULL, 0, 0, NULL),
(26, 21, 'blue', 1, 6328, NULL, 0, 0, NULL),
(27, 22, 'blue', 1, 58, NULL, 0, 0, NULL),
(28, 22, 'red', 2, 4909, NULL, 0, 0, NULL),
(29, 23, 'red', 1, 4557, NULL, 0, 0, NULL),
(30, 24, 'red', 3, 6329, NULL, 0, 0, NULL),
(31, 25, 'blue', 1, 5422, NULL, 0, 0, NULL),
(32, 26, 'blue', 3, 4909, NULL, 0, 0, NULL),
(33, 27, 'red', 2, 5422, NULL, 0, 0, NULL),
(34, 27, 'red', 3, 4557, NULL, 0, 0, NULL),
(35, 28, 'red', 3, 58, NULL, 0, 0, NULL),
(36, 29, 'blue', 3, 6329, NULL, 0, 0, NULL),
(37, 29, 'red', 2, 58, NULL, 0, 0, NULL),
(38, 30, 'red', 3, 6329, NULL, 0, 0, NULL),
(39, 31, 'red', 1, 6328, NULL, 0, 0, NULL),
(40, 32, 'blue', 1, 4557, NULL, 0, 0, NULL),
(41, 33, 'blue', 2, 5422, NULL, 0, 0, NULL),
(42, 33, 'red', 2, 4909, NULL, 0, 0, NULL),
(43, 34, 'blue', 3, 58, NULL, 0, 0, NULL),
(44, 35, 'red', 2, 6328, NULL, 0, 0, NULL),
(45, 36, 'blue', 3, 6329, NULL, 0, 0, NULL),
(46, 37, 'red', 3, 58, NULL, 0, 0, NULL),
(47, 38, 'blue', 2, 4909, NULL, 0, 0, NULL),
(48, 39, 'red', 1, 5422, NULL, 0, 0, NULL),
(49, 40, 'blue', 2, 6329, NULL, 0, 0, NULL),
(50, 40, 'red', 1, 4557, NULL, 0, 0, NULL),
(51, 40, 'red', 3, 6328, NULL, 0, 0, NULL),
(52, 41, 'red', 2, 5422, NULL, 0, 0, NULL),
(53, 42, 'red', 3, 4909, NULL, 0, 0, NULL),
(54, 43, 'red', 3, 4557, NULL, 0, 0, NULL),
(55, 44, 'blue', 1, 5422, NULL, 0, 0, NULL),
(56, 45, 'blue', 1, 58, '2DrMoX', 1, 0, 4),
(57, 46, 'blue', 3, 6328, NULL, 0, 0, NULL),
(58, 47, 'blue', 2, 6329, NULL, 0, 0, NULL),
(59, 48, 'blue', 2, 4557, NULL, 0, 0, NULL),
(60, 49, 'red', 2, 6329, NULL, 0, 0, NULL),
(61, 49, 'red', 3, 4909, NULL, 0, 0, NULL),
(62, 50, 'blue', 1, 6328, NULL, 0, 0, NULL),
(63, 50, 'blue', 3, 5422, NULL, 0, 0, NULL),
(64, 51, 'blue', 1, 58, 'yJgWJY', 1, 1, 1),
(65, 52, 'blue', 2, 4557, NULL, 0, 0, NULL),
(66, 52, 'red', 1, 4909, NULL, 0, 0, NULL),
(67, 53, 'red', 1, 6329, NULL, 0, 0, NULL),
(68, 54, 'red', 2, 6328, NULL, 0, 0, NULL),
(69, 55, 'red', 2, 5422, NULL, 0, 0, NULL),
(70, 56, 'blue', 1, 58, 'yJgWJY', 1, 1, 1),
(71, 57, 'blue', 1, 4909, NULL, 0, 0, NULL),
(72, 58, 'blue', 2, 4557, NULL, 0, 0, NULL),
(73, 59, 'red', 1, 1923, NULL, 0, 0, NULL),
(74, 60, 'blue', 2, 1923, NULL, 0, 0, NULL),
(75, 61, 'blue', 1, 303, NULL, 0, 0, NULL),
(76, 61, 'blue', 3, 2016, '64Vwqw', 1, 1, 2),
(77, 62, 'blue', 2, 6860, NULL, 0, 0, NULL),
(78, 63, 'red', 1, 1923, NULL, 0, 0, NULL),
(79, 64, 'blue', 2, 2016, NULL, 0, 0, NULL),
(80, 65, 'blue', 3, 1218, NULL, 0, 0, NULL),
(81, 65, 'red', 3, 5407, NULL, 0, 0, NULL),
(82, 66, 'blue', 3, 6860, NULL, 0, 0, NULL),
(83, 67, 'blue', 3, 303, NULL, 0, 0, NULL),
(84, 68, 'blue', 3, 5407, NULL, 0, 0, NULL),
(85, 68, 'red', 3, 2016, '64Vwqw', 1, 1, 2),
(86, 69, 'blue', 3, 1923, NULL, 0, 0, NULL),
(87, 69, 'red', 2, 1218, NULL, 0, 0, NULL),
(88, 70, 'blue', 3, 5407, NULL, 0, 0, NULL),
(89, 71, 'blue', 1, 1218, NULL, 0, 0, NULL),
(90, 72, 'red', 3, 303, NULL, 0, 0, NULL),
(91, 73, 'blue', 2, 6860, NULL, 0, 0, NULL),
(92, 73, 'blue', 3, 1923, NULL, 0, 0, NULL),
(93, 74, 'red', 2, 303, NULL, 0, 0, NULL),
(94, 75, 'red', 2, 6860, NULL, 0, 0, NULL),
(95, 76, 'red', 1, 5407, NULL, 0, 0, NULL),
(96, 77, 'red', 1, 2016, '64Vwqw', 1, 1, 2),
(97, 77, 'red', 2, 6860, NULL, 0, 0, NULL),
(98, 78, 'red', 1, 1218, NULL, 0, 0, NULL),
(99, 78, 'red', 2, 1923, NULL, 0, 0, NULL),
(100, 78, 'red', 3, 2016, NULL, 0, 0, NULL),
(101, 79, 'blue', 2, 1923, NULL, 0, 0, NULL),
(102, 79, 'red', 1, 303, NULL, 0, 0, NULL),
(103, 79, 'red', 2, 5407, NULL, 0, 0, NULL),
(104, 80, 'red', 1, 6860, NULL, 0, 0, NULL),
(105, 81, 'red', 3, 1218, NULL, 0, 0, NULL),
(106, 82, 'blue', 2, 2016, NULL, 0, 0, NULL),
(107, 83, 'red', 1, 5407, NULL, 0, 0, NULL),
(108, 84, 'red', 2, 303, NULL, 0, 0, NULL),
(109, 85, 'red', 2, 1218, NULL, 0, 0, NULL),
(110, 85, 'red', 3, 6860, NULL, 0, 0, NULL),
(111, 86, 'red', 2, 1923, NULL, 0, 0, NULL),
(112, 87, 'blue', 1, 2016, NULL, 0, 0, NULL),
(113, 88, 'blue', 3, 303, NULL, 0, 0, NULL),
(114, 89, 'blue', 3, 6860, NULL, 0, 0, NULL),
(115, 90, 'red', 2, 1218, NULL, 0, 0, NULL),
(116, 91, 'blue', 3, 1923, NULL, 0, 0, NULL),
(117, 92, 'blue', 2, 2016, NULL, 0, 0, NULL),
(118, 93, 'blue', 3, 303, NULL, 0, 0, NULL),
(119, 93, 'red', 3, 5407, NULL, 0, 0, NULL),
(120, 94, 'red', 1, 1923, NULL, 0, 0, NULL),
(121, 95, 'blue', 1, 303, NULL, 0, 0, NULL),
(122, 95, 'red', 3, 1218, NULL, 0, 0, NULL),
(123, 96, 'blue', 1, 6860, NULL, 0, 0, NULL),
(124, 97, 'red', 1, 2016, NULL, 0, 0, NULL),
(125, 98, 'blue', 1, 5407, NULL, 0, 0, NULL),
(126, 99, 'blue', 1, 1218, NULL, 0, 0, NULL),
(127, 99, 'red', 3, 6860, NULL, 0, 0, NULL),
(128, 100, 'red', 2, 5407, NULL, 0, 0, NULL),
(129, 101, 'red', 1, 1923, NULL, 0, 0, NULL),
(130, 102, 'blue', 2, 2016, NULL, 0, 0, NULL),
(131, 103, 'blue', 2, 5407, NULL, 0, 0, NULL),
(132, 104, 'blue', 1, 303, NULL, 0, 0, NULL),
(133, 105, 'blue', 1, 1218, NULL, 0, 0, NULL),
(134, 106, 'blue', 2, 5407, NULL, 0, 0, NULL),
(135, 106, 'red', 1, 6860, NULL, 0, 0, NULL),
(136, 107, 'red', 2, 303, NULL, 0, 0, NULL),
(137, 108, 'red', 3, 2016, '64Vwqw', 1, 1, 2),
(138, 109, 'red', 3, 1218, NULL, 0, 0, NULL),
(139, 110, 'blue', 3, 1923, NULL, 0, 0, NULL),
(140, 111, 'blue', 2, 1218, NULL, 0, 0, NULL),
(141, 112, 'red', 2, 303, NULL, 0, 0, NULL),
(142, 113, 'red', 1, 5407, NULL, 0, 0, NULL),
(143, 114, 'blue', 1, 2016, '64Vwqw', 1, 1, 2),
(144, 115, 'blue', 1, 6860, NULL, 0, 0, NULL),
(145, 116, 'red', 3, 447, '64Vwqw', 1, 1, 2),
(146, 117, 'red', 3, 447, '64Vwqw', 1, 1, 2),
(147, 118, 'red', 3, 868, NULL, 0, 0, NULL),
(148, 119, 'red', 3, 447, '64Vwqw', 1, 1, 2),
(149, 120, 'blue', 2, 868, NULL, 0, 0, NULL),
(150, 121, 'blue', 1, 868, NULL, 0, 0, NULL),
(151, 122, 'blue', 1, 447, '64Vwqw', 1, 1, 2),
(152, 123, 'red', 1, 868, NULL, 0, 0, NULL),
(153, 124, 'blue', 3, 447, '64Vwqw', 1, 1, 2),
(154, 125, 'red', 2, 447, NULL, 0, 0, NULL),
(155, 125, 'red', 3, 868, NULL, 0, 0, NULL),
(156, 126, 'blue', 2, 447, NULL, 0, 0, NULL),
(157, 127, 'red', 2, 868, NULL, 0, 0, NULL),
(158, 128, 'blue', 2, 868, NULL, 0, 0, NULL),
(159, 129, 'red', 1, 447, NULL, 0, 0, NULL),
(160, 130, 'blue', 2, 447, NULL, 0, 0, NULL),
(161, 131, 'blue', 1, 868, NULL, 0, 0, NULL),
(162, 132, 'red', 1, 868, NULL, 0, 0, NULL),
(163, 133, 'blue', 1, 447, NULL, 0, 0, NULL),
(164, 133, 'red', 3, 868, NULL, 0, 0, NULL),
(165, 134, 'red', 2, 868, NULL, 0, 0, NULL),
(166, 135, 'red', 2, 447, NULL, 0, 0, NULL),
(167, 136, 'blue', 1, 447, '64Vwqw', 1, 1, 2),
(168, 137, 'blue', 3, 868, NULL, 0, 0, NULL),
(169, 138, 'blue', 2, 555, NULL, 0, 0, NULL),
(170, 139, 'blue', 2, 555, NULL, 0, 0, NULL),
(171, 140, 'red', 1, 555, NULL, 0, 0, NULL),
(172, 141, 'blue', 2, 555, NULL, 0, 0, NULL),
(173, 142, 'red', 1, 555, NULL, 0, 0, NULL),
(174, 143, 'blue', 2, 555, NULL, 0, 0, NULL),
(175, 144, 'blue', 1, 555, NULL, 0, 0, NULL),
(176, 145, 'red', 3, 555, NULL, 0, 0, NULL),
(177, 146, 'red', 1, 555, NULL, 0, 0, NULL),
(178, 147, 'blue', 3, 555, NULL, 0, 0, NULL),
(179, 148, 'red', 3, 555, NULL, 0, 0, NULL),
(180, 149, 'red', 3, 555, NULL, 0, 0, NULL),
(181, 150, 'red', 1, 4541, NULL, 0, 0, NULL),
(182, 151, 'red', 1, 5724, NULL, 0, 0, NULL),
(183, 152, 'red', 1, 4541, NULL, 0, 0, NULL),
(184, 153, 'blue', 3, 5724, NULL, 0, 0, NULL),
(185, 154, 'blue', 2, 1262, NULL, 0, 0, NULL),
(186, 155, 'blue', 1, 2377, NULL, 0, 0, NULL),
(187, 156, 'red', 3, 612, NULL, 0, 0, NULL),
(188, 157, 'red', 2, 1262, NULL, 0, 0, NULL),
(189, 157, 'red', 3, 5724, NULL, 0, 0, NULL),
(190, 158, 'red', 3, 2377, NULL, 0, 0, NULL),
(191, 159, 'blue', 2, 4541, NULL, 0, 0, NULL),
(192, 160, 'red', 2, 612, NULL, 0, 0, NULL),
(193, 161, 'blue', 3, 1262, NULL, 0, 0, NULL),
(194, 161, 'red', 1, 4541, NULL, 0, 0, NULL),
(195, 162, 'red', 2, 612, NULL, 0, 0, NULL),
(196, 163, 'blue', 3, 5724, NULL, 0, 0, NULL),
(197, 164, 'blue', 2, 2377, NULL, 0, 0, NULL),
(198, 165, 'red', 3, 1262, NULL, 0, 0, NULL),
(199, 166, 'red', 2, 2377, NULL, 0, 0, NULL),
(200, 166, 'red', 3, 612, NULL, 0, 0, NULL),
(201, 167, 'red', 3, 1262, NULL, 0, 0, NULL),
(202, 168, 'blue', 1, 5724, NULL, 0, 0, NULL),
(203, 169, 'blue', 3, 4541, NULL, 0, 0, NULL),
(204, 170, 'red', 3, 1262, NULL, 0, 0, NULL),
(205, 171, 'red', 3, 2377, NULL, 0, 0, NULL),
(206, 172, 'red', 1, 4541, NULL, 0, 0, NULL),
(207, 173, 'blue', 2, 5724, NULL, 0, 0, NULL),
(208, 174, 'red', 3, 612, NULL, 0, 0, NULL),
(209, 175, 'blue', 3, 4541, NULL, 0, 0, NULL),
(210, 176, 'red', 2, 5724, NULL, 0, 0, NULL),
(211, 177, 'red', 1, 1262, NULL, 0, 0, NULL),
(212, 178, 'blue', 2, 612, NULL, 0, 0, NULL),
(213, 179, 'red', 1, 2377, NULL, 0, 0, NULL),
(214, 180, 'blue', 1, 612, NULL, 0, 0, NULL),
(215, 180, 'red', 2, 2377, NULL, 0, 0, NULL),
(216, 181, 'red', 1, 5724, NULL, 0, 0, NULL),
(217, 182, 'blue', 2, 1262, NULL, 0, 0, NULL),
(218, 182, 'blue', 3, 2377, NULL, 0, 0, NULL),
(219, 183, 'blue', 2, 4541, NULL, 0, 0, NULL),
(220, 183, 'red', 1, 612, NULL, 0, 0, NULL),
(221, 184, 'blue', 3, 5724, NULL, 0, 0, NULL),
(222, 184, 'red', 2, 2377, NULL, 0, 0, NULL),
(223, 184, 'red', 3, 4541, NULL, 0, 0, NULL),
(224, 185, 'red', 1, 1262, NULL, 0, 0, NULL),
(225, 186, 'blue', 3, 612, NULL, 0, 0, NULL),
(226, 187, 'blue', 3, 2377, NULL, 0, 0, NULL),
(227, 188, 'blue', 2, 5724, NULL, 0, 0, NULL),
(228, 189, 'blue', 2, 612, NULL, 0, 0, NULL),
(229, 190, 'blue', 2, 1262, NULL, 0, 0, NULL),
(230, 191, 'blue', 3, 4541, NULL, 0, 0, NULL),
(231, 192, 'blue', 1, 2377, NULL, 0, 0, NULL),
(232, 193, 'blue', 1, 1262, NULL, 0, 0, NULL),
(233, 194, 'red', 3, 5724, NULL, 0, 0, NULL),
(234, 195, 'red', 2, 4541, NULL, 0, 0, NULL),
(235, 196, 'blue', 2, 612, NULL, 0, 0, NULL),
(236, 197, 'blue', 1, 2377, NULL, 0, 0, NULL),
(237, 198, 'blue', 1, 5724, NULL, 0, 0, NULL),
(238, 198, 'blue', 2, 4541, NULL, 0, 0, NULL),
(239, 199, 'blue', 1, 612, NULL, 0, 0, NULL),
(240, 199, 'red', 1, 1262, NULL, 0, 0, NULL),
(241, 200, 'red', 2, 694, NULL, 0, 0, NULL),
(242, 201, 'blue', 1, 694, NULL, 0, 0, NULL),
(243, 201, 'red', 1, 1660, NULL, 0, 0, NULL),
(244, 202, 'red', 1, 1660, NULL, 0, 0, NULL),
(245, 203, 'red', 3, 694, NULL, 0, 0, NULL),
(246, 204, 'blue', 2, 694, NULL, 0, 0, NULL),
(247, 205, 'red', 2, 1660, NULL, 0, 0, NULL),
(248, 206, 'blue', 3, 694, NULL, 0, 0, NULL),
(249, 207, 'blue', 3, 1660, NULL, 0, 0, NULL),
(250, 208, 'red', 3, 694, NULL, 0, 0, NULL),
(251, 209, 'blue', 1, 1660, NULL, 0, 0, NULL),
(252, 210, 'red', 1, 694, NULL, 0, 0, NULL),
(253, 211, 'blue', 3, 1660, NULL, 0, 0, NULL),
(254, 212, 'blue', 3, 694, NULL, 0, 0, NULL),
(255, 213, 'red', 2, 1660, NULL, 0, 0, NULL),
(256, 214, 'blue', 2, 694, NULL, 0, 0, NULL),
(257, 214, 'blue', 3, 1660, NULL, 0, 0, NULL),
(258, 215, 'blue', 1, 1660, NULL, 0, 0, NULL),
(259, 216, 'red', 1, 694, NULL, 0, 0, NULL),
(260, 217, 'blue', 2, 1660, NULL, 0, 0, NULL),
(261, 218, 'blue', 3, 870, NULL, 0, 0, NULL),
(262, 219, 'blue', 2, 870, NULL, 0, 0, NULL),
(263, 220, 'red', 2, 870, NULL, 0, 0, NULL),
(264, 221, 'red', 1, 870, NULL, 0, 0, NULL),
(265, 222, 'red', 3, 870, NULL, 0, 0, NULL),
(266, 223, 'blue', 2, 870, NULL, 0, 0, NULL),
(267, 224, 'blue', 1, 870, NULL, 0, 0, NULL),
(268, 225, 'blue', 1, 870, NULL, 0, 0, NULL),
(269, 226, 'blue', 3, 870, NULL, 0, 0, NULL),
(270, 227, 'red', 3, 870, NULL, 0, 0, NULL),
(271, 228, 'red', 1, 870, NULL, 0, 0, NULL),
(272, 229, 'red', 1, 870, NULL, 0, 0, NULL),
(273, 230, 'blue', 3, 894, NULL, 0, 0, NULL),
(274, 231, 'red', 1, 894, NULL, 0, 0, NULL),
(275, 232, 'blue', 3, 894, NULL, 0, 0, NULL),
(276, 233, 'blue', 3, 894, NULL, 0, 0, NULL),
(277, 234, 'blue', 1, 894, NULL, 0, 0, NULL),
(278, 235, 'blue', 1, 894, NULL, 0, 0, NULL),
(279, 236, 'blue', 1, 894, NULL, 0, 0, NULL),
(280, 237, 'red', 2, 894, NULL, 0, 0, NULL),
(281, 238, 'red', 2, 894, NULL, 0, 0, NULL),
(282, 239, 'blue', 2, 894, NULL, 0, 0, NULL),
(283, 240, 'red', 2, 894, NULL, 0, 0, NULL),
(284, 241, 'red', 2, 894, NULL, 0, 0, NULL),
(297, 254, 'blue', 3, 2202, NULL, 0, 0, NULL),
(298, 254, 'red', 3, 4786, NULL, 0, 0, NULL),
(299, 255, 'blue', 2, 4786, NULL, 0, 0, NULL),
(300, 256, 'red', 2, 1259, NULL, 0, 0, NULL),
(301, 257, 'red', 2, 2202, NULL, 0, 0, NULL),
(302, 257, 'red', 3, 4786, NULL, 0, 0, NULL),
(303, 258, 'blue', 2, 1259, NULL, 0, 0, NULL),
(304, 259, 'red', 2, 2202, NULL, 0, 0, NULL),
(305, 260, 'red', 3, 4786, NULL, 0, 0, NULL),
(306, 261, 'red', 1, 1259, NULL, 0, 0, NULL),
(307, 262, 'blue', 3, 2202, NULL, 0, 0, NULL),
(308, 263, 'red', 2, 4786, NULL, 0, 0, NULL),
(309, 264, 'blue', 2, 2202, NULL, 0, 0, NULL),
(310, 264, 'red', 3, 1259, NULL, 0, 0, NULL),
(311, 265, 'blue', 1, 1259, 'yJgWJY', 1, 1, 1),
(312, 266, 'blue', 1, 4786, NULL, 0, 0, NULL),
(313, 266, 'red', 2, 2202, 'yJgWJY', 1, 1, 1),
(314, 267, 'red', 3, 1259, 'yJgWJY', 1, 1, 1),
(315, 268, 'blue', 2, 4786, NULL, 0, 0, NULL),
(316, 269, 'red', 1, 2202, 'yJgWJY', 1, 1, 1),
(317, 270, 'blue', 3, 4786, NULL, 0, 0, NULL),
(318, 271, 'red', 1, 1259, 'yJgWJY', 1, 1, 1),
(319, 272, 'red', 1, 2202, 'yJgWJY', 1, 1, 1),
(320, 273, 'blue', 3, 1259, 'yJgWJY', 1, 1, 1),
(321, 274, 'blue', 1, 2202, 'yJgWJY', 1, 1, 1),
(322, 275, 'blue', 1, 4786, NULL, 0, 0, NULL),
(323, 276, 'blue', 1, 1259, 'yJgWJY', 1, 1, 1),
(324, 276, 'red', 1, 4786, NULL, 0, 0, NULL),
(325, 277, 'blue', 3, 2202, 'yJgWJY', 1, 1, 1),
(326, 278, 'blue', 2, 1259, NULL, 0, 0, NULL),
(363, 310, 'blue', 2, 1493, NULL, 0, 0, NULL),
(364, 311, 'red', 2, 1493, NULL, 0, 0, NULL),
(365, 312, 'blue', 1, 1493, NULL, 0, 0, NULL),
(366, 313, 'red', 3, 1493, NULL, 0, 0, NULL),
(367, 314, 'blue', 3, 1493, NULL, 0, 0, NULL),
(368, 315, 'red', 3, 1493, NULL, 0, 0, NULL),
(369, 316, 'red', 3, 1493, NULL, 0, 0, NULL),
(370, 317, 'red', 1, 1493, NULL, 0, 0, NULL),
(371, 318, 'blue', 1, 1493, NULL, 0, 0, NULL),
(372, 319, 'blue', 3, 1493, NULL, 0, 0, NULL),
(373, 320, 'red', 2, 1493, NULL, 0, 0, NULL),
(374, 321, 'red', 2, 1493, NULL, 0, 0, NULL),
(375, 322, 'blue', 1, 1493, NULL, 0, 0, NULL),
(376, 323, 'red', 3, 1559, NULL, 0, 0, NULL),
(377, 324, 'blue', 2, 1559, NULL, 0, 0, NULL),
(378, 325, 'blue', 1, 1559, NULL, 0, 0, NULL),
(379, 326, 'blue', 2, 1559, NULL, 0, 0, NULL),
(380, 327, 'blue', 1, 1559, NULL, 0, 0, NULL),
(381, 328, 'blue', 1, 1559, NULL, 0, 0, NULL),
(382, 329, 'blue', 2, 1559, NULL, 0, 0, NULL),
(383, 330, 'red', 3, 1559, NULL, 0, 0, NULL),
(384, 331, 'red', 1, 1559, NULL, 0, 0, NULL),
(385, 332, 'red', 3, 1559, '64Vwqw', 1, 1, 2),
(386, 333, 'blue', 1, 3928, NULL, 0, 0, NULL),
(387, 334, 'red', 2, 2830, NULL, 0, 0, NULL),
(388, 334, 'red', 3, 1756, NULL, 0, 0, NULL),
(389, 335, 'blue', 1, 4011, NULL, 0, 0, NULL),
(390, 335, 'red', 2, 6237, NULL, 0, 0, NULL),
(391, 336, 'red', 2, 3381, NULL, 0, 0, NULL),
(392, 337, 'red', 2, 3928, NULL, 0, 0, NULL),
(393, 338, 'blue', 1, 1756, NULL, 0, 0, NULL),
(394, 338, 'blue', 3, 6237, NULL, 0, 0, NULL),
(395, 339, 'red', 1, 3381, NULL, 0, 0, NULL),
(396, 339, 'red', 2, 4011, NULL, 0, 0, NULL),
(397, 340, 'blue', 2, 2830, NULL, 0, 0, NULL),
(398, 341, 'red', 3, 4011, NULL, 0, 0, NULL),
(399, 342, 'blue', 2, 1756, NULL, 0, 0, NULL),
(400, 342, 'red', 3, 2830, NULL, 0, 0, NULL),
(401, 343, 'blue', 3, 6237, NULL, 0, 0, NULL),
(402, 343, 'red', 1, 3381, NULL, 0, 0, NULL),
(403, 343, 'red', 3, 3928, NULL, 0, 0, NULL),
(404, 344, 'red', 1, 4011, NULL, 0, 0, NULL),
(405, 345, 'blue', 1, 6237, NULL, 0, 0, NULL),
(406, 345, 'red', 1, 1756, NULL, 0, 0, NULL),
(407, 346, 'blue', 1, 3928, NULL, 0, 0, NULL),
(408, 347, 'blue', 1, 3381, NULL, 0, 0, NULL),
(409, 348, 'red', 1, 2830, NULL, 0, 0, NULL),
(410, 349, 'blue', 1, 4011, 'yJgWJY', 1, 1, 1),
(411, 350, 'red', 3, 1756, NULL, 0, 0, NULL),
(412, 351, 'red', 2, 1756, NULL, 0, 0, NULL),
(413, 352, 'blue', 2, 3928, 'yJgWJY', 1, 1, 1),
(414, 353, 'red', 3, 6237, 'yJgWJY', 1, 1, 1),
(415, 354, 'red', 3, 3381, NULL, 0, 0, NULL),
(416, 355, 'blue', 2, 2830, NULL, 0, 0, NULL),
(417, 356, 'blue', 3, 4011, 'yJgWJY', 1, 1, 1),
(418, 356, 'red', 3, 3928, 'yJgWJY', 1, 1, 1),
(419, 357, 'blue', 2, 1756, NULL, 0, 0, NULL),
(420, 372, 'blue', 1, 3928, 'aTrhj5', 1, 1, 1),
(421, 358, 'red', 2, 2830, NULL, 0, 0, NULL),
(422, 359, 'blue', 1, 3381, 'aTrhj5', 1, 1, 1),
(423, 359, 'blue', 3, 2830, NULL, 0, 0, NULL),
(424, 359, 'red', 1, 6237, 'yJgWJY', 1, 1, 1),
(425, 360, 'blue', 3, 3928, 'yJgWJY', 1, 1, 1),
(426, 361, 'red', 3, 2830, NULL, 0, 0, NULL),
(427, 362, 'blue', 1, 1756, NULL, 0, 0, NULL),
(428, 363, 'red', 2, 4011, 'yJgWJY', 1, 1, 1),
(429, 364, 'blue', 3, 3381, 'aTrhj5', 1, 1, 1),
(430, 365, 'red', 1, 6237, 'yJgWJY', 1, 1, 1),
(431, 365, 'red', 2, 3381, 'aTrhj5', 1, 1, 1),
(432, 366, 'blue', 3, 1756, NULL, 0, 0, NULL),
(433, 367, 'red', 2, 3928, 'yJgWJY', 1, 1, 1),
(434, 368, 'blue', 1, 6237, 'yJgWJY', 1, 1, 1),
(435, 369, 'blue', 1, 2830, NULL, 0, 0, NULL),
(436, 369, 'blue', 3, 4011, 'yJgWJY', 1, 1, 1),
(437, 370, 'blue', 3, 3381, 'aTrhj5', 1, 1, 1),
(438, 371, 'red', 2, 3381, 'aTrhj5', 1, 1, 1),
(439, 358, 'blue', 1, 3928, NULL, 0, 0, NULL),
(440, 372, 'red', 3, 1756, NULL, 0, 0, NULL),
(441, 373, 'blue', 1, 2830, NULL, 0, 0, NULL),
(442, 374, 'red', 2, 4011, 'yJgWJY', 1, 1, 1),
(443, 375, 'red', 2, 6237, 'yJgWJY', 1, 1, 1),
(444, 376, 'blue', 1, 1756, NULL, 0, 0, NULL),
(445, 377, 'red', 2, 6237, NULL, 0, 0, NULL),
(446, 377, 'red', 3, 4011, NULL, 0, 0, NULL),
(447, 378, 'blue', 2, 2081, NULL, 0, 0, NULL),
(448, 378, 'red', 1, 2220, NULL, 0, 0, NULL),
(449, 379, 'red', 2, 2220, NULL, 0, 0, NULL),
(450, 380, 'red', 3, 2081, NULL, 0, 0, NULL),
(451, 381, 'blue', 3, 2220, NULL, 0, 0, NULL),
(452, 382, 'blue', 1, 2081, NULL, 0, 0, NULL),
(453, 383, 'blue', 2, 2081, NULL, 0, 0, NULL),
(454, 384, 'red', 1, 2220, NULL, 0, 0, NULL),
(455, 385, 'red', 3, 2220, NULL, 0, 0, NULL),
(456, 386, 'red', 2, 2081, NULL, 0, 0, NULL),
(457, 387, 'blue', 3, 2220, NULL, 0, 0, NULL),
(458, 388, 'blue', 2, 2081, NULL, 0, 0, NULL),
(459, 389, 'red', 1, 2081, NULL, 0, 0, NULL),
(460, 390, 'red', 3, 2081, NULL, 0, 0, NULL),
(461, 391, 'blue', 3, 2220, NULL, 0, 0, NULL),
(462, 392, 'blue', 1, 2220, NULL, 0, 0, NULL),
(463, 393, 'red', 1, 2081, NULL, 0, 0, NULL),
(464, 394, 'blue', 2, 2220, NULL, 0, 0, NULL),
(465, 395, 'red', 3, 2081, NULL, 0, 0, NULL),
(466, 396, 'blue', 2, 2220, NULL, 0, 0, NULL),
(467, 397, 'red', 1, 2220, NULL, 0, 0, NULL),
(468, 398, 'red', 1, 2081, NULL, 0, 0, NULL),
(469, 399, 'blue', 2, 2220, NULL, 0, 0, NULL),
(470, 400, 'blue', 3, 2081, NULL, 0, 0, NULL),
(471, 401, 'blue', 1, 2177, NULL, 0, 0, NULL),
(472, 402, 'blue', 3, 2549, NULL, 0, 0, NULL),
(473, 403, 'red', 1, 2549, NULL, 0, 0, NULL),
(474, 404, 'blue', 3, 2177, NULL, 0, 0, NULL),
(475, 405, 'red', 1, 2177, NULL, 0, 0, NULL),
(476, 406, 'red', 3, 2177, NULL, 0, 0, NULL),
(477, 407, 'blue', 2, 2549, NULL, 0, 0, NULL),
(478, 408, 'red', 2, 2177, NULL, 0, 0, NULL),
(479, 409, 'blue', 3, 2549, NULL, 0, 0, NULL),
(480, 410, 'red', 3, 2549, 'yJgWJY', 1, 1, 1),
(481, 411, 'blue', 1, 2177, NULL, 0, 0, NULL),
(482, 412, 'blue', 1, 2549, 'yJgWJY', 1, 1, 1),
(483, 413, 'blue', 3, 2177, NULL, 0, 0, NULL),
(484, 414, 'blue', 2, 2549, NULL, 0, 0, NULL),
(485, 415, 'red', 2, 2177, NULL, 0, 0, NULL),
(486, 416, 'red', 3, 2549, 'yJgWJY', 1, 1, 1),
(487, 417, 'red', 1, 2549, 'yJgWJY', 1, 1, 1),
(488, 418, 'red', 2, 2177, NULL, 0, 0, NULL),
(489, 419, 'red', 2, 2549, 'yJgWJY', 1, 1, 1),
(490, 420, 'blue', 3, 2177, NULL, 0, 0, NULL),
(503, 433, 'red', 3, 5413, NULL, 0, 0, NULL),
(504, 434, 'blue', 2, 2228, NULL, 0, 0, NULL),
(505, 435, 'red', 2, 2228, NULL, 0, 0, NULL),
(506, 436, 'red', 1, 2228, NULL, 0, 0, NULL),
(507, 437, 'blue', 3, 5413, NULL, 0, 0, NULL),
(508, 438, 'red', 3, 2228, NULL, 0, 0, NULL),
(509, 439, 'blue', 1, 5413, NULL, 0, 0, NULL),
(510, 440, 'red', 2, 5413, NULL, 0, 0, NULL),
(511, 441, 'blue', 2, 5413, NULL, 0, 0, NULL),
(512, 442, 'red', 3, 2228, NULL, 0, 0, NULL),
(513, 443, 'red', 1, 2228, NULL, 0, 0, NULL),
(514, 443, 'red', 3, 5413, NULL, 0, 0, NULL),
(515, 444, 'blue', 2, 2228, NULL, 0, 0, NULL),
(516, 445, 'blue', 1, 5413, NULL, 0, 0, NULL),
(517, 446, 'red', 1, 5413, NULL, 0, 0, NULL),
(518, 447, 'blue', 1, 2228, NULL, 0, 0, NULL),
(519, 448, 'blue', 1, 2228, NULL, 0, 0, NULL),
(520, 449, 'red', 2, 5413, NULL, 0, 0, NULL),
(521, 450, 'blue', 3, 2228, NULL, 0, 0, NULL),
(522, 451, 'red', 2, 5413, NULL, 0, 0, NULL),
(523, 452, 'red', 2, 2620, NULL, 0, 0, NULL),
(524, 453, 'blue', 3, 2620, NULL, 0, 0, NULL),
(525, 454, 'red', 2, 2620, NULL, 0, 0, NULL),
(526, 455, 'red', 1, 2620, NULL, 0, 0, NULL),
(527, 456, 'blue', 1, 2620, NULL, 0, 0, NULL),
(528, 457, 'blue', 1, 2620, NULL, 0, 0, NULL),
(529, 458, 'blue', 2, 2620, NULL, 0, 0, NULL),
(530, 459, 'red', 1, 2620, NULL, 0, 0, NULL),
(531, 460, 'blue', 3, 2620, NULL, 0, 0, NULL),
(532, 461, 'blue', 3, 2620, NULL, 0, 0, NULL),
(533, 462, 'blue', 2, 2620, NULL, 0, 0, NULL),
(534, 463, 'red', 3, 2620, NULL, 0, 0, NULL),
(607, 527, 'blue', 3, 4096, NULL, 0, 0, NULL),
(608, 528, 'blue', 1, 4096, NULL, 0, 0, NULL),
(609, 529, 'red', 2, 4096, NULL, 0, 0, NULL),
(610, 530, 'red', 2, 4096, NULL, 0, 0, NULL),
(611, 531, 'blue', 3, 4096, NULL, 0, 0, NULL),
(612, 532, 'blue', 1, 4096, NULL, 0, 0, NULL),
(613, 533, 'red', 3, 4096, NULL, 0, 0, NULL),
(614, 534, 'blue', 1, 4096, NULL, 0, 0, NULL),
(615, 535, 'red', 1, 4096, NULL, 0, 0, NULL),
(616, 536, 'red', 2, 4096, NULL, 0, 0, NULL),
(617, 537, 'red', 1, 4521, NULL, 0, 0, NULL),
(618, 538, 'blue', 2, 4521, NULL, 0, 0, NULL),
(619, 539, 'red', 1, 4521, NULL, 0, 0, NULL),
(620, 540, 'red', 2, 4521, NULL, 0, 0, NULL),
(621, 541, 'blue', 3, 4521, NULL, 0, 0, NULL),
(622, 542, 'blue', 1, 4521, NULL, 0, 0, NULL),
(623, 543, 'blue', 2, 4521, NULL, 0, 0, NULL),
(624, 544, 'red', 3, 4521, NULL, 0, 0, NULL),
(625, 545, 'red', 3, 4521, NULL, 0, 0, NULL),
(638, 558, 'blue', 2, 5913, NULL, 0, 0, NULL),
(639, 559, 'blue', 3, 5913, NULL, 0, 0, NULL),
(640, 560, 'blue', 3, 5913, NULL, 0, 0, NULL),
(641, 561, 'red', 1, 5913, NULL, 0, 0, NULL),
(642, 562, 'red', 1, 5913, NULL, 0, 0, NULL),
(643, 563, 'blue', 2, 5913, NULL, 0, 0, NULL),
(644, 564, 'blue', 3, 5913, NULL, 0, 0, NULL),
(645, 565, 'red', 2, 5913, NULL, 0, 0, NULL),
(646, 566, 'red', 1, 5913, NULL, 0, 0, NULL),
(647, 567, 'blue', 1, 6968, NULL, 0, 0, NULL),
(648, 568, 'blue', 2, 6968, NULL, 0, 0, NULL),
(649, 569, 'blue', 3, 6968, NULL, 0, 0, NULL),
(650, 570, 'blue', 3, 6968, NULL, 0, 0, NULL),
(651, 571, 'red', 2, 6968, NULL, 0, 0, NULL),
(652, 572, 'red', 1, 6968, NULL, 0, 0, NULL),
(653, 573, 'red', 1, 6968, NULL, 0, 0, NULL),
(654, 574, 'blue', 3, 6968, NULL, 0, 0, NULL),
(655, 575, 'red', 3, 6968, NULL, 0, 0, NULL),
(668, 588, 'blue', 2, 5913, NULL, 0, 0, NULL),
(669, 589, 'blue', 3, 5913, NULL, 0, 0, NULL),
(670, 590, 'blue', 3, 5913, NULL, 0, 0, NULL),
(671, 591, 'red', 1, 5913, NULL, 0, 0, NULL),
(672, 592, 'red', 1, 5913, NULL, 0, 0, NULL),
(673, 593, 'blue', 2, 5913, NULL, 0, 0, NULL),
(674, 594, 'blue', 3, 5913, NULL, 0, 0, NULL),
(675, 595, 'red', 2, 5913, NULL, 0, 0, NULL),
(676, 596, 'red', 1, 5913, NULL, 0, 0, NULL),
(677, 597, 'blue', 1, 6968, NULL, 0, 0, NULL),
(678, 598, 'blue', 2, 6968, NULL, 0, 0, NULL),
(679, 599, 'blue', 3, 6968, NULL, 0, 0, NULL),
(680, 600, 'blue', 3, 6968, NULL, 0, 0, NULL),
(681, 601, 'red', 2, 6968, NULL, 0, 0, NULL),
(682, 602, 'red', 1, 6968, NULL, 0, 0, NULL),
(683, 603, 'red', 1, 6968, NULL, 0, 0, NULL),
(684, 604, 'blue', 3, 6968, NULL, 0, 0, NULL),
(685, 605, 'red', 3, 6968, NULL, 0, 0, NULL),
(686, 606, 'blue', 3, 6121, NULL, 0, 0, NULL),
(687, 607, 'blue', 3, 5216, NULL, 0, 0, NULL),
(688, 608, 'blue', 3, 4392, NULL, 0, 0, NULL),
(689, 609, 'blue', 3, 3620, NULL, 0, 0, NULL),
(690, 609, 'red', 1, 3656, NULL, 0, 0, NULL),
(691, 609, 'red', 2, 67, NULL, 0, 0, NULL),
(692, 610, 'blue', 2, 6121, NULL, 0, 0, NULL),
(693, 611, 'red', 3, 4392, NULL, 0, 0, NULL),
(694, 612, 'blue', 3, 3620, NULL, 0, 0, NULL),
(695, 613, 'red', 2, 67, NULL, 0, 0, NULL),
(696, 614, 'red', 3, 5216, NULL, 0, 0, NULL),
(697, 615, 'blue', 3, 67, NULL, 0, 0, NULL),
(698, 616, 'blue', 3, 3656, NULL, 0, 0, NULL),
(699, 617, 'blue', 3, 67, NULL, 0, 0, NULL),
(700, 618, 'red', 2, 3620, NULL, 0, 0, NULL),
(701, 619, 'blue', 3, 5216, NULL, 0, 0, NULL),
(702, 620, 'red', 1, 3656, NULL, 0, 0, NULL),
(703, 621, 'blue', 1, 4392, NULL, 0, 0, NULL),
(704, 622, 'red', 2, 6121, NULL, 0, 0, NULL),
(705, 623, 'red', 1, 3620, NULL, 0, 0, NULL),
(706, 624, 'blue', 2, 4392, NULL, 0, 0, NULL),
(707, 624, 'blue', 3, 67, NULL, 0, 0, NULL),
(708, 625, 'blue', 2, 3656, NULL, 0, 0, NULL),
(709, 626, 'red', 1, 6121, NULL, 0, 0, NULL),
(710, 626, 'red', 3, 5216, NULL, 0, 0, NULL),
(711, 627, 'blue', 2, 3620, NULL, 0, 0, NULL),
(712, 628, 'blue', 3, 3656, NULL, 0, 0, NULL),
(713, 628, 'red', 1, 67, NULL, 0, 0, NULL),
(714, 629, 'blue', 1, 6121, NULL, 0, 0, NULL),
(715, 629, 'red', 2, 5216, NULL, 0, 0, NULL),
(716, 630, 'blue', 2, 4392, NULL, 0, 0, NULL),
(717, 630, 'red', 3, 3620, NULL, 0, 0, NULL),
(718, 631, 'blue', 2, 4392, NULL, 0, 0, NULL),
(719, 632, 'blue', 2, 67, NULL, 0, 0, NULL),
(720, 633, 'blue', 1, 5216, NULL, 0, 0, NULL),
(721, 633, 'red', 3, 3656, NULL, 0, 0, NULL),
(722, 634, 'red', 1, 3620, NULL, 0, 0, NULL),
(723, 634, 'red', 2, 4392, NULL, 0, 0, NULL),
(724, 635, 'blue', 2, 6121, NULL, 0, 0, NULL),
(725, 636, 'blue', 2, 6121, NULL, 0, 0, NULL),
(726, 636, 'red', 3, 3656, NULL, 0, 0, NULL),
(727, 637, 'red', 3, 4392, '64Vwqw', 1, 1, 2),
(728, 638, 'red', 2, 67, NULL, 0, 0, NULL),
(729, 639, 'blue', 1, 5216, NULL, 0, 0, NULL),
(730, 640, 'blue', 2, 3620, NULL, 0, 0, NULL),
(731, 641, 'red', 2, 3620, NULL, 0, 0, NULL),
(732, 642, 'blue', 1, 3656, NULL, 0, 0, NULL),
(733, 643, 'blue', 2, 5216, NULL, 0, 0, NULL),
(734, 644, 'blue', 3, 6121, NULL, 0, 0, NULL),
(735, 645, 'red', 1, 4392, '64Vwqw', 1, 1, 2),
(736, 646, 'blue', 1, 5216, NULL, 0, 0, NULL),
(737, 646, 'red', 1, 67, NULL, 0, 0, NULL),
(738, 647, 'blue', 2, 3656, NULL, 0, 0, NULL),
(739, 648, 'blue', 1, 3620, NULL, 0, 0, NULL),
(740, 648, 'blue', 3, 6121, NULL, 0, 0, NULL),
(741, 648, 'red', 1, 67, NULL, 0, 0, NULL),
(742, 649, 'blue', 1, 5216, NULL, 0, 0, NULL),
(743, 650, 'blue', 1, 4392, '64Vwqw', 1, 1, 2),
(744, 650, 'red', 2, 3656, NULL, 0, 0, NULL),
(745, 651, 'blue', 1, 3656, NULL, 0, 0, NULL),
(746, 652, 'red', 1, 6121, NULL, 0, 0, NULL),
(747, 653, 'blue', 3, 3620, NULL, 0, 0, NULL),
(748, 653, 'red', 3, 4392, '64Vwqw', 1, 1, 2),
(749, 654, 'blue', 2, 67, NULL, 0, 0, NULL),
(750, 655, 'red', 2, 5216, NULL, 0, 0, NULL),
(751, 656, 'blue', 1, 3620, NULL, 0, 0, NULL),
(752, 656, 'blue', 2, 3656, NULL, 0, 0, NULL),
(753, 657, 'blue', 1, 67, NULL, 0, 0, NULL),
(754, 657, 'red', 1, 4392, '64Vwqw', 1, 1, 2),
(755, 657, 'red', 2, 5216, NULL, 0, 0, NULL),
(756, 658, 'red', 3, 6121, NULL, 0, 0, NULL),
(757, 659, 'red', 1, 6121, NULL, 0, 0, NULL),
(758, 660, 'blue', 2, 5531, NULL, 0, 0, NULL),
(759, 660, 'blue', 3, 5436, NULL, 0, 0, NULL),
(760, 661, 'red', 1, 5436, NULL, 0, 0, NULL),
(761, 662, 'blue', 1, 4776, NULL, 0, 0, NULL),
(762, 663, 'red', 1, 5436, NULL, 0, 0, NULL),
(763, 664, 'red', 3, 5531, NULL, 0, 0, NULL),
(764, 665, 'blue', 2, 4776, NULL, 0, 0, NULL),
(765, 666, 'blue', 1, 5531, NULL, 0, 0, NULL),
(766, 667, 'blue', 3, 5436, NULL, 0, 0, NULL),
(767, 668, 'blue', 1, 5531, NULL, 0, 0, NULL),
(768, 669, 'red', 1, 4776, NULL, 0, 0, NULL),
(769, 669, 'red', 2, 5436, NULL, 0, 0, NULL),
(770, 670, 'red', 3, 5531, NULL, 0, 0, NULL),
(771, 671, 'red', 2, 5436, NULL, 0, 0, NULL),
(772, 672, 'red', 3, 4776, NULL, 0, 0, NULL),
(773, 673, 'red', 3, 4776, NULL, 0, 0, NULL),
(774, 674, 'blue', 3, 4776, NULL, 0, 0, NULL),
(775, 675, 'blue', 2, 5531, NULL, 0, 0, NULL),
(776, 675, 'red', 1, 5436, NULL, 0, 0, NULL),
(777, 676, 'red', 2, 4776, 'yJgWJY', 1, 1, 1),
(778, 677, 'blue', 3, 5436, 'yJgWJY', 1, 1, 1),
(779, 678, 'red', 3, 5531, NULL, 0, 0, NULL),
(780, 679, 'blue', 3, 5436, 'yJgWJY', 1, 1, 1),
(781, 680, 'blue', 2, 4776, 'yJgWJY', 1, 1, 1),
(782, 681, 'red', 1, 5531, NULL, 0, 0, NULL),
(783, 682, 'red', 2, 5436, 'yJgWJY', 1, 1, 1),
(784, 683, 'red', 3, 4776, 'yJgWJY', 1, 1, 1),
(785, 684, 'blue', 3, 5531, NULL, 0, 0, NULL),
(786, 685, 'blue', 3, 5436, 'yJgWJY', 1, 1, 1),
(787, 686, 'blue', 1, 4776, 'yJgWJY', 1, 1, 1),
(788, 686, 'red', 1, 5531, NULL, 0, 0, NULL),
(789, 687, 'blue', 2, 4776, 'yJgWJY', 1, 1, 1),
(790, 688, 'blue', 2, 5531, NULL, 0, 0, NULL),
(791, 689, 'red', 1, 5436, 'yJgWJY', 1, 1, 1),
(792, 690, 'blue', 1, 4776, NULL, 0, 0, NULL),
(793, 691, 'blue', 2, 5531, NULL, 0, 0, NULL),
(794, 692, 'blue', 2, 2075, NULL, 0, 0, NULL),
(795, 693, 'red', 3, 2075, NULL, 0, 0, NULL),
(796, 694, 'blue', 1, 1322, NULL, 0, 0, NULL),
(797, 695, 'red', 3, 2075, NULL, 0, 0, NULL),
(798, 696, 'red', 1, 4003, NULL, 0, 0, NULL),
(799, 697, 'red', 1, 5674, NULL, 0, 0, NULL),
(800, 698, 'blue', 3, 4003, NULL, 0, 0, NULL),
(801, 699, 'blue', 1, 4003, NULL, 0, 0, NULL),
(802, 699, 'blue', 3, 2075, NULL, 0, 0, NULL),
(803, 700, 'red', 3, 5674, NULL, 0, 0, NULL),
(804, 701, 'red', 3, 1322, NULL, 0, 0, NULL),
(805, 702, 'blue', 1, 1322, NULL, 0, 0, NULL),
(806, 702, 'red', 1, 5674, NULL, 0, 0, NULL),
(807, 703, 'red', 2, 5674, NULL, 0, 0, NULL),
(808, 704, 'red', 2, 4003, NULL, 0, 0, NULL),
(809, 705, 'red', 1, 2075, NULL, 0, 0, NULL),
(810, 706, 'blue', 3, 5674, NULL, 0, 0, NULL),
(811, 707, 'blue', 2, 1322, NULL, 0, 0, NULL),
(812, 707, 'blue', 3, 4003, NULL, 0, 0, NULL),
(813, 707, 'red', 1, 2075, NULL, 0, 0, NULL),
(814, 708, 'blue', 1, 1322, NULL, 0, 0, NULL),
(815, 709, 'blue', 3, 4003, NULL, 0, 0, NULL),
(816, 709, 'red', 2, 5674, NULL, 0, 0, NULL),
(817, 710, 'blue', 1, 2075, NULL, 0, 0, NULL),
(818, 711, 'red', 1, 5674, 'yJgWJY', 1, 1, 1),
(819, 712, 'red', 2, 2075, NULL, 0, 0, NULL),
(820, 713, 'blue', 1, 4003, 'yJgWJY', 1, 1, 1),
(821, 714, 'red', 3, 1322, NULL, 0, 0, NULL),
(822, 715, 'blue', 2, 5674, 'yJgWJY', 1, 1, 1),
(823, 716, 'red', 3, 1322, NULL, 0, 0, NULL),
(824, 717, 'red', 2, 4003, 'yJgWJY', 1, 1, 1),
(825, 718, 'red', 3, 1322, NULL, 0, 0, NULL),
(826, 719, 'blue', 3, 2075, NULL, 0, 0, NULL),
(827, 720, 'blue', 2, 1322, NULL, 0, 0, NULL),
(828, 721, 'red', 1, 4003, 'yJgWJY', 1, 1, 1),
(829, 722, 'blue', 2, 5674, 'yJgWJY', 1, 1, 1),
(830, 723, 'blue', 2, 2075, NULL, 0, 0, NULL),
(831, 724, 'blue', 2, 4003, 'yJgWJY', 1, 1, 1),
(832, 725, 'red', 3, 4003, NULL, 0, 0, NULL),
(833, 726, 'blue', 1, 1322, NULL, 0, 0, NULL),
(834, 726, 'red', 2, 2075, NULL, 0, 0, NULL),
(835, 727, 'red', 3, 5674, 'yJgWJY', 1, 1, 1),
(836, 728, 'red', 2, 4003, 'yJgWJY', 1, 1, 1),
(837, 729, 'red', 1, 2075, NULL, 0, 0, NULL),
(838, 729, 'red', 2, 1322, NULL, 0, 0, NULL),
(839, 730, 'blue', 3, 5674, 'yJgWJY', 1, 1, 1),
(840, 731, 'blue', 1, 5674, NULL, 0, 0, NULL),
(841, 731, 'blue', 2, 1322, NULL, 0, 0, NULL),
(842, 732, 'red', 3, 3767, NULL, 0, 0, NULL),
(843, 733, 'blue', 3, 4237, NULL, 0, 0, NULL),
(844, 733, 'red', 1, 3618, NULL, 0, 0, NULL),
(845, 734, 'blue', 3, 3767, NULL, 0, 0, NULL),
(846, 734, 'red', 1, 3618, NULL, 0, 0, NULL),
(847, 735, 'red', 3, 4237, NULL, 0, 0, NULL),
(848, 736, 'blue', 1, 3618, NULL, 0, 0, NULL),
(849, 737, 'red', 1, 4237, NULL, 0, 0, NULL),
(850, 738, 'red', 3, 3767, NULL, 0, 0, NULL),
(851, 739, 'red', 3, 4237, NULL, 0, 0, NULL),
(852, 740, 'red', 2, 4237, NULL, 0, 0, NULL),
(853, 741, 'red', 1, 3618, NULL, 0, 0, NULL),
(854, 742, 'blue', 2, 3767, NULL, 0, 0, NULL),
(855, 743, 'red', 3, 3618, NULL, 0, 0, NULL),
(856, 744, 'blue', 1, 3767, NULL, 0, 0, NULL),
(857, 745, 'blue', 1, 4237, NULL, 0, 0, NULL),
(858, 746, 'red', 2, 3618, NULL, 0, 0, NULL),
(859, 747, 'blue', 1, 3767, NULL, 0, 0, NULL),
(860, 747, 'blue', 2, 4237, NULL, 0, 0, NULL),
(861, 748, 'red', 1, 4237, NULL, 0, 0, NULL),
(862, 749, 'red', 2, 3767, NULL, 0, 0, NULL),
(863, 750, 'blue', 2, 3618, 'yJgWJY', 1, 1, 1),
(864, 751, 'red', 1, 3767, NULL, 0, 0, NULL),
(865, 752, 'blue', 1, 4237, NULL, 0, 0, NULL),
(866, 752, 'blue', 2, 3618, 'yJgWJY', 1, 1, 1),
(867, 753, 'red', 2, 3767, NULL, 0, 0, NULL),
(868, 754, 'blue', 3, 3618, NULL, 0, 0, NULL),
(869, 755, 'blue', 2, 4237, NULL, 0, 0, NULL),
(870, 755, 'red', 3, 3767, NULL, 0, 0, NULL),
(871, 756, 'red', 3, 3618, 'yJgWJY', 1, 1, 1),
(872, 757, 'blue', 2, 3767, NULL, 0, 0, NULL),
(873, 757, 'blue', 3, 3618, 'yJgWJY', 1, 1, 1),
(874, 758, 'red', 3, 4237, NULL, 0, 0, NULL),
(875, 759, 'blue', 2, 3618, 'yJgWJY', 1, 1, 1),
(876, 760, 'blue', 1, 3767, NULL, 0, 0, NULL),
(877, 761, 'blue', 2, 4237, NULL, 0, 0, NULL),
(878, 762, 'blue', 2, 7160, NULL, 0, 0, NULL),
(879, 763, 'blue', 1, 7160, NULL, 0, 0, NULL),
(880, 764, 'blue', 2, 7160, NULL, 0, 0, NULL),
(881, 765, 'blue', 2, 7160, NULL, 0, 0, NULL),
(882, 766, 'red', 1, 7160, NULL, 0, 0, NULL),
(883, 767, 'red', 3, 7160, NULL, 0, 0, NULL),
(884, 768, 'blue', 3, 7160, NULL, 0, 0, NULL),
(885, 769, 'red', 3, 7160, NULL, 0, 0, NULL),
(886, 770, 'red', 2, 7160, NULL, 0, 0, NULL),
(887, 771, 'blue', 3, 7160, NULL, 0, 0, NULL),
(888, 772, 'red', 1, 7160, NULL, 0, 0, NULL),
(889, 773, 'red', 1, 7160, NULL, 0, 0, NULL),
(890, 774, 'red', 1, 7329, NULL, 0, 0, NULL),
(891, 774, 'red', 2, 1325, NULL, 0, 0, NULL),
(892, 775, 'red', 3, 2200, NULL, 0, 0, NULL),
(893, 776, 'blue', 3, 6875, NULL, 0, 0, NULL),
(894, 777, 'blue', 3, 1325, NULL, 0, 0, NULL),
(895, 778, 'red', 2, 7329, NULL, 0, 0, NULL),
(896, 779, 'red', 3, 6875, NULL, 0, 0, NULL),
(897, 780, 'red', 1, 1325, NULL, 0, 0, NULL),
(898, 780, 'red', 3, 2200, NULL, 0, 0, NULL),
(899, 781, 'blue', 2, 6875, NULL, 0, 0, NULL),
(900, 782, 'blue', 3, 7329, NULL, 0, 0, NULL),
(901, 783, 'red', 3, 1325, NULL, 0, 0, NULL),
(902, 784, 'blue', 3, 2200, NULL, 0, 0, NULL),
(903, 785, 'blue', 1, 7329, NULL, 0, 0, NULL),
(904, 785, 'blue', 2, 2200, NULL, 0, 0, NULL),
(905, 786, 'blue', 3, 6875, NULL, 0, 0, NULL),
(906, 787, 'red', 2, 2200, NULL, 0, 0, NULL),
(907, 788, 'blue', 1, 1325, NULL, 0, 0, NULL),
(908, 788, 'red', 2, 6875, NULL, 0, 0, NULL),
(909, 789, 'red', 1, 7329, NULL, 0, 0, NULL),
(910, 790, 'red', 1, 6875, NULL, 0, 0, NULL),
(911, 790, 'red', 3, 7329, NULL, 0, 0, NULL),
(912, 791, 'red', 2, 2200, NULL, 0, 0, NULL),
(913, 792, 'red', 2, 1325, NULL, 0, 0, NULL),
(914, 793, 'blue', 1, 6875, NULL, 0, 0, NULL),
(915, 793, 'red', 2, 7329, NULL, 0, 0, NULL),
(916, 794, 'blue', 1, 2200, NULL, 0, 0, NULL),
(917, 794, 'red', 3, 1325, NULL, 0, 0, NULL),
(918, 795, 'blue', 2, 7329, NULL, 0, 0, NULL),
(919, 796, 'blue', 1, 1325, NULL, 0, 0, NULL),
(920, 797, 'blue', 3, 2200, NULL, 0, 0, NULL),
(921, 798, 'blue', 2, 6875, NULL, 0, 0, NULL),
(922, 799, 'blue', 3, 7329, NULL, 0, 0, NULL),
(923, 800, 'blue', 3, 6875, NULL, 0, 0, NULL),
(924, 801, 'blue', 2, 1325, NULL, 0, 0, NULL),
(925, 802, 'blue', 2, 7329, NULL, 0, 0, NULL),
(926, 803, 'red', 1, 2200, NULL, 0, 0, NULL),
(927, 804, 'blue', 1, 1325, NULL, 0, 0, NULL),
(928, 805, 'red', 1, 7329, NULL, 0, 0, NULL),
(929, 806, 'blue', 1, 2200, NULL, 0, 0, NULL),
(930, 806, 'red', 3, 1325, NULL, 0, 0, NULL),
(931, 807, 'red', 1, 6875, NULL, 0, 0, NULL),
(932, 808, 'red', 2, 7329, NULL, 0, 0, NULL),
(933, 809, 'red', 2, 2200, NULL, 0, 0, NULL),
(934, 810, 'red', 2, 6875, NULL, 0, 0, NULL),
(935, 811, 'blue', 1, 2200, NULL, 0, 0, NULL),
(936, 811, 'red', 1, 6875, NULL, 0, 0, NULL),
(937, 812, 'blue', 3, 1325, NULL, 0, 0, NULL),
(938, 813, 'red', 1, 1114, NULL, 0, 0, NULL),
(939, 814, 'red', 1, 1114, NULL, 0, 0, NULL),
(940, 815, 'blue', 2, 1114, NULL, 0, 0, NULL),
(941, 816, 'red', 2, 1114, NULL, 0, 0, NULL),
(942, 817, 'blue', 2, 1114, NULL, 0, 0, NULL),
(943, 818, 'blue', 1, 1114, NULL, 0, 0, NULL),
(944, 819, 'blue', 3, 1114, NULL, 0, 0, NULL),
(945, 820, 'red', 1, 1114, NULL, 0, 0, NULL),
(946, 821, 'red', 2, 1114, NULL, 0, 0, NULL),
(947, 822, 'red', 3, 1114, NULL, 0, 0, NULL),
(948, 823, 'red', 3, 1114, NULL, 0, 0, NULL),
(949, 824, 'blue', 3, 1114, NULL, 0, 0, NULL);

-- --------------------------------------------------------

--
-- Table structure for table `teams`
--

CREATE TABLE IF NOT EXISTS `teams` (
  `teamNumber` int(11) NOT NULL,
  `teamName` varchar(255) NOT NULL,
  PRIMARY KEY (`teamNumber`)
) ENGINE=InnoDB DEFAULT CHARSET=latin1;

--
-- Dumping data for table `teams`
--

INSERT INTO `teams` (`teamNumber`, `teamName`) VALUES
(58, 'The Riot Crew'),
(67, 'The HOT Team'),
(303, 'The T.E.S.T. Team'),
(447, 'Team Roboto'),
(555, 'Montclair Robotics'),
(612, 'Chantilly Robotics'),
(694, 'StuyPulse'),
(868, 'TechHOUNDS'),
(870, 'TEAM R. I. C. E.'),
(894, 'The POWER CHARGERS'),
(1114, 'Simbotics'),
(1218, 'Vulcan Robotics'),
(1259, 'Paradigm Shift'),
(1262, 'the STAGS'),
(1322, 'Genesee Robotics Area Youth Team (GRAYT)'),
(1325, 'Inverse Paradox'),
(1493, 'Falcons'),
(1559, 'Devil Tech'),
(1660, 'Harlem Knights'),
(1756, 'Argos'),
(1923, 'The MidKnight Inventors'),
(2016, 'Mighty Monkey Wrenches'),
(2075, 'Enigma Robotics'),
(2081, 'Icarus'),
(2177, 'The Robettes'),
(2200, 'MMRambotics'),
(2202, 'BEAST Robotics'),
(2220, 'Blue Twilight'),
(2228, 'CougarTech'),
(2377, 'C Company'),
(2549, 'Millerbots'),
(2620, 'Titans'),
(2830, 'Riverside RoboTigers'),
(3381, 'Droid Rage'),
(3618, 'Petoskey Paladins'),
(3620, 'Average Joes'),
(3656, 'Dreadbots'),
(3767, 'Titan Robotics'),
(3928, 'Team Neutrino'),
(4003, 'TriSonics'),
(4011, 'Pi Robotics'),
(4096, 'Ctrl-Z'),
(4237, 'Team Lance-A-Bot'),
(4392, 'The Deceivers'),
(4521, 'Harrison Robotics'),
(4541, 'CAV-ineers'),
(4557, 'FullMetal Falcons'),
(4776, 'S.C.O.T.S. Bots'),
(4786, 'Nicolet FEAR'),
(4909, 'Bionics'),
(5216, 'E-Ville Empire'),
(5407, 'Wolfpack Robotics'),
(5413, 'Stellar Robotics'),
(5422, 'Stormgears FRC'),
(5436, 'Cyber Cats'),
(5531, 'Orange Crush'),
(5674, 'The Gearhounds'),
(5724, 'Spartan Robotics'),
(5913, 'Patriotics'),
(6121, 'Robo Vikes'),
(6237, 'Martin Motion'),
(6328, 'Mechanical Advantage'),
(6329, 'The Bucks'' Wrath'),
(6860, 'Equitum Robotics'),
(6875, 'Build A Dream Robotics - Amazon Warriors'),
(6968, 'Team Pi'),
(7160, 'Ludington O'' Bots'),
(7329, 'The Afghan Dreamers');

--
-- Constraints for dumped tables
--

--
-- Constraints for table `matchcycles`
--
ALTER TABLE `matchcycles`
  ADD CONSTRAINT `fk_teamMatchID` FOREIGN KEY (`teamMatchID`) REFERENCES `teammatches` (`id`);

--
-- Constraints for table `matches`
--
ALTER TABLE `matches`
  ADD CONSTRAINT `fk_compID` FOREIGN KEY (`compID`) REFERENCES `competitions` (`id`);

--
-- Constraints for table `matchquestions`
--
ALTER TABLE `matchquestions`
  ADD CONSTRAINT `fk_teamMatchID2` FOREIGN KEY (`teamMatchID`) REFERENCES `teammatches` (`id`);

--
-- Constraints for table `teammatches`
--
ALTER TABLE `teammatches`
  ADD CONSTRAINT `fk_deviceID` FOREIGN KEY (`deviceID`) REFERENCES `devices` (`deviceID`),
  ADD CONSTRAINT `fk_matchID` FOREIGN KEY (`matchID`) REFERENCES `matches` (`id`),
  ADD CONSTRAINT `fk_teamNumber` FOREIGN KEY (`teamNumber`) REFERENCES `teams` (`teamNumber`);

/*!40101 SET CHARACTER_SET_CLIENT=@OLD_CHARACTER_SET_CLIENT */;
/*!40101 SET CHARACTER_SET_RESULTS=@OLD_CHARACTER_SET_RESULTS */;
/*!40101 SET COLLATION_CONNECTION=@OLD_COLLATION_CONNECTION */;
